month,trade_id,entry_bar,exit_bar,entry_time,exit_time,entry_price,exit_price,direction,stop_usd,target_usd,soft_sl,soft_sl_active,exit_reason,hold_secs,pnl_gross_usd,fee_usd,pnl_net_usd,qty_btc,source,fvg_direction,vwap_at_entry,sigma_at_entry,k_sigma,order_k_sigma,window_secs
2025-04,1,615580,615674,2025-04-08T06:06:52+00:00,2025-04-08T06:08:26+00:00,79560.1388998214,79510.1388998214,1,50.0,200.0,,False,sl,94.0,-0.05,0.07953513889982139,-0.12953513889982138,0.001,vwap_inversion_flip,-1,79687.5527728165,94.0675770179155,1.3544929829631078,1.5,3600
2025-04,2,615581,615907,2025-04-08T06:06:53+00:00,2025-04-08T06:12:20+00:00,79547.0889156784,79497.0889156784,1,50.0,200.0,,False,sl,327.0,-0.05,0.0795220889156784,-0.1295220889156784,0.001,vwap_inversion_flip,-1,79687.49089739085,94.04320018765124,1.4929519777325275,1.5,3600
2025-04,3,685130,685130,2025-04-09T01:30:45+00:00,2025-04-09T01:30:45+00:00,75044.68935409772,74994.68935409772,1,50.0,200.0,,False,sl,0.0,-0.05,0.07501968935409772,-0.12501968935409774,0.001,vwap_inversion_flip,-1,75512.25084340633,627.3436188802056,0.7453036505626751,1.5,3600
2025-04,4,725382,725782,2025-04-09T12:42:17+00:00,2025-04-09T12:48:57+00:00,76486.2187481726,76536.2187481726,-1,50.0,200.0,,False,sl,400.0,-0.05,0.0765112187481726,-0.12651121874817262,0.001,vwap_inversion_flip,1,76209.99862025431,186.89536178556136,1.477939983525216,1.5,3600
2025-04,5,728775,728776,2025-04-09T13:38:50+00:00,2025-04-09T13:38:51+00:00,77304.06334072269,77354.06334072269,-1,50.0,200.0,,False,sl,1.0,-0.05,0.07732906334072269,-0.1273290633407227,0.001,vwap_inversion_flip,1,76955.67124412366,268.63041011388765,1.2969197956825602,1.5,3600
2025-04,6,728777,728786,2025-04-09T13:38:52+00:00,2025-04-09T13:39:01+00:00,77359.55426194565,77409.55426194565,-1,50.0,200.0,,False,sl,9.0,-0.05,0.07738455426194565,-0.12738455426194567,0.001,vwap_inversion_flip,1,76956.6069116805,268.38029319900545,1.5014043895032374,1.5,3600
2025-04,7,728810,728812,2025-04-09T13:39:25+00:00,2025-04-09T13:39:27+00:00,77495.83967647141,77545.83967647141,-1,50.0,200.0,,False,sl,2.0,-0.05,0.07752083967647141,-0.12752083967647143,0.001,vwap_inversion_flip,1,76967.66073979183,268.7540230759746,1.9652875541523471,2.0,3600
2025-04,8,728812,728813,2025-04-09T13:39:27+00:00,2025-04-09T13:39:28+00:00,77531.76701304369,77581.76701304369,-1,50.0,200.0,,False,sl,1.0,-0.05,0.0775567670130437,-0.1275567670130437,0.001,vwap_inversion_flip,1,76969.462477674,269.8676532775986,2.0836307298795878,2.0,3600
2025-04,9,730459,730499,2025-04-09T14:06:54+00:00,2025-04-09T14:07:34+00:00,77668.84090019642,77468.84090019642,-1,50.0,200.0,,False,tp,40.0,0.2,0.07756884090019642,0.1224311590998036,0.001,vwap_initial,-1,77424.12195488984,390.31639379374917,0.6269758308842507,1.5,3600
2025-04,10,733838,733838,2025-04-09T15:03:13+00:00,2025-04-09T15:03:13+00:00,76969.67605359326,76919.67605359326,1,50.0,200.0,,False,sl,0.0,-0.05,0.07694467605359326,-0.12694467605359328,0.001,vwap_inversion_flip,-1,77429.27635536077,306.534068356986,1.4993449316448086,1.5,3600
2025-04,11,738030,738030,2025-04-09T16:13:08+00:00,2025-04-09T16:13:08+00:00,77603.30300850111,77653.30300850111,-1,50.0,200.0,,False,sl,0.0,-0.05,0.07762830300850113,-0.12762830300850114,0.001,vwap_inversion_flip,1,77369.37494757844,156.133906029538,1.4982527938448837,1.5,3600
2025-04,12,738030,738034,2025-04-09T16:13:08+00:00,2025-04-09T16:13:12+00:00,77681.31678910424,77731.31678910424,-1,50.0,200.0,,False,sl,4.0,-0.05,0.07770631678910424,-0.12770631678910424,0.001,vwap_inversion_flip,1,77369.37494757844,156.133906029538,1.9979122373764389,2.0,3600
2025-04,13,738038,738104,2025-04-09T16:13:16+00:00,2025-04-09T16:14:22+00:00,77759.33056970737,77809.33056970737,-1,50.0,200.0,,False,sl,66.0,-0.05,0.07778433056970736,-0.12778433056970737,0.001,vwap_inversion_flip,1,77370.87939258062,157.65456400543513,2.463938672358072,2.5,3600
2025-04,14,740459,740461,2025-04-09T16:53:39+00:00,2025-04-09T16:53:41+00:00,77907.214846702,77957.214846702,-1,50.0,200.0,,False,sl,2.0,-0.05,0.07793221484670201,-0.12793221484670203,0.001,vwap_initial,-1,77656.62137160506,250.7016477527938,0.9995685203634795,1.5,3600
2025-04,15,740487,740584,2025-04-09T16:54:07+00:00,2025-04-09T16:55:44+00:00,78032.67384323424,78082.67384323424,-1,50.0,200.0,,False,sl,97.0,-0.05,0.07805767384323424,-0.12805767384323424,0.001,vwap_initial,-1,77659.68325646393,250.93089578437483,1.4864275106673859,1.5,3600
2025-04,16,741299,741299,2025-04-09T17:07:39+00:00,2025-04-09T17:07:39+00:00,78164.01199792887,78214.01199792887,-1,50.0,200.0,,False,sl,0.0,-0.05,0.07818901199792888,-0.12818901199792887,0.001,vwap_initial,-1,78051.93245763413,402.51839187236465,0.27844576187783265,1.5,3600
2025-04,17,741305,741309,2025-04-09T17:07:45+00:00,2025-04-09T17:07:49+00:00,78377.82445531535,78427.82445531535,-1,50.0,200.0,,False,sl,4.0,-0.05,0.07840282445531535,-0.12840282445531537,0.001,vwap_initial,-1,78052.96193183264,402.1077059152876,0.8078992735124157,2.0,3600
2025-04,18,741973,741990,2025-04-09T17:18:53+00:00,2025-04-09T17:19:10+00:00,77641.34774859628,77841.34774859628,1,50.0,200.0,,False,tp,17.0,0.2,0.07774134774859628,0.12225865225140373,0.001,vwap_inversion_flip,-1,78149.55349320859,358.6501956635046,1.4169955872242705,1.5,3600
2025-04,19,742003,742003,2025-04-09T17:19:23+00:00,2025-04-09T17:19:23+00:00,78233.19521565476,78283.19521565476,-1,50.0,200.0,,False,sl,0.0,-0.05,0.07825819521565476,-0.12825819521565476,0.001,vwap_inversion_flip,1,78127.32592435513,356.0882747504056,0.29731192742541523,1.5,3600
2025-04,20,742004,742004,2025-04-09T17:19:24+00:00,2025-04-09T17:19:24+00:00,78449.37804278375,78499.37804278375,-1,50.0,200.0,,False,sl,0.0,-0.05,0.07847437804278376,-0.12847437804278378,0.001,vwap_inversion_flip,1,78133.52571864463,356.67918451548974,0.885536184479547,2.0,3600
2025-04,21,742014,742020,2025-04-09T17:19:34+00:00,2025-04-09T17:19:40+00:00,78661.56854834303,78711.56854834303,-1,50.0,200.0,,False,sl,6.0,-0.05,0.07868656854834304,-0.12868656854834304,0.001,vwap_inversion_flip,1,78150.67696801969,359.41902700681254,1.4214372137668043,1.5,3600
2025-04,22,742014,742021,2025-04-09T17:19:34+00:00,2025-04-09T17:19:41+00:00,78665.56086991272,78715.56086991272,-1,50.0,200.0,,False,sl,7.0,-0.05,0.07869056086991272,-0.1286905608699127,0.001,vwap_inversion_flip,1,78150.67696801969,359.41902700681254,1.432544921677925,2.5,3600
2025-04,23,742025,742026,2025-04-09T17:19:45+00:00,2025-04-09T17:19:46+00:00,78839.85046286514,78889.85046286514,-1,50.0,200.0,,False,sl,1.0,-0.05,0.07886485046286515,-0.12886485046286517,0.001,vwap_inversion_flip,1,78178.9581154564,372.1610757732292,1.7758234012937306,2.0,3600
2025-04,24,742025,742031,2025-04-09T17:19:45+00:00,2025-04-09T17:19:51+00:00,78881.7436970417,78931.7436970417,-1,50.0,200.0,,False,sl,6.0,-0.05,0.0789067436970417,-0.1289067436970417,0.001,vwap_inversion_flip,1,78178.9581154564,372.1610757732292,1.8883908805485687,3.0,3600
2025-04,25,742033,742034,2025-04-09T17:19:53+00:00,2025-04-09T17:19:54+00:00,79018.13237738724,79068.13237738724,-1,50.0,200.0,,False,sl,1.0,-0.05,0.07904313237738723,-0.12904313237738724,0.001,vwap_inversion_flip,1,78215.72494556954,397.0796111664658,2.0207721808242414,2.5,3600
2025-04,26,742035,742038,2025-04-09T17:19:55+00:00,2025-04-09T17:19:58+00:00,79097.92652417069,78897.92652417069,-1,50.0,200.0,,False,tp,3.0,0.2,0.07899792652417069,0.12100207347582932,0.001,vwap_inversion_flip,1,78230.2434907499,408.06562516189393,2.126332089542096,3.5,3600
2025-04,27,746091,746091,2025-04-09T18:27:31+00:00,2025-04-09T18:27:31+00:00,82542.84861234827,82592.84861234827,-1,50.0,200.0,,False,sl,0.0,-0.05,0.08256784861234827,-0.13256784861234827,0.001,vwap_inversion_flip,1,81698.98526039088,562.808216465437,1.499379943770269,1.5,3600
2025-04,28,746122,746138,2025-04-09T18:28:02+00:00,2025-04-09T18:28:18+00:00,82789.35010528423,82589.35010528423,-1,50.0,200.0,,False,tp,16.0,0.2,0.08268935010528423,0.11731064989471578,0.001,vwap_inversion_flip,1,81713.96900808638,562.8284238650974,1.9106730427950234,1.5,3600
2025-04,29,755734,755739,2025-04-09T21:08:16+00:00,2025-04-09T21:08:21+00:00,83262.92305836406,83312.92305836406,-1,50.0,200.0,,False,sl,5.0,-0.05,0.08328792305836406,-0.13328792305836407,0.001,vwap_inversion_flip,1,82707.62182717354,411.7801316915865,1.348538184465942,1.5,3600
2025-04,30,755739,755845,2025-04-09T21:08:21+00:00,2025-04-09T21:10:07+00:00,83316.74747166372,83366.74747166372,-1,50.0,200.0,,False,sl,106.0,-0.05,0.08334174747166373,-0.13334174747166372,0.001,vwap_inversion_flip,1,82709.57449489302,412.2520142526776,1.4728199154378214,1.5,3600
2025-04,31,757369,757375,2025-04-09T21:35:31+00:00,2025-04-09T21:35:37+00:00,83083.62252904073,83133.62252904073,-1,50.0,200.0,,False,sl,6.0,-0.05,0.08310862252904073,-0.13310862252904074,0.001,vwap_inversion_flip,1,83066.05281187373,295.3184870101533,0.05949413240221389,1.5,3600
2025-04,32,814580,814584,2025-04-10T13:31:47+00:00,2025-04-10T13:31:51+00:00,81488.38723678967,81438.38723678967,1,50.0,200.0,,False,sl,4.0,-0.05,0.08146338723678967,-0.13146338723678969,0.001,vwap_inversion_flip,-1,81760.84691367933,199.85150411735972,1.3633106145133702,1.5,3600
2025-04,33,814582,814587,2025-04-10T13:31:49+00:00,2025-04-10T13:31:54+00:00,81464.15157196949,81414.15157196949,1,50.0,200.0,,False,sl,5.0,-0.05,0.08143915157196949,-0.1314391515719695,0.001,vwap_inversion_flip,-1,81757.67258422865,198.6445361744093,1.4776193592430678,1.5,3600
2025-04,35,814595,814654,2025-04-10T13:32:02+00:00,2025-04-10T13:33:01+00:00,81362.15792997609,81562.15792997609,1,50.0,200.0,,False,tp,59.0,0.2,0.0814621579299761,0.11853784207002391,0.001,vwap_inversion_flip,-1,81742.39690408648,199.91354922912623,1.902017024741937,2.0,3600
2025-04,34,814593,814729,2025-04-10T13:32:00+00:00,2025-04-10T13:34:16+00:00,81373.52634002586,81573.52634002586,1,50.0,200.0,,False,tp,136.0,0.2,0.08147352634002586,0.11852647365997415,0.001,vwap_inversion_flip,-1,81746.39859309244,198.62393929737215,1.8772775043411742,2.0,3600
2025-04,36,825033,825036,2025-04-10T16:26:01+00:00,2025-04-10T16:26:04+00:00,78720.52158314397,78670.52158314397,1,50.0,200.0,,False,sl,3.0,-0.05,0.07869552158314397,-0.12869552158314396,0.001,vwap_initial,1,79159.75413531563,482.12921087034755,0.9110266340816519,1.5,3600
2025-04,37,859199,859199,2025-04-11T02:02:32+00:00,2025-04-11T02:02:32+00:00,80158.79491262883,80208.79491262883,-1,50.0,200.0,,False,sl,0.0,-0.05,0.08018379491262882,-0.13018379491262883,0.001,vwap_initial,-1,79871.83924277077,398.99448899883436,0.7191970760751402,1.5,3600
2025-04,38,880684,880684,2025-04-11T08:01:47+00:00,2025-04-11T08:01:47+00:00,80830.23478969287,80780.23478969287,1,50.0,200.0,,False,sl,0.0,-0.05,0.08080523478969287,-0.13080523478969286,0.001,vwap_inversion_flip,-1,81104.07347904626,183.22358595141998,1.4945602550645174,1.5,3600
2025-04,39,880695,880726,2025-04-11T08:01:58+00:00,2025-04-11T08:02:29+00:00,80738.78824981503,80938.78824981503,1,50.0,200.0,,False,tp,31.0,0.2,0.08083878824981502,0.11916121175018499,0.001,vwap_inversion_flip,-1,81093.2031174662,188.6783105469102,1.878408104375368,2.0,3600
2025-04,40,889171,889171,2025-04-11T10:23:16+00:00,2025-04-11T10:23:16+00:00,82648.72809383145,82698.72809383145,-1,50.0,200.0,,False,sl,0.0,-0.05,0.08267372809383146,-0.13267372809383146,0.001,vwap_inversion_flip,1,82266.37872051718,254.83321364588988,1.5003906588313531,1.5,3600
2025-04,41,889171,889171,2025-04-11T10:23:16+00:00,2025-04-11T10:23:16+00:00,82397.01521700279,82447.01521700279,-1,50.0,200.0,,False,sl,0.0,-0.05,0.08242201521700279,-0.1324220152170028,0.001,vwap_inversion_flip,1,82266.37872051718,254.83321364588988,0.512635282570086,1.5,3600
2025-04,42,889171,889171,2025-04-11T10:23:16+00:00,2025-04-11T10:23:16+00:00,82656.52819646508,82706.52819646508,-1,50.0,200.0,,False,sl,0.0,-0.05,0.08268152819646508,-0.1326815281964651,0.001,vwap_inversion_flip,1,82266.37872051718,254.83321364588988,1.5309993166355382,2.0,3600
2025-04,43,1234859,1234859,2025-04-15T11:21:47+00:00,2025-04-15T11:21:47+00:00,85504.52694832216,85454.52694832216,1,50.0,200.0,,False,sl,0.0,-0.05,0.08547952694832216,-0.13547952694832216,0.001,vwap_initial,1,85528.71391080975,100.46907924467435,0.2407403618050537,1.5,3600
2025-04,44,1234866,1236586,2025-04-15T11:21:54+00:00,2025-04-15T11:50:52+00:00,85429.55456248659,85379.55456248659,1,50.0,200.0,,False,sl,1738.0,-0.05,0.08540455456248659,-0.1354045545624866,0.001,vwap_initial,1,85528.50076418572,100.40261502066491,0.9854942690363782,2.0,3600
2025-04,45,1344539,1344648,2025-04-16T18:03:41+00:00,2025-04-16T18:05:30+00:00,83637.00441543823,83837.00441543823,1,50.0,200.0,,False,tp,109.0,0.2,0.08373700441543824,0.11626299558456177,0.001,vwap_initial,1,84208.06606040546,674.6900620199148,0.8464058937781826,1.5,3600
2025-04,46,1344860,1344901,2025-04-16T18:09:02+00:00,2025-04-16T18:09:43+00:00,83609.85814809689,83809.85814809689,1,50.0,200.0,,False,tp,41.0,0.2,0.08370985814809688,0.11629014185190313,0.001,vwap_inversion_flip,-1,84145.88234295145,644.6975084023954,0.8314351891678062,1.5,3600
2025-04,47,1344861,1344901,2025-04-16T18:09:03+00:00,2025-04-16T18:09:43+00:00,83605.06853400945,83805.06853400945,1,50.0,200.0,,False,tp,40.0,0.2,0.08370506853400946,0.11629493146599056,0.001,vwap_inversion_flip,-1,84145.83237133814,644.6853150427519,0.83880278441402,1.5,3600
2025-04,48,1592878,1593212,2025-04-19T18:07:18+00:00,2025-04-19T18:13:02+00:00,85198.04945360062,85248.04945360062,-1,50.0,200.0,,False,sl,344.0,-0.05,0.08522304945360062,-0.13522304945360064,0.001,vwap_inversion_flip,1,85041.41063935921,106.38068621298447,1.4724365842856189,1.5,3600
2025-04,49,1701776,1702546,2025-04-21T02:24:52+00:00,2025-04-21T02:37:42+00:00,87461.18829072166,87261.18829072166,-1,50.0,200.0,,False,tp,770.0,0.2,0.08736118829072168,0.11263881170927834,0.001,vwap_inversion_flip,1,87262.72651403086,132.31520397197608,1.499916643992315,1.5,3600
2025-04,50,1824164,1824170,2025-04-22T12:42:32+00:00,2025-04-22T12:42:38+00:00,88749.88823787952,88799.88823787952,-1,50.0,200.0,,False,sl,6.0,-0.05,0.08877488823787953,-0.13877488823787953,0.001,vwap_initial,-1,88649.94785505805,109.20873187264591,0.9151317949375753,1.5,3600
2025-04,52,1824176,1824513,2025-04-22T12:42:44+00:00,2025-04-22T12:48:21+00:00,88825.93489537867,88625.93489537867,-1,50.0,200.0,,False,tp,337.0,0.2,0.08872593489537867,0.11127406510462134,0.001,vwap_initial,-1,88652.85977899723,109.9216368600999,1.5745318330886868,2.0,3600
2025-04,51,1824175,1824522,2025-04-22T12:42:43+00:00,2025-04-22T12:48:30+00:00,88814.51095286042,88614.51095286042,-1,50.0,200.0,,False,tp,347.0,0.2,0.08871451095286043,0.11128548904713959,0.001,vwap_initial,-1,88652.70865408482,109.84685057873324,1.4729807720761647,1.5,3600
2025-04,53,1827435,1827471,2025-04-22T13:37:04+00:00,2025-04-22T13:37:40+00:00,89779.11786583526,89579.11786583526,-1,50.0,200.0,,False,tp,36.0,0.2,0.08967911786583527,0.11032088213416474,0.001,vwap_inversion_flip,1,89310.82468115614,354.3808285181079,1.3214405153838324,1.5,3600
2025-04,54,1848843,1848993,2025-04-22T19:34:13+00:00,2025-04-22T19:36:43+00:00,91497.22920946604,91297.22920946604,-1,50.0,200.0,,False,tp,150.0,0.2,0.09139722920946604,0.10860277079053397,0.001,vwap_initial,-1,91461.27204135453,121.2524854019184,0.2965478851201839,1.5,3600
2025-04,55,1920630,1920638,2025-04-23T15:34:33+00:00,2025-04-23T15:34:41+00:00,92297.73424829863,92247.73424829863,1,50.0,200.0,,False,sl,8.0,-0.05,0.09227273424829864,-0.14227273424829864,0.001,vwap_inversion_flip,-1,92422.90026069603,341.80582426195963,0.36619040259967206,1.5,3600
2025-04,56,2013956,2013961,2025-04-24T17:49:01+00:00,2025-04-24T17:49:06+00:00,92687.62371623654,92637.62371623654,1,50.0,200.0,,False,sl,5.0,-0.05,0.09266262371623654,-0.14266262371623656,0.001,vwap_initial,1,92987.50622723953,223.11297938070715,1.34408366485611,1.5,3600
2025-04,57,2013959,2014277,2025-04-24T17:49:04+00:00,2025-04-24T17:54:26+00:00,92654.80127806467,92854.80127806467,1,50.0,200.0,92707.3,True,tp,322.0,0.2,0.09275480127806468,0.10724519872193533,0.001,vwap_initial,1,92986.72698974822,223.1215707378281,1.48764510121511,1.5,3600
2025-04,58,2053141,2053387,2025-04-25T04:56:21+00:00,2025-04-25T05:00:31+00:00,93032.49819578373,92982.49819578373,1,50.0,200.0,,False,sl,250.0,-0.05,0.09300749819578373,-0.14300749819578373,0.001,vwap_inversion_flip,-1,93225.3745357391,128.84106617455453,1.4970098096988886,1.5,3600
2025-04,59,2289527,2289640,2025-04-28T01:15:29+00:00,2025-04-28T01:17:22+00:00,93203.27843675898,93153.27843675898,1,50.0,200.0,,False,sl,113.0,-0.05,0.09317827843675898,-0.14317827843675898,0.001,vwap_inversion_flip,-1,93433.41619712905,153.8744768522329,1.4956200994338456,1.5,3600
2025-04,60,2339293,2339293,2025-04-28T15:11:00+00:00,2025-04-28T15:11:00+00:00,94223.01787193058,94173.01787193058,1,50.0,200.0,,False,sl,0.0,-0.05,0.09419801787193059,-0.1441980178719306,0.001,vwap_inversion_flip,-1,94483.0943230523,173.89522793366723,1.4955928015512872,1.5,3600
2025-04,61,2339293,2339293,2025-04-28T15:11:00+00:00,2025-04-28T15:11:00+00:00,94136.24480452486,94086.24480452486,1,50.0,200.0,,False,sl,0.0,-0.05,0.09411124480452486,-0.14411124480452486,0.001,vwap_inversion_flip,-1,94483.0943230523,173.89522793366723,1.994589056001833,2.0,3600
2025-04,62,2339293,2339683,2025-04-28T15:11:00+00:00,2025-04-28T15:17:30+00:00,94049.47173711914,93999.47173711914,1,50.0,200.0,,False,sl,390.0,-0.05,0.09402447173711914,-0.14402447173711913,0.001,vwap_inversion_flip,-1,94483.0943230523,173.89522793366723,2.4935853104523784,2.5,3600
2025-04,63,2339293,2339684,2025-04-28T15:11:00+00:00,2025-04-28T15:17:31+00:00,94027.14834482413,93977.14834482413,1,50.0,200.0,,False,sl,391.0,-0.05,0.09400214834482414,-0.14400214834482414,0.001,vwap_inversion_flip,-1,94483.0943230523,173.89522793366723,2.6219579665641235,1.5,3600
2025-04,64,2429250,2429256,2025-04-29T16:40:57+00:00,2025-04-29T16:41:03+00:00,95224.58128100059,95274.58128100059,-1,50.0,200.0,,False,sl,6.0,-0.05,0.09524958128100058,-0.14524958128100057,0.001,vwap_initial,-1,95113.27878285793,210.5304045833552,0.5286765983418279,1.5,3600
2025-04,65,2469059,2469059,2025-04-30T03:58:15+00:00,2025-04-30T03:58:15+00:00,94876.64779684131,94926.64779684131,-1,50.0,200.0,,False,sl,0.0,-0.05,0.09490164779684132,-0.14490164779684134,0.001,vwap_initial,-1,94807.0263990996,178.71668297213358,0.38956294725189244,1.5,3600
2025-04,66,2500567,2501018,2025-04-30T13:00:44+00:00,2025-04-30T13:08:17+00:00,94403.62597105806,94353.62597105806,1,50.0,200.0,,False,sl,453.0,-0.05,0.09437862597105807,-0.14437862597105808,0.001,vwap_inversion_flip,-1,94640.24048611942,248.16665605463302,0.9534500678820825,1.5,3600
2025-04,67,2527739,2528497,2025-04-30T20:38:11+00:00,2025-04-30T20:51:16+00:00,94536.13161212769,94586.13161212769,-1,50.0,200.0,,False,sl,785.0,-0.05,0.0945611316121277,-0.1445611316121277,0.001,vwap_initial,-1,94352.41888268992,234.45028538538668,0.7835892762330684,1.5,3600
2025-05,1,137715,137715,2025-05-02T15:03:54+00:00,2025-05-02T15:03:54+00:00,97648.42711938382,97698.42711938382,-1,50.0,200.0,,False,sl,0.0,-0.05,0.09767342711938382,-0.1476734271193838,0.001,vwap_inversion_flip,1,97365.91200641586,307.1022224888703,0.9199383536802525,1.5,3600
2025-05,2,151231,151232,2025-05-02T18:50:55+00:00,2025-05-02T18:50:56+00:00,97286.93478440309,97236.93478440309,1,50.0,200.0,,False,sl,1.0,-0.05,0.09726193478440308,-0.14726193478440308,0.001,vwap_inversion_flip,-1,97409.78833646562,82.41223173418113,1.4907198783160192,1.5,3600
2025-05,3,151231,151296,2025-05-02T18:50:55+00:00,2025-05-02T18:52:00+00:00,97245.86503530666,97195.86503530666,1,50.0,200.0,,False,sl,65.0,-0.05,0.09722086503530666,-0.14722086503530668,0.001,vwap_inversion_flip,-1,97409.78833646562,82.41223173418113,1.9890651874066967,2.0,3600
2025-05,4,382632,382632,2025-05-05T13:49:36+00:00,2025-05-05T13:49:36+00:00,93812.76443669839,93762.76443669839,1,50.0,200.0,,False,sl,0.0,-0.05,0.0937877644366984,-0.14378776443669838,0.001,vwap_inversion_flip,-1,94022.91098896979,212.8430556461924,0.9873310248877655,1.5,3600
2025-05,5,382677,382719,2025-05-05T13:50:21+00:00,2025-05-05T13:51:03+00:00,93717.16170873152,93667.16170873152,1,50.0,200.0,,False,sl,42.0,-0.05,0.09369216170873153,-0.14369216170873153,0.001,vwap_inversion_flip,-1,94018.38346587875,213.710644101639,1.409484110693007,2.0,3600
2025-05,6,382682,382723,2025-05-05T13:50:26+00:00,2025-05-05T13:51:07+00:00,93703.68472289802,93653.68472289802,1,50.0,200.0,,False,sl,41.0,-0.05,0.09367868472289803,-0.14367868472289802,0.001,vwap_inversion_flip,-1,94014.61448535149,215.17299418555973,1.4450222418958794,1.5,3600
2025-05,7,496318,496337,2025-05-06T22:16:44+00:00,2025-05-06T22:17:03+00:00,95347.97790266637,95397.97790266637,-1,50.0,200.0,,False,sl,19.0,-0.05,0.09537297790266638,-0.1453729779026664,0.001,vwap_inversion_flip,1,95085.78321599877,309.25011078293346,0.8478402352186658,1.5,3600
2025-05,8,572233,572266,2025-05-07T19:38:18+00:00,2025-05-07T19:38:51+00:00,95959.14333474831,95909.14333474831,1,50.0,200.0,,False,sl,33.0,-0.05,0.09593414333474831,-0.1459341433347483,0.001,vwap_inversion_flip,-1,96219.22642553426,251.76568350854293,1.0330363024916533,1.5,3600
2025-05,9,576178,576193,2025-05-07T20:46:45+00:00,2025-05-07T20:47:00+00:00,96428.44717710571,96478.44717710571,-1,50.0,200.0,,False,sl,15.0,-0.05,0.09645344717710572,-0.14645344717710573,0.001,vwap_inversion_flip,1,96252.20340725231,117.45516905464164,1.500519485621055,1.5,3600
2025-05,10,576193,576334,2025-05-07T20:47:00+00:00,2025-05-07T20:49:22+00:00,96487.18862324247,96537.18862324247,-1,50.0,200.0,,False,sl,142.0,-0.05,0.09651218862324248,-0.1465121886232425,0.001,vwap_inversion_flip,1,96253.55653369435,119.26877194526746,1.9588705889864657,2.0,3600
2025-05,11,1030801,1030906,2025-05-13T04:51:18+00:00,2025-05-13T04:53:04+00:00,102600.30223435789,102650.30223435789,-1,50.0,200.0,,False,sl,106.0,-0.05,0.1026253022343579,-0.15262530223435788,0.001,vwap_inversion_flip,1,102250.22330808883,300.4660644201703,1.1651196847958116,1.5,3600
2025-05,12,1565180,1565185,2025-05-19T12:02:29+00:00,2025-05-19T12:02:34+00:00,102826.4397940121,102776.4397940121,1,50.0,200.0,,False,sl,5.0,-0.05,0.1028014397940121,-0.15280143979401212,0.001,vwap_inversion_flip,-1,102903.9365372568,82.50740224439505,0.9392701883298674,1.5,3600
2025-05,13,1565183,1565286,2025-05-19T12:02:32+00:00,2025-05-19T12:04:15+00:00,102781.23159105521,102731.23159105521,1,50.0,200.0,,False,sl,103.0,-0.05,0.10275623159105521,-0.15275623159105522,0.001,vwap_inversion_flip,-1,102903.58403922702,82.68227639454062,1.4797905126361972,1.5,3600
2025-05,14,1565198,1565286,2025-05-19T12:02:47+00:00,2025-05-19T12:04:15+00:00,102756.74176919155,102706.74176919155,1,50.0,200.0,,False,sl,88.0,-0.05,0.10273174176919155,-0.15273174176919155,0.001,vwap_inversion_flip,-1,102901.57412597071,83.8017215141261,1.7282742426091207,2.0,3600
2025-05,15,1832328,1832353,2025-05-22T14:30:38+00:00,2025-05-22T14:31:03+00:00,111347.4164454285,111147.4164454285,-1,50.0,200.0,,False,tp,25.0,0.2,0.11124741644542852,0.0887525835545715,0.001,vwap_inversion_flip,1,111038.92364556875,205.69855004050413,1.4997324959218747,1.5,3600
2025-05,16,1950899,1950918,2025-05-23T23:40:03+00:00,2025-05-23T23:40:22+00:00,107286.15506732163,107236.15506732163,1,50.0,200.0,,False,sl,19.0,-0.05,0.10726115506732163,-0.15726115506732163,0.001,vwap_initial,1,107544.71050935025,261.0270930454394,0.9905310556541025,1.5,3600
2025-05,17,1950936,1950987,2025-05-23T23:40:40+00:00,2025-05-23T23:41:31+00:00,107153.16986978208,107103.16986978208,1,50.0,200.0,,False,sl,51.0,-0.05,0.10712816986978209,-0.1571281698697821,0.001,vwap_initial,1,107538.51250164391,261.01540154357826,1.4763214338426458,1.5,3600
2025-05,18,2005990,2005997,2025-05-24T15:06:22+00:00,2025-05-24T15:06:29+00:00,108979.41595320862,109029.41595320862,-1,50.0,200.0,,False,sl,7.0,-0.05,0.10900441595320862,-0.15900441595320863,0.001,vwap_inversion_flip,1,108855.04649479021,83.94576680822996,1.4815453255972781,1.5,3600
2025-05,19,2005997,2006009,2025-05-24T15:06:29+00:00,2025-05-24T15:06:41+00:00,109021.2722978357,109071.2722978357,-1,50.0,200.0,,False,sl,12.0,-0.05,0.10904627229783571,-0.15904627229783572,0.001,vwap_inversion_flip,1,108858.93122902208,85.51004806603699,1.898502836628621,2.0,3600
2025-05,20,2006008,2006080,2025-05-24T15:06:40+00:00,2025-05-24T15:07:52+00:00,109063.12864246278,109113.12864246278,-1,50.0,200.0,,False,sl,72.0,-0.05,0.10908812864246278,-0.1590881286424628,0.001,vwap_inversion_flip,1,108862.96317323136,88.27075564667354,2.267630629929493,2.5,3600
2025-05,21,2255752,2255783,2025-05-27T13:30:54+00:00,2025-05-27T13:31:25+00:00,110618.89154770451,110418.89154770451,-1,50.0,200.0,,False,tp,31.0,0.2,0.11051889154770451,0.0894811084522955,0.001,vwap_inversion_flip,1,110265.9375674172,316.1167450976806,1.116530477302747,1.5,3600
2025-05,22,2255752,2255783,2025-05-27T13:30:54+00:00,2025-05-27T13:31:25+00:00,110625.46701490325,110425.46701490325,-1,50.0,200.0,,False,tp,31.0,0.2,0.11052546701490325,0.08947453298509676,0.001,vwap_inversion_flip,1,110265.9375674172,316.1167450976806,1.137331233038436,1.5,3600
2025-05,23,2417544,2417863,2025-05-29T11:08:36+00:00,2025-05-29T11:13:55+00:00,108780.19902659523,108830.19902659523,-1,50.0,200.0,,False,sl,319.0,-0.05,0.10880519902659523,-0.15880519902659523,0.001,vwap_initial,-1,108636.19518454105,138.25932508450848,1.0415488573097158,1.5,3600
2025-05,24,2528861,2528926,2025-05-30T18:15:54+00:00,2025-05-30T18:16:59+00:00,104336.32285320443,104386.32285320443,-1,50.0,200.0,,False,sl,65.0,-0.05,0.10436132285320443,-0.15436132285320442,0.001,vwap_inversion_flip,1,104130.64262197881,137.16651885594396,1.4994929735122142,1.5,3600
2025-05,25,2532626,2532632,2025-05-30T19:19:08+00:00,2025-05-30T19:19:14+00:00,104885.09790937856,104935.09790937856,-1,50.0,200.0,,False,sl,6.0,-0.05,0.10491009790937857,-0.15491009790937857,0.001,vwap_inversion_flip,1,104709.746229015,116.85305443985548,1.5006170031593946,1.5,3600
2025-05,26,2546941,2546949,2025-05-30T23:27:13+00:00,2025-05-30T23:27:21+00:00,103890.42364629962,103840.42364629962,1,50.0,200.0,,False,sl,8.0,-0.05,0.10386542364629962,-0.15386542364629963,0.001,vwap_inversion_flip,-1,104042.95290764487,180.8589527560957,0.8433603038216566,1.5,3600
2025-10,1,138033,138052,2025-10-02T14:37:09+00:00,2025-10-02T14:37:28+00:00,119321.28102850406,119271.28102850406,1,50.0,200.0,,False,sl,19.0,-0.05,0.11929628102850408,-0.16929628102850408,0.001,vwap_inversion_flip,-1,119518.36748658612,131.38155275020935,1.5001075414048144,1.5,3600
2025-10,2,138053,138303,2025-10-02T14:37:29+00:00,2025-10-02T14:41:39+00:00,119255.58823525788,119205.58823525788,1,50.0,200.0,,False,sl,250.0,-0.05,0.11923058823525788,-0.16923058823525788,0.001,vwap_inversion_flip,-1,119518.1071453906,131.49728276751839,1.9963827739075732,2.0,3600
2025-10,3,473201,474113,2025-10-06T12:50:19+00:00,2025-10-06T13:05:35+00:00,124536.70849567867,124586.70849567867,-1,50.0,200.0,,False,sl,916.0,-0.05,0.12456170849567867,-0.17456170849567867,0.001,vwap_inversion_flip,1,124412.15576945228,122.18725423743166,1.0193594004851352,1.5,3600
2025-10,4,484003,484467,2025-10-06T15:50:34+00:00,2025-10-06T15:58:21+00:00,125172.01613930329,124972.01613930329,-1,50.0,200.0,,False,tp,467.0,0.2,0.1250720161393033,0.07492798386069671,0.001,vwap_inversion_flip,1,124875.32452427453,310.7996464259988,0.9546073119468623,1.5,3600
2025-10,5,488939,489057,2025-10-06T17:13:09+00:00,2025-10-06T17:15:07+00:00,125349.19785157766,125399.19785157766,-1,50.0,200.0,,False,sl,118.0,-0.05,0.12537419785157766,-0.17537419785157765,0.001,vwap_initial,-1,125258.68337075844,229.47250295118096,0.39444586891732775,1.5,3600
2025-10,6,489779,489779,2025-10-06T17:27:09+00:00,2025-10-06T17:27:09+00:00,125465.93035045493,125515.93035045493,-1,50.0,200.0,,False,sl,0.0,-0.05,0.12549093035045494,-0.17549093035045493,0.001,vwap_initial,-1,125388.86160064423,205.83822123234856,0.3744141848355042,1.5,3600
2025-10,7,489837,490107,2025-10-06T17:28:07+00:00,2025-10-06T17:32:37+00:00,125629.29705912377,125429.29705912377,-1,50.0,200.0,125630.6,True,tp,270.0,0.2,0.12552929705912377,0.07447070294087624,0.001,vwap_initial,-1,125393.59078197333,203.02842252445205,1.1609521180319213,2.0,3600
2025-10,8,496611,496794,2025-10-06T19:21:35+00:00,2025-10-06T19:24:38+00:00,125402.06555646,125602.06555646,1,50.0,200.0,,False,tp,183.0,0.2,0.12550206555646,0.07449793444354,0.001,vwap_initial,1,125790.02290840309,259.4223647167845,1.4954660997197533,1.5,3600
2025-10,9,658362,658362,2025-10-08T17:16:19+00:00,2025-10-08T17:16:19+00:00,123304.40883485525,123354.40883485525,-1,50.0,200.0,,False,sl,0.0,-0.05,0.12332940883485524,-0.17332940883485526,0.001,vwap_inversion_flip,1,123113.92812834466,340.61046532400894,0.5592332764332082,1.5,3600
2025-10,10,658365,658375,2025-10-08T17:16:22+00:00,2025-10-08T17:16:32+00:00,123539.23164225653,123589.23164225653,-1,50.0,200.0,,False,sl,10.0,-0.05,0.12356423164225654,-0.17356423164225654,0.001,vwap_inversion_flip,1,123114.69891941431,340.7659175043461,1.2458192003219053,2.0,3600
2025-10,11,658410,658424,2025-10-08T17:17:07+00:00,2025-10-08T17:17:21+00:00,123624.37065590428,123674.37065590428,-1,50.0,200.0,,False,sl,14.0,-0.05,0.12364937065590428,-0.1736493706559043,0.001,vwap_inversion_flip,1,123134.07531823959,343.83473118260554,1.4259622231248723,1.5,3600
2025-10,12,658715,658715,2025-10-08T17:22:12+00:00,2025-10-08T17:22:12+00:00,123431.08107201631,123481.08107201631,-1,50.0,200.0,,False,sl,0.0,-0.05,0.12345608107201632,-0.17345608107201632,0.001,vwap_inversion_flip,1,123265.02501142758,373.8240015302122,0.44420919980791795,1.5,3600
2025-10,13,658728,658732,2025-10-08T17:22:25+00:00,2025-10-08T17:22:29+00:00,123690.1202331021,123740.1202331021,-1,50.0,200.0,,False,sl,4.0,-0.05,0.12371512023310212,-0.17371512023310212,0.001,vwap_inversion_flip,1,123267.17708170456,373.3486541279714,1.132836952058685,2.0,3600
2025-10,14,671699,671699,2025-10-08T21:02:29+00:00,2025-10-08T21:02:29+00:00,123113.48642902896,123063.48642902896,1,50.0,200.0,,False,sl,0.0,-0.05,0.12308848642902896,-0.17308848642902896,0.001,vwap_initial,1,123204.24158481893,261.63613720547613,0.346875461315563,1.5,3600
2025-10,15,736490,736512,2025-10-09T15:38:52+00:00,2025-10-09T15:39:14+00:00,120862.62594557532,120812.62594557532,1,50.0,200.0,,False,sl,22.0,-0.05,0.12083762594557533,-0.17083762594557533,0.001,vwap_inversion_flip,-1,121168.53591600945,242.22714146629954,1.2629054224986414,1.5,3600
2025-10,16,815832,815839,2025-10-10T14:28:59+00:00,2025-10-10T14:29:06+00:00,121181.90603146655,121131.90603146655,1,50.0,200.0,,False,sl,7.0,-0.05,0.12115690603146656,-0.17115690603146655,0.001,vwap_inversion_flip,-1,121770.81337211857,392.61666464256155,1.4999550291329582,1.5,3600
2025-10,17,815832,815848,2025-10-10T14:28:59+00:00,2025-10-10T14:29:15+00:00,121173.13309449801,121123.13309449801,1,50.0,200.0,,False,sl,16.0,-0.05,0.12114813309449803,-0.17114813309449803,0.001,vwap_inversion_flip,-1,121770.81337211857,392.61666464256155,1.522299819251654,1.5,3600
2025-10,18,819415,819425,2025-10-10T15:28:55+00:00,2025-10-10T15:29:05+00:00,119367.18932108408,119317.18932108408,1,50.0,200.0,,False,sl,10.0,-0.05,0.11934218932108408,-0.16934218932108408,0.001,vwap_inversion_flip,-1,120094.16401194339,548.4059875943849,1.3256140656819322,1.5,3600
2025-10,19,819433,819449,2025-10-10T15:29:13+00:00,2025-10-10T15:29:29+00:00,119275.74370404222,119225.74370404222,1,50.0,200.0,,False,sl,16.0,-0.05,0.11925074370404222,-0.16925074370404222,0.001,vwap_inversion_flip,-1,120090.22569491074,549.3107026490711,1.4827346107415116,1.5,3600
2025-10,20,824509,824552,2025-10-10T16:53:49+00:00,2025-10-10T16:54:32+00:00,118499.67328985593,118449.67328985593,1,50.0,200.0,118518.3,True,soft_sl,43.0,-0.05,0.11847467328985593,-0.16847467328985594,0.001,vwap_initial,1,118856.57261908591,249.48069173770062,1.4305689420054315,1.5,3600
2025-10,21,834438,834503,2025-10-10T19:39:22+00:00,2025-10-10T19:40:27+00:00,116320.71842199078,116520.71842199078,1,50.0,200.0,,False,tp,65.0,0.2,0.11642071842199078,0.08357928157800923,0.001,vwap_inversion_flip,-1,116608.92822517226,443.3887143114672,0.6500161007233564,1.5,3600
2025-10,22,1233741,1234061,2025-10-15T11:21:36+00:00,2025-10-15T11:26:57+00:00,111861.83071895764,112061.83071895764,1,50.0,200.0,,False,tp,321.0,0.2,0.11196183071895764,0.08803816928104237,0.001,vwap_initial,1,112104.43550277584,236.46457676955558,1.0259667098240546,1.5,3600
2025-10,23,1391339,1391341,2025-10-17T07:36:02+00:00,2025-10-17T07:36:04+00:00,106005.00678445905,105955.00678445905,1,50.0,200.0,,False,sl,2.0,-0.05,0.10598000678445905,-0.15598000678445906,0.001,vwap_initial,1,106612.34875128441,404.89464455023966,1.500000000000008,1.5,3600
2025-10,24,1401779,1401779,2025-10-17T10:30:03+00:00,2025-10-17T10:30:03+00:00,104047.24520683523,103997.24520683523,1,50.0,200.0,,False,sl,0.0,-0.05,0.10402224520683524,-0.15402224520683525,0.001,vwap_initial,1,104388.28185451163,561.2022039807601,0.6076894304001963,1.5,3600
2025-10,25,1401888,1401898,2025-10-17T10:31:52+00:00,2025-10-17T10:32:02+00:00,104032.84420566032,103982.84420566032,1,50.0,200.0,,False,sl,10.0,-0.05,0.10400784420566032,-0.15400784420566033,0.001,vwap_inversion_flip,-1,104367.23580151146,550.6881742093146,0.6072249441914366,1.5,3600
2025-10,26,1403544,1403616,2025-10-17T10:59:28+00:00,2025-10-17T11:00:40+00:00,104724.91833340262,104774.91833340262,-1,50.0,200.0,,False,sl,72.0,-0.05,0.10474991833340262,-0.15474991833340263,0.001,vwap_inversion_flip,1,104195.4838140694,342.3147037771208,1.546630961192727,1.5,3600
2025-10,27,1405579,1405579,2025-10-17T11:33:23+00:00,2025-10-17T11:33:23+00:00,106121.56339806865,106171.56339806865,-1,50.0,200.0,,False,sl,0.0,-0.05,0.10614656339806865,-0.15614656339806865,0.001,vwap_inversion_flip,1,105440.94132296307,706.1201772495793,0.9638898547789462,1.5,3600
2025-10,28,2344496,2344496,2025-10-28T14:02:42+00:00,2025-10-28T14:02:42+00:00,115427.09464001386,115477.09464001386,-1,50.0,200.0,,False,sl,0.0,-0.05,0.11545209464001387,-0.16545209464001387,0.001,vwap_inversion_flip,1,115045.26632506955,254.60222231334393,1.4997053500750372,1.5,3600
2025-10,29,2344496,2344496,2025-10-28T14:02:42+00:00,2025-10-28T14:02:42+00:00,115377.24213294119,115427.24213294119,-1,50.0,200.0,,False,sl,0.0,-0.05,0.1154022421329412,-0.1654022421329412,0.001,vwap_inversion_flip,1,115045.26632506955,254.60222231334393,1.3038998829439568,1.5,3600
2025-10,31,2433602,2433615,2025-10-29T15:04:57+00:00,2025-10-29T15:05:10+00:00,112249.49272688979,112199.49272688979,1,50.0,200.0,,False,sl,13.0,-0.05,0.1122244927268898,-0.1622244927268898,0.001,vwap_inversion_flip,-1,112436.48681970696,138.3138932499575,1.3519545175352685,1.5,3600
2025-10,30,2433602,2433618,2025-10-29T15:04:57+00:00,2025-10-29T15:05:13+00:00,112229.31477176638,112179.31477176638,1,50.0,200.0,,False,sl,16.0,-0.05,0.11220431477176639,-0.1622043147717664,0.001,vwap_inversion_flip,-1,112436.48681970696,138.3138932499575,1.4978397547250106,1.5,3600
2025-10,32,2433629,2433629,2025-10-29T15:05:24+00:00,2025-10-29T15:05:24+00:00,112160.19952209484,112360.19952209484,1,50.0,200.0,,False,tp,0.0,0.2,0.11226019952209486,0.08773980047790515,0.001,vwap_inversion_flip,-1,112416.31388566832,143.09492746981238,1.7898214010940918,2.0,3600
2025-10,33,2436500,2436602,2025-10-29T15:53:21+00:00,2025-10-29T15:55:03+00:00,111602.207894947,111552.207894947,1,50.0,200.0,,False,sl,102.0,-0.05,0.11157720789494702,-0.161577207894947,0.001,vwap_inversion_flip,-1,111963.02783394475,285.6781431866615,1.2630295582745847,1.5,3600
2025-10,34,2452831,2452831,2025-10-29T20:25:58+00:00,2025-10-29T20:25:58+00:00,110963.69786293744,111013.69786293744,-1,50.0,200.0,,False,sl,0.0,-0.05,0.11098869786293744,-0.16098869786293746,0.001,vwap_inversion_flip,1,110607.2971605099,237.7398817151632,1.4991203825639106,1.5,3600
2025-10,35,2452831,2452831,2025-10-29T20:25:58+00:00,2025-10-29T20:25:58+00:00,111082.52402897639,111132.52402897639,-1,50.0,200.0,,False,sl,0.0,-0.05,0.11110752402897639,-0.16110752402897638,0.001,vwap_inversion_flip,1,110607.2971605099,237.7398817151632,1.9989362535136586,2.0,3600
2025-10,36,2452873,2453016,2025-10-29T20:26:40+00:00,2025-10-29T20:29:03+00:00,111201.35019501536,111251.35019501536,-1,50.0,200.0,,False,sl,143.0,-0.05,0.11122635019501535,-0.16122635019501536,0.001,vwap_inversion_flip,1,110609.13944155166,241.2355709337433,2.4549064268235856,2.5,3600
2025-10,37,2469630,2470545,2025-10-30T01:10:13+00:00,2025-10-30T01:25:57+00:00,110530.94717917981,110330.94717917981,-1,50.0,200.0,,False,tp,944.0,0.2,0.11043094717917981,0.0895690528208202,0.001,vwap_inversion_flip,1,110281.20306881989,168.24141815100265,1.4844389277304624,1.5,3600
2025-10,38,2491919,2491919,2025-10-30T07:27:29+00:00,2025-10-30T07:27:29+00:00,111024.87530978883,111074.87530978883,-1,50.0,200.0,,False,sl,0.0,-0.05,0.11104987530978884,-0.16104987530978884,0.001,vwap_initial,-1,110954.98363954425,382.25378978440193,0.18284101325454866,1.5,3600
2025-10,39,2520519,2520726,2025-10-30T15:27:10+00:00,2025-10-30T15:30:37+00:00,107772.43233312127,107722.43233312127,1,50.0,200.0,,False,sl,207.0,-0.05,0.10774743233312127,-0.15774743233312127,0.001,vwap_inversion_flip,-1,108019.50231250894,166.11407118349717,1.4873512979809242,1.5,3600
2025-10,40,2531888,2531905,2025-10-30T18:37:24+00:00,2025-10-30T18:37:41+00:00,106985.5882152512,106935.5882152512,1,50.0,200.0,,False,sl,17.0,-0.05,0.10696058821525121,-0.15696058821525122,0.001,vwap_inversion_flip,-1,107276.76194237327,195.40085687940368,1.4901353646661208,1.5,3600
2025-10,41,2550343,2550352,2025-10-30T23:48:27+00:00,2025-10-30T23:48:36+00:00,108144.7905268848,108194.7905268848,-1,50.0,200.0,,False,sl,9.0,-0.05,0.1081697905268848,-0.1581697905268848,0.001,vwap_inversion_flip,1,107937.41457391153,219.01977830993368,0.9468366490619252,1.5,3600
2025-10,42,2550363,2551091,2025-10-30T23:48:47+00:00,2025-10-31T00:01:00+00:00,108265.8356797304,108315.8356797304,-1,50.0,200.0,,False,sl,733.0,-0.05,0.10829083567973041,-0.1582908356797304,0.001,vwap_inversion_flip,1,107944.23065243599,219.47004495327866,1.4653709455560382,1.5,3600
2025-10,43,2554619,2554619,2025-10-31T01:00:09+00:00,2025-10-31T01:00:09+00:00,109176.80500547678,109226.80500547678,-1,50.0,200.0,,False,sl,0.0,-0.05,0.10920180500547678,-0.1592018050054768,0.001,vwap_initial,-1,108893.0812868207,424.24540683266235,0.668772635098893,1.5,3600
2025-10,44,2558706,2558706,2025-10-31T02:08:25+00:00,2025-10-31T02:08:25+00:00,109438.43906459027,109388.43906459027,1,50.0,200.0,,False,sl,0.0,-0.05,0.10941343906459028,-0.15941343906459027,0.001,vwap_inversion_flip,-1,109707.83654576886,180.11504930606324,1.495696679519603,1.5,3600
2025-10,45,2558706,2558711,2025-10-31T02:08:25+00:00,2025-10-31T02:08:30+00:00,109348.52846137261,109298.52846137261,1,50.0,200.0,,False,sl,5.0,-0.05,0.10932352846137262,-0.15932352846137263,0.001,vwap_inversion_flip,-1,109707.83654576886,180.11504930606324,1.9948809706938635,2.0,3600
2025-10,46,2613230,2613230,2025-10-31T17:25:13+00:00,2025-10-31T17:25:13+00:00,109099.21109147697,109049.21109147697,1,50.0,200.0,,False,sl,0.0,-0.05,0.10907421109147697,-0.15907421109147696,0.001,vwap_inversion_flip,-1,109128.19471542731,385.1093478353501,0.07526076454193578,1.5,3600
2025-10,47,2613239,2613239,2025-10-31T17:25:22+00:00,2025-10-31T17:25:22+00:00,109097.74114854938,109047.74114854938,1,50.0,200.0,,False,sl,0.0,-0.05,0.10907274114854938,-0.15907274114854938,0.001,vwap_initial,1,109127.26423798328,383.9476721271671,0.07689352371988202,1.5,3600
2025-11,1,160980,161032,2025-11-03T00:33:19+00:00,2025-11-03T00:34:13+00:00,110292.72969447011,110242.72969447011,1,50.0,200.0,,False,sl,54.0,-0.05,0.1102677296944701,-0.16026772969447012,0.001,vwap_inversion_flip,-1,110493.68041517597,133.98574623629148,1.4997917789812896,1.5,3600
2025-11,2,164672,164681,2025-11-03T01:35:41+00:00,2025-11-03T01:35:50+00:00,109431.89417752725,109381.89417752725,1,50.0,200.0,,False,sl,9.0,-0.05,0.10940689417752726,-0.15940689417752726,0.001,vwap_inversion_flip,-1,109721.50374273302,223.02758582435797,1.2985369685786217,1.5,3600
2025-11,3,164681,164682,2025-11-03T01:35:50+00:00,2025-11-03T01:35:51+00:00,109392.443495866,109342.443495866,1,50.0,200.0,,False,sl,1.0,-0.05,0.109367443495866,-0.159367443495866,0.001,vwap_inversion_flip,-1,109714.87757254922,224.30421303143925,1.4374856019223499,1.5,3600
2025-11,4,169079,169079,2025-11-03T02:49:42+00:00,2025-11-03T02:49:42+00:00,108869.93324393748,108819.93324393748,1,50.0,200.0,,False,sl,0.0,-0.05,0.10884493324393749,-0.1588449332439375,0.001,vwap_initial,1,109129.58777373117,314.4772405808936,0.8256703388584056,1.5,3600
2025-11,5,188914,188933,2025-11-03T08:21:50+00:00,2025-11-03T08:22:09+00:00,107399.23553311276,107349.23553311276,1,50.0,200.0,,False,sl,19.0,-0.05,0.10737423553311277,-0.15737423553311278,0.001,vwap_inversion_flip,-1,107561.37761830936,108.59956731770613,1.4930269908189602,1.5,3600
2025-11,6,188933,189164,2025-11-03T08:22:09+00:00,2025-11-03T08:26:04+00:00,107345.05787461901,107295.05787461901,1,50.0,200.0,,False,sl,235.0,-0.05,0.10732005787461901,-0.157320057874619,0.001,vwap_inversion_flip,-1,107560.84485021242,108.8188859404769,1.9829919570343866,2.0,3600
2025-11,7,257418,257418,2025-11-04T03:34:35+00:00,2025-11-04T03:34:35+00:00,106983.16079056253,107033.16079056253,-1,50.0,200.0,,False,sl,0.0,-0.05,0.10700816079056252,-0.1570081607905625,0.001,vwap_inversion_flip,1,106643.15190777616,226.79510227190644,1.499189706392893,1.5,3600
2025-11,8,257451,257975,2025-11-04T03:35:08+00:00,2025-11-04T03:43:52+00:00,107096.5208227243,107146.5208227243,-1,50.0,200.0,,False,sl,524.0,-0.05,0.1071215208227243,-0.1571215208227243,0.001,vwap_inversion_flip,1,106647.61769231666,230.55141068496363,1.9470847264562472,2.0,3600
2025-11,9,559759,559833,2025-11-07T16:12:02+00:00,2025-11-07T16:13:16+00:00,100557.41807846486,100507.41807846486,1,50.0,200.0,,False,sl,74.0,-0.05,0.10053241807846487,-0.15053241807846487,0.001,vwap_inversion_flip,-1,100833.21845881936,189.3821600460305,1.4563165838190082,1.5,3600
2025-11,10,559834,559848,2025-11-07T16:13:17+00:00,2025-11-07T16:13:31+00:00,100537.43040063586,100487.43040063586,1,50.0,200.0,,False,sl,14.0,-0.05,0.10051243040063587,-0.1505124304006359,0.001,vwap_inversion_flip,-1,100826.52359216387,192.86222173897977,1.498962258763504,1.5,3600
2025-11,11,823739,823739,2025-11-10T18:51:24+00:00,2025-11-10T18:51:24+00:00,105740.9393584108,105790.9393584108,-1,50.0,200.0,,False,sl,0.0,-0.05,0.1057659393584108,-0.15576593935841082,0.001,vwap_initial,-1,105842.57389899738,90.49640989029827,0.0,1.5,3600
2025-11,12,861064,861064,2025-11-11T05:28:29+00:00,2025-11-11T05:28:29+00:00,105475.30467896923,105425.30467896923,1,50.0,200.0,,False,sl,0.0,-0.05,0.10545030467896924,-0.15545030467896925,0.001,vwap_inversion_flip,-1,105535.63361691142,256.2539705932319,0.23542635379474838,1.5,3600
2025-11,13,880961,880961,2025-11-11T11:04:56+00:00,2025-11-11T11:04:56+00:00,105210.69626725129,105260.69626725129,-1,50.0,200.0,,False,sl,0.0,-0.05,0.1052356962672513,-0.1552356962672513,0.001,vwap_inversion_flip,1,105096.31821811521,76.74700960922385,1.4903258083730562,1.5,3600
2025-11,14,880961,880961,2025-11-11T11:04:56+00:00,2025-11-11T11:04:56+00:00,105248.9112574817,105298.9112574817,-1,50.0,200.0,,False,sl,0.0,-0.05,0.1052739112574817,-0.1552739112574817,0.001,vwap_inversion_flip,1,105096.31821811521,76.74700960922385,1.9882603914270294,2.0,3600
2025-11,15,880961,880966,2025-11-11T11:04:56+00:00,2025-11-11T11:05:01+00:00,105287.1262477121,105337.1262477121,-1,50.0,200.0,,False,sl,5.0,-0.05,0.1053121262477121,-0.15531212624771212,0.001,vwap_inversion_flip,1,105096.31821811521,76.74700960922385,2.4861949744810024,2.5,3600
2025-11,16,880961,882771,2025-11-11T11:04:56+00:00,2025-11-11T11:35:57+00:00,105300.44917910881,105350.44917910881,-1,50.0,200.0,,False,sl,1861.0,-0.05,0.10532544917910881,-0.15532544917910882,0.001,vwap_inversion_flip,1,105096.31821811521,76.74700960922385,2.659790420929524,1.5,3600
2025-11,17,880963,883092,2025-11-11T11:04:58+00:00,2025-11-11T11:41:22+00:00,105325.34123794251,105375.34123794251,-1,50.0,200.0,,False,sl,2184.0,-0.05,0.10535034123794251,-0.1553503412379425,0.001,vwap_inversion_flip,1,105096.47480437713,76.88839530738257,2.976605671771816,3.0,3600
2025-11,18,1065178,1065181,2025-11-13T14:43:23+00:00,2025-11-13T14:43:26+00:00,101937.33700842802,101887.33700842802,1,50.0,200.0,,False,sl,3.0,-0.05,0.10191233700842803,-0.15191233700842804,0.001,vwap_inversion_flip,-1,102215.62478811208,218.63697869721346,1.2728303388671411,1.5,3600
2025-11,19,1065181,1065184,2025-11-13T14:43:26+00:00,2025-11-13T14:43:29+00:00,101888.32981893767,101838.32981893767,1,50.0,200.0,,False,sl,3.0,-0.05,0.10186332981893767,-0.1518633298189377,0.001,vwap_inversion_flip,-1,102214.12720554462,219.2045006818036,1.4862714296175774,1.5,3600
2025-11,20,1068610,1068639,2025-11-13T15:40:35+00:00,2025-11-13T15:41:04+00:00,101836.59959630444,101786.59959630444,1,50.0,200.0,,False,sl,29.0,-0.05,0.10181159959630445,-0.15181159959630447,0.001,vwap_inversion_flip,-1,102474.09486429946,472.49804674534255,1.349201911809397,1.5,3600
2025-11,21,1068640,1068655,2025-11-13T15:41:05+00:00,2025-11-13T15:41:20+00:00,101765.5041482239,101715.5041482239,1,50.0,200.0,,False,sl,15.0,-0.05,0.1017405041482239,-0.1517405041482239,0.001,vwap_inversion_flip,-1,102470.15638712804,477.3699490203011,1.4761135265223158,1.5,3600
2025-11,22,1071746,1071746,2025-11-13T16:32:51+00:00,2025-11-13T16:32:51+00:00,101066.35637940493,101016.35637940493,1,50.0,200.0,,False,sl,0.0,-0.05,0.10104135637940494,-0.15104135637940494,0.001,vwap_inversion_flip,-1,101229.56070023228,322.38354023153767,0.5062427216666808,1.5,3600
2025-11,24,1073079,1073079,2025-11-13T16:55:04+00:00,2025-11-13T16:55:04+00:00,100933.47880664715,100883.47880664715,1,50.0,200.0,,False,sl,0.0,-0.05,0.10090847880664716,-0.15090847880664715,0.001,vwap_inversion_flip,-1,101043.12765889008,179.62895724316624,0.6104185757449726,1.5,3600
2025-11,23,1073079,1073118,2025-11-13T16:55:04+00:00,2025-11-13T16:55:43+00:00,100773.98730933625,100723.98730933625,1,50.0,200.0,,False,sl,39.0,-0.05,0.10074898730933626,-0.15074898730933628,0.001,vwap_inversion_flip,-1,101043.12765889008,179.62895724316624,1.4983127090666464,1.5,3600
2025-11,25,1073119,1073119,2025-11-13T16:55:44+00:00,2025-11-13T16:55:44+00:00,100684.20503773836,100634.20503773836,1,50.0,200.0,,False,sl,0.0,-0.05,0.10065920503773836,-0.15065920503773836,0.001,vwap_inversion_flip,-1,101001.27895524414,220.96505112198898,1.4349505312979758,2.0,3600
2025-11,26,1073119,1073119,2025-11-13T16:55:44+00:00,2025-11-13T16:55:44+00:00,100594.42276614046,100544.42276614046,1,50.0,200.0,,False,sl,0.0,-0.05,0.10056942276614046,-0.15056942276614046,0.001,vwap_inversion_flip,-1,101001.27895524414,220.96505112198898,1.8412694090662605,2.5,3600
2025-11,27,1073119,1073119,2025-11-13T16:55:44+00:00,2025-11-13T16:55:44+00:00,100504.64049454255,100704.64049454255,1,50.0,200.0,,False,tp,0.0,0.2,0.10060464049454255,0.09939535950545746,0.001,vwap_inversion_flip,-1,101001.27895524414,220.96505112198898,2.247588286834611,3.0,3600
2025-11,28,1073119,1073119,2025-11-13T16:55:44+00:00,2025-11-13T16:55:44+00:00,100581.28754229634,100531.28754229634,1,50.0,200.0,,False,sl,0.0,-0.05,0.10055628754229635,-0.15055628754229636,0.001,vwap_inversion_flip,-1,101001.27895524414,220.96505112198898,1.9007142116602511,2.0,3600
2025-11,29,1075301,1075347,2025-11-13T17:32:06+00:00,2025-11-13T17:32:52+00:00,100413.65628650863,100363.65628650863,1,50.0,200.0,,False,sl,46.0,-0.05,0.10038865628650864,-0.15038865628650866,0.001,vwap_inversion_flip,-1,100641.29042710183,299.7704654511958,0.7593614676168408,1.5,3600
2025-11,30,1075323,1075372,2025-11-13T17:32:28+00:00,2025-11-13T17:33:17+00:00,100409.69910556865,100359.69910556865,1,50.0,200.0,,False,sl,49.0,-0.05,0.10038469910556866,-0.15038469910556868,0.001,vwap_initial,1,100637.71056341522,298.0913453588096,0.7649046555582405,1.5,3600
2025-11,32,1076630,1076630,2025-11-13T17:54:16+00:00,2025-11-13T17:54:16+00:00,100038.68001892757,99988.68001892757,1,50.0,200.0,,False,sl,0.0,-0.05,0.10001368001892758,-0.15001368001892756,0.001,vwap_inversion_flip,-1,100305.26275800291,271.13632622987285,0.9832055438020797,1.5,3600
2025-11,31,1076630,1076631,2025-11-13T17:54:16+00:00,2025-11-13T17:54:17+00:00,99898.63384435233,99848.63384435233,1,50.0,200.0,,False,sl,1.0,-0.05,0.09987363384435233,-0.14987363384435232,0.001,vwap_inversion_flip,-1,100305.26275800291,271.13632622987285,1.4997212631177832,1.5,3600
2025-11,33,1095187,1095187,2025-11-13T23:03:50+00:00,2025-11-13T23:03:50+00:00,99364.58526940188,99414.58526940188,-1,50.0,200.0,,False,sl,0.0,-0.05,0.09938958526940189,-0.14938958526940188,0.001,vwap_inversion_flip,1,99454.78454307094,291.60520411174076,0.0,1.5,3600
2025-11,34,1095187,1095237,2025-11-13T23:03:50+00:00,2025-11-13T23:04:40+00:00,99594.48533520842,99644.48533520842,-1,50.0,200.0,,False,sl,50.0,-0.05,0.09961948533520842,-0.1496194853352084,0.001,vwap_inversion_flip,1,99454.78454307094,291.60520411174076,0.47907509937285964,2.0,3600
2025-11,35,1097065,1097065,2025-11-13T23:35:08+00:00,2025-11-13T23:35:08+00:00,99885.93054925419,99935.93054925419,-1,50.0,200.0,,False,sl,0.0,-0.05,0.09991093054925419,-0.1499109305492542,0.001,vwap_inversion_flip,1,99960.89626727405,242.36335647500763,0.0,1.5,3600
2025-11,36,1097065,1097065,2025-11-13T23:35:08+00:00,2025-11-13T23:35:08+00:00,100229.0043666789,100279.0043666789,-1,50.0,200.0,,False,sl,0.0,-0.05,0.1002540043666789,-0.1502540043666789,0.001,vwap_inversion_flip,1,99960.89626727405,242.36335647500763,1.1062237431610276,2.0,3600
2025-11,37,1097075,1097079,2025-11-13T23:35:18+00:00,2025-11-13T23:35:22+00:00,100324.44727499611,100374.44727499611,-1,50.0,200.0,,False,sl,4.0,-0.05,0.10034944727499612,-0.1503494472749961,0.001,vwap_inversion_flip,1,99961.24631975513,242.34961741850285,1.4986652717251523,1.5,3600
2025-11,38,1097087,1097705,2025-11-13T23:35:30+00:00,2025-11-13T23:45:49+00:00,100445.65065525011,100245.65065525011,-1,50.0,200.0,,False,tp,619.0,0.2,0.10034565065525011,0.0996543493447499,0.001,vwap_inversion_flip,1,99973.04244330073,249.17709989427212,1.8966759471472774,2.0,3600
2025-11,39,1105153,1105153,2025-11-14T01:50:06+00:00,2025-11-14T01:50:06+00:00,99343.1344603992,99393.1344603992,-1,50.0,200.0,,False,sl,0.0,-0.05,0.0993681344603992,-0.1493681344603992,0.001,vwap_inversion_flip,1,99010.05288556986,222.32437498354528,1.4981783929629444,1.5,3600
2025-11,40,1106081,1106081,2025-11-14T02:05:52+00:00,2025-11-14T02:05:52+00:00,99468.41955959793,99518.41955959793,-1,50.0,200.0,,False,sl,0.0,-0.05,0.09949341955959792,-0.14949341955959794,0.001,vwap_inversion_flip,1,99133.12140275631,224.31152658738276,1.4947879047624228,1.5,3600
2025-11,41,1109701,1109701,2025-11-14T03:07:03+00:00,2025-11-14T03:07:03+00:00,99404.96378585351,99354.96378585351,1,50.0,200.0,,False,sl,0.0,-0.05,0.09937996378585352,-0.14937996378585353,0.001,vwap_inversion_flip,-1,99608.72374866834,135.87048615017298,1.4996631615023595,1.5,3600
2025-11,42,1109701,1109701,2025-11-14T03:07:03+00:00,2025-11-14T03:07:03+00:00,99337.04754996854,99287.04754996854,1,50.0,200.0,,False,sl,0.0,-0.05,0.09931204754996854,-0.14931204754996855,0.001,vwap_inversion_flip,-1,99608.72374866834,135.87048615017298,1.9995232695313112,2.0,3600
2025-11,43,1109702,1110169,2025-11-14T03:07:04+00:00,2025-11-14T03:15:08+00:00,99269.13131408357,99219.13131408357,1,50.0,200.0,,False,sl,484.0,-0.05,0.09924413131408358,-0.1492441313140836,0.001,vwap_inversion_flip,-1,99608.03094096309,136.59257693662002,2.481098420427109,2.5,3600
2025-11,44,1139422,1139570,2025-11-14T11:24:39+00:00,2025-11-14T11:27:07+00:00,96606.32728732248,96556.32728732248,1,50.0,200.0,,False,sl,148.0,-0.05,0.09658132728732248,-0.14658132728732248,0.001,vwap_inversion_flip,-1,96758.08999511316,253.13285641507625,0.5995377681901006,1.5,3600
2025-11,45,1158419,1158419,2025-11-14T16:41:16+00:00,2025-11-14T16:41:16+00:00,96986.45591128038,97036.45591128038,-1,50.0,200.0,,False,sl,0.0,-0.05,0.09701145591128038,-0.1470114559112804,0.001,vwap_initial,-1,96802.96464740735,289.72997230533855,0.6333181976756436,1.5,3600
2025-11,46,1158434,1158437,2025-11-14T16:41:31+00:00,2025-11-14T16:41:34+00:00,97237.55960586536,97287.55960586536,-1,50.0,200.0,,False,sl,3.0,-0.05,0.09726255960586537,-0.14726255960586537,0.001,vwap_initial,-1,96809.25932730793,291.23415076757664,1.4706389255127097,1.5,3600
2025-11,47,1312845,1313004,2025-11-16T13:05:50+00:00,2025-11-16T13:08:30+00:00,95510.74382583082,95710.74382583082,1,50.0,200.0,,False,tp,160.0,0.2,0.09561074382583083,0.10438925617416918,0.001,vwap_inversion_flip,-1,95677.75005965093,114.08531521862672,1.4638714325333477,1.5,3600
2025-11,48,1354199,1354199,2025-11-17T00:46:25+00:00,2025-11-17T00:46:25+00:00,94588.31588428828,94638.31588428828,-1,50.0,200.0,,False,sl,0.0,-0.05,0.09461331588428828,-0.14461331588428827,0.001,vwap_initial,-1,94442.5296785353,336.1874864492614,0.43364554490932283,1.5,3600
2025-11,49,1354535,1354535,2025-11-17T00:52:01+00:00,2025-11-17T00:52:01+00:00,94611.21482264806,94661.21482264806,-1,50.0,200.0,,False,sl,0.0,-0.05,0.09463621482264807,-0.14463621482264807,0.001,vwap_inversion_flip,1,94463.39563147062,340.44574548787085,0.43419309283956015,1.5,3600
2025-11,50,1354535,1354540,2025-11-17T00:52:01+00:00,2025-11-17T00:52:06+00:00,94865.67146647646,94915.67146647646,-1,50.0,200.0,,False,sl,5.0,-0.05,0.09489067146647646,-0.14489067146647647,0.001,vwap_inversion_flip,1,94463.39563147062,340.44574548787085,1.1816151041316947,2.0,3600
2025-11,51,1354566,1354622,2025-11-17T00:52:32+00:00,2025-11-17T00:53:28+00:00,94973.30824053481,95023.30824053481,-1,50.0,200.0,,False,sl,56.0,-0.05,0.09499830824053482,-0.14499830824053483,0.001,vwap_inversion_flip,1,94471.15113477623,343.26481773165324,1.462885445344833,1.5,3600
2025-11,52,1379219,1379219,2025-11-17T07:53:45+00:00,2025-11-17T07:53:45+00:00,95609.6852987343,95659.6852987343,-1,50.0,200.0,,False,sl,0.0,-0.05,0.0956346852987343,-0.1456346852987343,0.001,vwap_initial,-1,95497.3663774552,190.25004970277746,0.5903752532762898,1.5,3600
2025-11,53,1408034,1408034,2025-11-17T16:01:44+00:00,2025-11-17T16:01:44+00:00,93808.58108255065,93758.58108255065,1,50.0,200.0,,False,sl,0.0,-0.05,0.09378358108255065,-0.14378358108255065,0.001,vwap_inversion_flip,-1,94238.16107286351,287.13511879979836,1.496090036316262,1.5,3600
2025-11,55,1408034,1408057,2025-11-17T16:01:44+00:00,2025-11-17T16:02:07+00:00,93680.3826753128,93630.3826753128,1,50.0,200.0,,False,sl,23.0,-0.05,0.0936553826753128,-0.1436553826753128,0.001,vwap_inversion_flip,-1,94238.16107286351,287.13511879979836,1.9425641833091953,1.5,3600
2025-11,54,1408034,1408058,2025-11-17T16:01:44+00:00,2025-11-17T16:02:08+00:00,93665.1961833838,93615.1961833838,1,50.0,200.0,,False,sl,24.0,-0.05,0.0936401961833838,-0.1436401961833838,0.001,vwap_inversion_flip,-1,94238.16107286351,287.13511879979836,1.995453889007589,2.0,3600
2025-11,56,1496355,1496355,2025-11-18T16:35:15+00:00,2025-11-18T16:35:15+00:00,93234.41117281519,93284.41117281519,-1,50.0,200.0,,False,sl,0.0,-0.05,0.0932594111728152,-0.1432594111728152,0.001,vwap_inversion_flip,1,93107.44235193523,381.4346937094475,0.33287171558830503,1.5,3600
2025-11,57,1496355,1496360,2025-11-18T16:35:15+00:00,2025-11-18T16:35:20+00:00,93599.7395442246,93649.7395442246,-1,50.0,200.0,,False,sl,5.0,-0.05,0.09362473954422461,-0.1436247395442246,0.001,vwap_inversion_flip,1,93107.44235193523,381.4346937094475,1.2906460802025994,2.0,3600
2025-11,58,1496376,1496435,2025-11-18T16:35:36+00:00,2025-11-18T16:36:35+00:00,93679.4895815336,93479.4895815336,-1,50.0,200.0,,False,tp,59.0,0.2,0.09357948958153361,0.1064205104184664,0.001,vwap_inversion_flip,1,93117.766073372,376.91964896722396,1.4903004120394243,1.5,3600
2025-11,59,1508096,1508153,2025-11-18T19:52:31+00:00,2025-11-18T19:53:29+00:00,93071.17364791148,93021.17364791148,1,50.0,200.0,,False,sl,58.0,-0.05,0.09304617364791147,-0.14304617364791147,0.001,vwap_inversion_flip,-1,93293.61316588882,148.30944038390197,1.4998338433585396,1.5,3600
2025-11,60,1516620,1516620,2025-11-18T22:18:10+00:00,2025-11-18T22:18:10+00:00,92977.03014495081,93027.03014495081,-1,50.0,200.0,,False,sl,0.0,-0.05,0.09300203014495081,-0.14300203014495083,0.001,vwap_inversion_flip,1,92705.32058564611,182.75175785389703,1.4867685131757757,1.5,3600
2025-11,61,1516620,1516836,2025-11-18T22:18:10+00:00,2025-11-18T22:21:51+00:00,93067.97134600884,93117.97134600884,-1,50.0,200.0,,False,sl,221.0,-0.05,0.09309297134600884,-0.14309297134600885,0.001,vwap_inversion_flip,1,92705.32058564611,182.75175785389703,1.9843899977840453,2.0,3600
2025-11,62,1613815,1613824,2025-11-20T01:32:55+00:00,2025-11-20T01:33:04+00:00,92334.83658005846,92384.83658005846,-1,50.0,200.0,,False,sl,9.0,-0.05,0.09235983658005846,-0.14235983658005846,0.001,vwap_inversion_flip,1,92119.84762324007,163.49914321896782,1.314924057616988,1.5,3600
2025-11,63,1613823,1613887,2025-11-20T01:33:03+00:00,2025-11-20T01:34:07+00:00,92364.9595776819,92414.9595776819,-1,50.0,200.0,,False,sl,64.0,-0.05,0.09238995957768191,-0.1423899595776819,0.001,vwap_inversion_flip,1,92120.1758601087,163.60705583524032,1.4961684648839755,1.5,3600
2025-11,64,1786570,1787011,2025-11-22T01:46:39+00:00,2025-11-22T01:54:14+00:00,85072.72406156332,85122.72406156332,-1,50.0,200.0,,False,sl,455.0,-0.05,0.08509772406156332,-0.13509772406156334,0.001,vwap_inversion_flip,1,84823.94123967813,165.88786341658178,1.499704781057093,1.5,3600
2025-11,65,1804997,1804997,2025-11-22T06:56:58+00:00,2025-11-22T06:56:58+00:00,84573.55194810788,84623.55194810788,-1,50.0,200.0,,False,sl,0.0,-0.05,0.08459855194810788,-0.13459855194810788,0.001,vwap_inversion_flip,1,84455.2636731609,180.3301661948805,0.6559538952520774,1.5,3600
2025-11,66,1804997,1805523,2025-11-22T06:56:58+00:00,2025-11-22T07:05:50+00:00,84689.60808653677,84489.60808653677,-1,50.0,200.0,,False,tp,532.0,0.2,0.08458960808653677,0.11541039191346324,0.001,vwap_inversion_flip,1,84455.2636731609,180.3301661948805,1.299529736597824,2.0,3600
2025-11,67,1827110,1827110,2025-11-22T13:10:14+00:00,2025-11-22T13:10:14+00:00,83875.32722313891,83925.32722313891,-1,50.0,200.0,,False,sl,0.0,-0.05,0.08390032722313892,-0.13390032722313894,0.001,vwap_inversion_flip,1,83740.68988432919,90.2322947180554,1.4921191933600069,1.5,3600
2025-11,68,1827110,1827110,2025-11-22T13:10:14+00:00,2025-11-22T13:10:14+00:00,83920.27209866387,83970.27209866387,-1,50.0,200.0,,False,sl,0.0,-0.05,0.08394527209866388,-0.1339452720986639,0.001,vwap_inversion_flip,1,83740.68988432919,90.2322947180554,1.990221072131887,2.0,3600
2025-11,69,1827110,1827110,2025-11-22T13:10:14+00:00,2025-11-22T13:10:14+00:00,83965.21697418884,84015.21697418884,-1,50.0,200.0,,False,sl,0.0,-0.05,0.08399021697418885,-0.13399021697418884,0.001,vwap_inversion_flip,1,83740.68988432919,90.2322947180554,2.488322950903767,2.5,3600
2025-11,70,1827110,1827142,2025-11-22T13:10:14+00:00,2025-11-22T13:10:46+00:00,84010.16184971381,84060.16184971381,-1,50.0,200.0,,False,sl,32.0,-0.05,0.08403516184971382,-0.1340351618497138,0.001,vwap_inversion_flip,1,83740.68988432919,90.2322947180554,2.9864248296758085,3.0,3600
2025-11,71,1827142,1827960,2025-11-22T13:10:46+00:00,2025-11-22T13:24:30+00:00,84055.10672523877,83855.10672523877,-1,50.0,200.0,,False,tp,824.0,0.2,0.08395510672523877,0.11604489327476124,0.001,vwap_inversion_flip,1,83749.35374773802,102.13834867394863,2.993517924171631,3.5,3600
2025-11,72,1870139,1870139,2025-11-23T01:47:20+00:00,2025-11-23T01:47:20+00:00,85642.9168367215,85692.9168367215,-1,50.0,200.0,,False,sl,0.0,-0.05,0.08566791683672151,-0.13566791683672152,0.001,vwap_initial,-1,85470.8381344233,262.00880898624797,0.6567668581983769,1.5,3600
2025-11,73,1956885,1956890,2025-11-24T02:10:25+00:00,2025-11-24T02:10:30+00:00,87696.81841320913,87746.81841320913,-1,50.0,200.0,,False,sl,5.0,-0.05,0.08772181841320914,-0.13772181841320913,0.001,vwap_inversion_flip,1,87099.90956414797,472.9878583694778,1.2619961347821356,1.5,3600
2025-11,74,1956907,1957005,2025-11-24T02:10:47+00:00,2025-11-24T02:12:25+00:00,87808.97935180414,87858.97935180414,-1,50.0,200.0,,False,sl,98.0,-0.05,0.08783397935180415,-0.13783397935180414,0.001,vwap_inversion_flip,1,87106.95004532492,476.32690309260323,1.4738392938152773,1.5,3600
2025-11,75,2002666,2002668,2025-11-24T15:00:18+00:00,2025-11-24T15:00:20+00:00,86302.41343275185,86352.41343275185,-1,50.0,200.0,,False,sl,2.0,-0.05,0.08632741343275185,-0.13632741343275184,0.001,vwap_inversion_flip,1,85831.89442992954,317.43202669914274,1.4822669524403909,1.5,3600
2025-11,76,2016144,2016353,2025-11-24T18:45:05+00:00,2025-11-24T18:48:34+00:00,88412.93424259743,88462.93424259743,-1,50.0,200.0,,False,sl,209.0,-0.05,0.08843793424259744,-0.13843793424259743,0.001,vwap_inversion_flip,1,88262.42170012643,157.4259759607488,0.9560845441957182,1.5,3600
2025-11,77,2088295,2088384,2025-11-25T15:06:40+00:00,2025-11-25T15:08:09+00:00,86289.69736474524,86489.69736474524,1,50.0,200.0,,False,tp,89.0,0.2,0.08638969736474525,0.11361030263525476,0.001,vwap_inversion_flip,-1,86604.09220517335,308.09432930171704,1.0204499418755084,1.5,3600
2025-11,78,2133658,2133719,2025-11-26T04:04:09+00:00,2025-11-26T04:05:13+00:00,87208.32121661956,87158.32121661956,1,50.0,200.0,,False,sl,64.0,-0.05,0.08718332121661956,-0.13718332121661958,0.001,vwap_inversion_flip,-1,87358.2651982538,223.78995336854945,0.670021059378384,1.5,3600
2025-11,79,2183999,2183999,2025-11-26T18:21:04+00:00,2025-11-26T18:21:04+00:00,89995.18549987835,90045.18549987835,-1,50.0,200.0,,False,sl,0.0,-0.05,0.09002018549987835,-0.14002018549987835,0.001,vwap_initial,-1,89336.3346574189,624.9516385424859,1.0542429234940827,1.5,3600
2025-11,80,2203305,2204486,2025-11-26T23:48:11+00:00,2025-11-27T00:07:57+00:00,90496.03073705111,90296.03073705111,-1,50.0,200.0,,False,tp,1186.0,0.2,0.09039603073705112,0.1096039692629489,0.001,vwap_inversion_flip,1,90380.56926775428,77.75957722745792,1.4848520711357556,1.5,3600
2025-11,81,2203305,2204492,2025-11-26T23:48:11+00:00,2025-11-27T00:08:03+00:00,90491.31567457678,90291.31567457678,-1,50.0,200.0,,False,tp,1192.0,0.2,0.09039131567457677,0.10960868432542324,0.001,vwap_inversion_flip,1,90380.56926775428,77.75957722745792,1.424215649971261,1.5,3600
2025-11,82,2266097,2266097,2025-11-27T17:25:33+00:00,2025-11-27T17:25:33+00:00,91372.84010719846,91422.84010719846,-1,50.0,200.0,,False,sl,0.0,-0.05,0.09139784010719847,-0.14139784010719847,0.001,vwap_inversion_flip,1,91366.50327774297,108.88376578016558,0.05819811071079249,1.5,3600
2025-11,84,2266125,2266303,2025-11-27T17:26:01+00:00,2025-11-27T17:29:00+00:00,91529.77630160483,91329.77630160483,-1,50.0,200.0,,False,tp,179.0,0.2,0.09142977630160483,0.10857022369839518,0.001,vwap_inversion_flip,1,91367.46752157708,108.37920682800497,1.4976007370613305,1.5,3600
2025-11,83,2266097,2266306,2025-11-27T17:25:33+00:00,2025-11-27T17:29:03+00:00,91510.98304234438,91310.98304234438,-1,50.0,200.0,,False,tp,210.0,0.2,0.09141098304234438,0.10858901695765563,0.001,vwap_inversion_flip,1,91366.50327774297,108.88376578016558,1.3269174111144082,2.0,3600
2025-11,85,2343833,2344042,2025-11-28T16:02:12+00:00,2025-11-28T16:05:41+00:00,92075.36684569491,92025.36684569491,1,50.0,200.0,,False,sl,209.0,-0.05,0.09205036684569491,-0.14205036684569491,0.001,vwap_inversion_flip,-1,92394.33786408723,212.70804294595376,1.4995719671651646,1.5,3600
2025-11,86,2344043,2344043,2025-11-28T16:05:42+00:00,2025-11-28T16:05:42+00:00,92058.34639457524,92008.34639457524,1,50.0,200.0,,False,sl,0.0,-0.05,0.09203334639457525,-0.14203334639457527,0.001,vwap_inversion_flip,-1,92386.87938914016,219.31515228310482,1.4979949681763167,1.5,3600
2025-11,87,2345684,2345684,2025-11-28T16:33:03+00:00,2025-11-28T16:33:03+00:00,91435.67122762513,91385.67122762513,1,50.0,200.0,,False,sl,0.0,-0.05,0.09141067122762513,-0.14141067122762513,0.001,vwap_inversion_flip,-1,91784.20571094581,509.824835967797,0.6836357484606566,1.5,3600
2025-11,88,2350145,2350145,2025-11-28T17:47:24+00:00,2025-11-28T17:47:24+00:00,90677.7288680581,90627.7288680581,1,50.0,200.0,,False,sl,0.0,-0.05,0.09065272886805811,-0.14065272886805813,0.001,vwap_inversion_flip,-1,90668.32906415632,319.50392148447247,0.0,1.5,3600
2026-02,1,111157,111665,2026-02-02T07:23:50+00:00,2026-02-02T07:32:22+00:00,76474.26004275827,76524.26004275827,-1,50.0,200.0,,False,sl,512.0,-0.05,0.07649926004275827,-0.12649926004275827,0.001,vwap_initial,-1,76101.66662394546,524.5460064986618,0.7103159955403299,1.5,3600
2026-02,2,280739,281744,2026-02-04T07:24:20+00:00,2026-02-04T07:41:52+00:00,76385.99920915316,76585.99920915316,1,50.0,200.0,,False,tp,1052.0,0.2,0.07648599920915317,0.12351400079084685,0.001,vwap_inversion_flip,-1,76541.48831362474,103.75112079300253,1.4986739736701118,1.5,3600
2026-02,3,293301,293301,2026-02-04T11:03:31+00:00,2026-02-04T11:03:31+00:00,76011.65510352318,75961.65510352318,1,50.0,200.0,,False,sl,0.0,-0.05,0.07598665510352319,-0.1259866551035232,0.001,vwap_inversion_flip,-1,76143.81688466258,89.54424611058741,1.4759382861538097,1.5,3600
2026-02,5,293301,293301,2026-02-04T11:03:31+00:00,2026-02-04T11:03:31+00:00,75996.9248305876,75946.9248305876,1,50.0,200.0,,False,sl,0.0,-0.05,0.0759719248305876,-0.1259719248305876,0.001,vwap_inversion_flip,-1,76143.81688466258,89.54424611058741,1.640441016093543,1.5,3600
2026-02,4,293301,293309,2026-02-04T11:03:31+00:00,2026-02-04T11:03:39+00:00,75967.36284215683,75917.36284215683,1,50.0,200.0,,False,sl,8.0,-0.05,0.07594236284215683,-0.12594236284215682,0.001,vwap_inversion_flip,-1,76143.81688466258,89.54424611058741,1.9705793523330144,2.0,3600
2026-02,6,293302,293310,2026-02-04T11:03:32+00:00,2026-02-04T11:03:40+00:00,75923.07058079047,75873.07058079047,1,50.0,200.0,,False,sl,8.0,-0.05,0.07589807058079047,-0.12589807058079047,0.001,vwap_inversion_flip,-1,76143.5339013424,89.86631492620096,2.4532364627721392,2.5,3600
2026-02,7,293310,293504,2026-02-04T11:03:40+00:00,2026-02-04T11:06:54+00:00,75878.77831942413,75828.77831942413,1,50.0,200.0,,False,sl,194.0,-0.05,0.07585377831942414,-0.12585377831942413,0.001,vwap_inversion_flip,-1,76134.16692844343,100.1960982234445,2.548887766565145,3.0,3600
2026-02,8,293310,293504,2026-02-04T11:03:40+00:00,2026-02-04T11:06:54+00:00,75907.23849481353,75857.23849481353,1,50.0,200.0,,False,sl,194.0,-0.05,0.07588223849481354,-0.12588223849481356,0.001,vwap_inversion_flip,-1,76134.16692844343,100.1960982234445,2.264843019374225,2.0,3600
2026-02,9,302901,302901,2026-02-04T13:47:27+00:00,2026-02-04T13:47:27+00:00,75538.98354475996,75488.98354475996,1,50.0,200.0,,False,sl,0.0,-0.05,0.07551398354475997,-0.12551398354475996,0.001,vwap_inversion_flip,-1,75709.85472478243,289.3247418932282,0.5905861313635182,1.5,3600
2026-02,10,302901,302901,2026-02-04T13:47:27+00:00,2026-02-04T13:47:27+00:00,75411.19746123422,75361.19746123422,1,50.0,200.0,,False,sl,0.0,-0.05,0.07538619746123422,-0.12538619746123422,0.001,vwap_inversion_flip,-1,75709.85472478243,289.3247418932282,1.032256216989666,2.0,3600
2026-02,11,302922,302934,2026-02-04T13:47:48+00:00,2026-02-04T13:48:00+00:00,75275.99034322325,75225.99034322325,1,50.0,200.0,,False,sl,12.0,-0.05,0.07525099034322325,-0.12525099034322323,0.001,vwap_inversion_flip,-1,75701.79290216131,290.02077301559257,1.468179518696625,1.5,3600
2026-02,12,302922,302934,2026-02-04T13:47:48+00:00,2026-02-04T13:48:00+00:00,75283.41137770849,75233.41137770849,1,50.0,200.0,,False,sl,12.0,-0.05,0.07525841137770849,-0.1252584113777085,0.001,vwap_inversion_flip,-1,75701.79290216131,290.02077301559257,1.44259157750169,2.5,3600
2026-02,13,302944,302945,2026-02-04T13:48:10+00:00,2026-02-04T13:48:11+00:00,75155.62529418274,75105.62529418274,1,50.0,200.0,,False,sl,1.0,-0.05,0.07513062529418274,-0.12513062529418273,0.001,vwap_inversion_flip,-1,75689.47094748843,296.62269288226514,1.7997464998997283,3.0,3600
2026-02,14,302945,302945,2026-02-04T13:48:11+00:00,2026-02-04T13:48:11+00:00,75131.33646559839,75081.33646559839,1,50.0,200.0,,False,sl,0.0,-0.05,0.07510633646559839,-0.12510633646559838,0.001,vwap_inversion_flip,-1,75683.90759257162,301.0492609494668,1.8354840840017215,2.0,3600
2026-02,15,307019,307041,2026-02-04T14:56:06+00:00,2026-02-04T14:56:28+00:00,74821.62033065705,74771.62033065705,1,50.0,200.0,,False,sl,22.0,-0.05,0.07479662033065705,-0.12479662033065705,0.001,vwap_inversion_flip,-1,75144.48237560313,247.29198871786937,1.305590393849836,1.5,3600
2026-02,16,307041,307064,2026-02-04T14:56:28+00:00,2026-02-04T14:56:51+00:00,74774.18193823077,74724.18193823077,1,50.0,200.0,,False,sl,23.0,-0.05,0.07474918193823078,-0.12474918193823079,0.001,vwap_inversion_flip,-1,75142.97879913593,248.04097333210137,1.4868384684629476,1.5,3600
2026-02,17,329338,329372,2026-02-04T21:09:12+00:00,2026-02-04T21:09:47+00:00,73394.00798730936,73344.00798730936,1,50.0,200.0,,False,sl,35.0,-0.05,0.07336900798730936,-0.12336900798730936,0.001,vwap_inversion_flip,-1,73560.38900414931,111.03473436713142,1.4984591784568873,1.5,3600
2026-02,18,329373,329601,2026-02-04T21:09:48+00:00,2026-02-04T21:13:39+00:00,73338.30879857905,73538.30879857905,1,50.0,200.0,,False,tp,231.0,0.2,0.07343830879857904,0.12656169120142097,0.001,vwap_inversion_flip,-1,73555.79700531342,109.85267948316857,1.9798170400358295,2.0,3600
2026-02,19,333675,333675,2026-02-04T22:22:03+00:00,2026-02-04T22:22:03+00:00,73048.54897424438,73098.54897424438,-1,50.0,200.0,,False,sl,0.0,-0.05,0.07307354897424438,-0.12307354897424438,0.001,vwap_inversion_flip,1,72457.02977386909,394.9531025733444,1.4976947807757544,1.5,3600
2026-02,20,333678,333722,2026-02-04T22:22:06+00:00,2026-02-04T22:22:50+00:00,73245.88212785946,73295.88212785946,-1,50.0,200.0,,False,sl,44.0,-0.05,0.07327088212785945,-0.12327088212785946,0.001,vwap_inversion_flip,1,72462.3410007945,398.5818755434343,1.9658222692556053,2.0,3600
2026-02,21,344112,344126,2026-02-05T01:17:01+00:00,2026-02-05T01:17:15+00:00,72822.6201871879,72772.6201871879,1,50.0,200.0,,False,sl,14.0,-0.05,0.0727976201871879,-0.1227976201871879,0.001,vwap_inversion_flip,-1,73028.89977471657,134.6215919363175,1.5322919938894242,1.5,3600
2026-02,22,344131,344141,2026-02-05T01:17:20+00:00,2026-02-05T01:17:30+00:00,72754.0839534481,72704.0839534481,1,50.0,200.0,,False,sl,10.0,-0.05,0.07272908395344811,-0.12272908395344811,0.001,vwap_inversion_flip,-1,73024.43801431394,137.50010319098035,1.9662098761506335,2.0,3600
2026-02,23,426908,426908,2026-02-06T00:17:37+00:00,2026-02-06T00:17:37+00:00,61565.22192341964,61515.22192341964,1,50.0,200.0,,False,sl,0.0,-0.05,0.06154022192341964,-0.11154022192341964,0.001,vwap_inversion_flip,-1,61960.45639236415,1251.7437171483289,0.31574711622672724,1.5,3600
2026-02,24,426908,426908,2026-02-06T00:17:37+00:00,2026-02-06T00:17:37+00:00,61014.02661011655,60964.02661011655,1,50.0,200.0,,False,sl,0.0,-0.05,0.06098902661011655,-0.11098902661011656,0.001,vwap_inversion_flip,-1,61960.45639236415,1251.7437171483289,0.7560891013726976,2.0,3600
2026-02,25,426961,426962,2026-02-06T00:18:30+00:00,2026-02-06T00:18:31+00:00,60462.83129681346,60412.83129681346,1,50.0,200.0,,False,sl,1.0,-0.05,0.06043783129681347,-0.11043783129681348,0.001,vwap_inversion_flip,-1,61917.98065831686,1241.787624206958,1.1718182184596169,2.5,3600
2026-02,26,427199,427199,2026-02-06T00:22:28+00:00,2026-02-06T00:22:28+00:00,61188.15568220968,61138.15568220968,1,50.0,200.0,,False,sl,0.0,-0.05,0.06116315568220969,-0.11116315568220969,0.001,vwap_initial,1,61654.64748875492,1242.5646258030454,0.3754265950101002,1.5,3600
2026-02,27,694068,694068,2026-02-09T03:48:08+00:00,2026-02-09T03:48:08+00:00,70971.04134006142,71021.04134006142,-1,50.0,200.0,,False,sl,0.0,-0.05,0.07099604134006142,-0.12099604134006142,0.001,vwap_inversion_flip,1,70912.695237357,208.67975731088765,0.27959637032499485,1.5,3600
2026-02,28,694068,694088,2026-02-09T03:48:08+00:00,2026-02-09T03:48:28+00:00,71109.5451822755,71159.5451822755,-1,50.0,200.0,,False,sl,20.0,-0.05,0.07113454518227551,-0.12113454518227551,0.001,vwap_inversion_flip,1,70912.695237357,208.67975731088765,0.9433111647012314,2.0,3600
2026-02,29,694097,694364,2026-02-09T03:48:37+00:00,2026-02-09T03:53:05+00:00,71225.16835677304,71275.16835677304,-1,50.0,200.0,,False,sl,268.0,-0.05,0.07125016835677303,-0.12125016835677303,0.001,vwap_inversion_flip,1,70924.33326559137,211.31586377532028,1.4236275772533915,1.5,3600
2026-02,30,694979,695968,2026-02-09T04:03:20+00:00,2026-02-09T04:19:52+00:00,71141.99860259358,71191.99860259358,-1,50.0,200.0,,False,sl,992.0,-0.05,0.07116699860259358,-0.12116699860259358,0.001,vwap_initial,-1,71061.96003765697,206.65959420888402,0.38729663262431,1.5,3600
2026-02,31,697331,697997,2026-02-09T04:43:02+00:00,2026-02-09T04:54:31+00:00,70984.52292892367,70934.52292892367,1,50.0,200.0,,False,sl,689.0,-0.05,0.07095952292892367,-0.12095952292892367,0.001,vwap_initial,1,71160.81549344634,117.44998112229433,1.5010012163314035,1.5,3600
2026-02,32,740820,740820,2026-02-09T16:53:33+00:00,2026-02-09T16:53:33+00:00,69914.06281694371,69964.06281694371,-1,50.0,200.0,,False,sl,0.0,-0.05,0.06993906281694372,-0.11993906281694372,0.001,vwap_inversion_flip,1,69731.85890816148,368.7705374202207,0.4940847770997752,1.5,3600
2026-02,33,759837,759837,2026-02-09T22:14:03+00:00,2026-02-09T22:14:03+00:00,70477.13103859017,70527.13103859017,-1,50.0,200.0,,False,sl,0.0,-0.05,0.07050213103859018,-0.12050213103859019,0.001,vwap_inversion_flip,1,70158.79209185798,212.24861777940495,1.4998399050261657,1.5,3600
2026-02,34,759837,759837,2026-02-09T22:14:03+00:00,2026-02-09T22:14:03+00:00,70583.23393406221,70633.23393406221,-1,50.0,200.0,,False,sl,0.0,-0.05,0.07060823393406221,-0.12060823393406221,0.001,vwap_inversion_flip,1,70158.79209185798,212.24861777940495,1.9997390166534268,2.0,3600
2026-02,35,1148261,1148261,2026-02-14T12:58:59+00:00,2026-02-14T12:58:59+00:00,69666.71319568912,69616.71319568912,1,50.0,200.0,,False,sl,0.0,-0.05,0.06964171319568913,-0.11964171319568913,0.001,vwap_inversion_flip,-1,70027.09839841114,256.3508491677012,1.4058280044403275,1.5,3600
2026-02,36,1148261,1148262,2026-02-14T12:58:59+00:00,2026-02-14T12:59:00+00:00,69609.89783982119,69559.89783982119,1,50.0,200.0,,False,sl,1.0,-0.05,0.06958489783982119,-0.1195848978398212,0.001,vwap_inversion_flip,-1,70027.09839841114,256.3508491677012,1.627459241677874,1.5,3600
2026-02,37,1148262,1148489,2026-02-14T12:59:00+00:00,2026-02-14T13:02:47+00:00,69541.54208390434,69491.54208390434,1,50.0,200.0,,False,sl,227.0,-0.05,0.06951654208390434,-0.11951654208390435,0.001,vwap_inversion_flip,-1,70021.45251097057,259.05711603109415,1.8525274828143798,2.0,3600
2026-02,38,1211825,1211825,2026-02-15T07:40:40+00:00,2026-02-15T07:40:40+00:00,70767.14510763378,70817.14510763378,-1,50.0,200.0,,False,sl,0.0,-0.05,0.07079214510763379,-0.1207921451076338,0.001,vwap_inversion_flip,1,70640.46158030197,176.8605144301601,0.7162906188528558,1.5,3600
2026-02,39,1273949,1273949,2026-02-16T01:34:04+00:00,2026-02-16T01:34:04+00:00,68649.46197839326,68599.46197839326,1,50.0,200.0,,False,sl,0.0,-0.05,0.06862446197839325,-0.11862446197839326,0.001,vwap_inversion_flip,-1,68801.81327736139,101.94441856743973,1.4944545381594132,1.5,3600
2026-02,40,1273949,1274004,2026-02-16T01:34:04+00:00,2026-02-16T01:35:00+00:00,68598.60353680058,68548.60353680058,1,50.0,200.0,,False,sl,56.0,-0.05,0.06857360353680059,-0.11857360353680059,0.001,vwap_inversion_flip,-1,68801.81327736139,101.94441856743973,1.9933385605252847,2.0,3600
2026-02,41,1274004,1274251,2026-02-16T01:35:00+00:00,2026-02-16T01:39:17+00:00,68547.7450952079,68497.7450952079,1,50.0,200.0,,False,sl,257.0,-0.05,0.0685227450952079,-0.1185227450952079,0.001,vwap_inversion_flip,-1,68795.52483187025,107.92250090984469,2.2959043255432365,2.5,3600
2026-02,42,1315100,1315173,2026-02-16T13:32:54+00:00,2026-02-16T13:34:07+00:00,68778.5015376042,68728.5015376042,1,50.0,200.0,,False,sl,73.0,-0.05,0.06875350153760419,-0.1187535015376042,0.001,vwap_inversion_flip,-1,69412.55723351866,422.8231205034323,1.4995766909802009,1.5,3600
2026-02,43,1948476,1948486,2026-02-24T07:04:38+00:00,2026-02-24T07:04:48+00:00,62962.74725882847,62912.74725882847,1,50.0,200.0,,False,sl,10.0,-0.05,0.06293774725882847,-0.11293774725882848,0.001,vwap_inversion_flip,-1,63107.51417697167,97.58294189066812,1.4835268883919903,1.5,3600
2026-02,44,1948486,1948620,2026-02-24T07:04:48+00:00,2026-02-24T07:07:02+00:00,62914.1478975995,63114.1478975995,1,50.0,200.0,,False,tp,134.0,0.2,0.0630141478975995,0.1369858521024005,0.001,vwap_inversion_flip,-1,63106.44990557546,98.26117055532943,1.9570498386000454,2.0,3600
2026-02,45,1975496,1975533,2026-02-24T14:43:44+00:00,2026-02-24T14:44:21+00:00,63277.97788882565,63327.97788882565,-1,50.0,200.0,,False,sl,37.0,-0.05,0.06330297788882565,-0.11330297788882565,0.001,vwap_inversion_flip,1,63013.595425935935,184.50253130102217,1.4329476187964258,1.5,3600
2026-02,46,1975523,1975534,2026-02-24T14:44:11+00:00,2026-02-24T14:44:22+00:00,63290.286556798856,63340.286556798856,-1,50.0,200.0,,False,sl,11.0,-0.05,0.06331528655679886,-0.11331528655679886,0.001,vwap_inversion_flip,1,63016.0708091357,185.6061253951485,1.477406777817055,1.5,3600
2026-02,47,2144216,2144217,2026-02-26T14:30:41+00:00,2026-02-26T14:30:42+00:00,67802.55067423698,67752.55067423698,1,50.0,200.0,,False,sl,1.0,-0.05,0.06777755067423698,-0.11777755067423698,0.001,vwap_inversion_flip,-1,67905.4885162045,135.4282098301814,0.76009157986063,1.5,3600
2026-02,48,2144223,2144240,2026-02-26T14:30:48+00:00,2026-02-26T14:31:05+00:00,67712.1971033017,67912.1971033017,1,50.0,200.0,,False,tp,17.0,0.2,0.0678121971033017,0.1321878028966983,0.001,vwap_inversion_flip,-1,67900.51035379029,135.49173333940732,1.3898504790462873,2.0,3600
2026-02,49,2189266,2189459,2026-02-27T03:22:32+00:00,2026-02-27T03:25:49+00:00,67116.43945148226,67066.43945148226,1,50.0,200.0,,False,sl,197.0,-0.05,0.06709143945148226,-0.11709143945148226,0.001,vwap_inversion_flip,-1,67301.03067399123,123.49949292629935,1.4946719062168847,1.5,3600
2026-02,50,2204221,2204953,2026-02-27T07:38:01+00:00,2026-02-27T07:50:19+00:00,67464.9653747947,67664.9653747947,1,50.0,200.0,,False,tp,738.0,0.2,0.0675649653747947,0.1324350346252053,0.001,vwap_inversion_flip,-1,67590.67221009568,87.4677583614096,1.4371791121200506,1.5,3600
2026-02,51,2229661,2229661,2026-02-27T14:43:19+00:00,2026-02-27T14:43:19+00:00,65954.45269021628,65904.45269021628,1,50.0,200.0,,False,sl,0.0,-0.05,0.06592945269021629,-0.11592945269021629,0.001,vwap_inversion_flip,-1,66121.68048116905,111.95960933445492,1.4936439305823226,1.5,3600
2026-02,52,2229661,2229661,2026-02-27T14:43:19+00:00,2026-02-27T14:43:19+00:00,65898.6347339398,65848.6347339398,1,50.0,200.0,,False,sl,0.0,-0.05,0.06587363473393981,-0.11587363473393981,0.001,vwap_inversion_flip,-1,66121.68048116905,111.95960933445492,1.9921983343381167,2.0,3600
2026-02,53,2229661,2229661,2026-02-27T14:43:19+00:00,2026-02-27T14:43:19+00:00,65842.81677766333,65792.81677766333,1,50.0,200.0,,False,sl,0.0,-0.05,0.06581781677766334,-0.11581781677766334,0.001,vwap_inversion_flip,-1,66121.68048116905,111.95960933445492,2.4907527380939105,2.5,3600
2026-02,54,2229661,2229817,2026-02-27T14:43:19+00:00,2026-02-27T14:45:55+00:00,65786.99882138686,65736.99882138686,1,50.0,200.0,,False,sl,156.0,-0.05,0.06576199882138686,-0.11576199882138687,0.001,vwap_inversion_flip,-1,66121.68048116905,111.95960933445492,2.9893071418497046,3.0,3600
2026-02,55,2248826,2248838,2026-02-27T20:07:13+00:00,2026-02-27T20:07:25+00:00,65459.80631084869,65509.80631084869,-1,50.0,200.0,,False,sl,12.0,-0.05,0.0654848063108487,-0.1154848063108487,0.001,vwap_inversion_flip,1,65324.56547989688,90.45567231061463,1.495106138699683,1.5,3600
2026-02,56,2248830,2249183,2026-02-27T20:07:17+00:00,2026-02-27T20:13:19+00:00,65504.95618544537,65554.95618544536,-1,50.0,200.0,,False,sl,362.0,-0.049999999999992724,0.06552995618544537,-0.1155299561854381,0.001,vwap_inversion_flip,1,65324.63991079098,90.53376403694293,1.9917019531056956,2.0,3600
2026-02,57,2248859,2249365,2026-02-27T20:07:46+00:00,2026-02-27T20:16:28+00:00,65550.10606004205,65600.10606004205,-1,50.0,200.0,,False,sl,522.0,-0.05,0.06557510606004205,-0.11557510606004205,0.001,vwap_inversion_flip,1,65325.40101114509,91.4811306501314,2.45629942809011,2.5,3600
2026-02,58,2299799,2300176,2026-02-28T11:06:07+00:00,2026-02-28T11:12:25+00:00,64035.74266998367,64085.74266998367,-1,50.0,200.0,,False,sl,378.0,-0.05,0.06406074266998367,-0.11406074266998367,0.001,vwap_initial,-1,63865.12124315543,164.93216265541,1.0344945708661957,1.5,3600
2026-02,59,2326979,2326979,2026-02-28T18:44:10+00:00,2026-02-28T18:44:10+00:00,65488.433855048126,65538.43385504812,-1,50.0,200.0,,False,sl,0.0,-0.049999999999992724,0.06551343385504813,-0.11551343385504084,0.001,vwap_initial,-1,65371.894719387616,231.9013354702581,0.5025375788551978,1.5,3600
2026-02,60,2329831,2329831,2026-02-28T19:31:51+00:00,2026-02-28T19:31:51+00:00,65928.77597610581,65978.77597610581,-1,50.0,200.0,,False,sl,0.0,-0.05,0.06595377597610581,-0.11595377597610582,0.001,vwap_inversion_flip,1,65762.82149175498,168.05889878838764,0.9874781136094221,1.5,3600
2026-02,61,2329837,2329838,2026-02-28T19:31:57+00:00,2026-02-28T19:31:58+00:00,66013.9606725993,66063.9606725993,-1,50.0,200.0,,False,sl,1.0,-0.05,0.0660389606725993,-0.1160389606725993,0.001,vwap_inversion_flip,1,65767.19683952769,169.0777282372169,1.4594697695807908,1.5,3600
2026-02,62,2329840,2329841,2026-02-28T19:32:00+00:00,2026-02-28T19:32:01+00:00,66097.92601600055,66147.92601600055,-1,50.0,200.0,,False,sl,1.0,-0.05,0.06612292601600055,-0.11612292601600055,0.001,vwap_inversion_flip,1,65771.23368391315,171.55120324172032,1.9043429944766193,2.0,3600
2026-02,63,2329841,2329843,2026-02-28T19:32:01+00:00,2026-02-28T19:32:03+00:00,66132.17269055423,66182.17269055423,-1,50.0,200.0,,False,sl,2.0,-0.05,0.06615717269055424,-0.11615717269055424,0.001,vwap_inversion_flip,1,65775.34853697203,175.2971573923431,2.0355387325738095,2.0,3600
2026-02,64,2329843,2329849,2026-02-28T19:32:03+00:00,2026-02-28T19:32:09+00:00,66181.89135940181,66231.89135940181,-1,50.0,200.0,,False,sl,6.0,-0.05,0.0662068913594018,-0.1162068913594018,0.001,vwap_inversion_flip,1,65783.97802640017,182.7052489242592,2.1778976539781274,2.5,3600
2026-02,65,2329852,2329975,2026-02-28T19:32:12+00:00,2026-02-28T19:34:15+00:00,66265.85670280305,66315.85670280305,-1,50.0,200.0,,False,sl,123.0,-0.05,0.06629085670280306,-0.11629085670280306,0.001,vwap_inversion_flip,1,65804.45388758683,200.35516721573555,2.3029244597390304,3.0,3600
2026-02,66,2333219,2333390,2026-02-28T20:28:21+00:00,2026-02-28T20:31:12+00:00,66773.08874933467,66823.08874933467,-1,50.0,200.0,,False,sl,171.0,-0.05,0.06679808874933467,-0.11679808874933467,0.001,vwap_initial,-1,66440.17353697283,284.80254412864696,1.168933421505746,1.5,3600
2026-02,67,2336280,2336280,2026-02-28T21:19:25+00:00,2026-02-28T21:19:25+00:00,66459.39673568758,66409.39673568758,1,50.0,200.0,,False,sl,0.0,-0.05,0.06643439673568759,-0.11643439673568759,0.001,vwap_inversion_flip,-1,66750.53831643221,194.13434925004935,1.4996912286224788,1.5,3600
2026-02,68,2336280,2337259,2026-02-28T21:19:25+00:00,2026-02-28T21:36:03+00:00,66362.34553965818,66562.34553965818,1,50.0,200.0,,False,tp,998.0,0.2,0.06646234553965819,0.13353765446034183,0.001,vwap_inversion_flip,-1,66750.53831643221,194.13434925004935,1.99960892172681,2.0,3600
2026-02,69,2341198,2341200,2026-02-28T22:42:08+00:00,2026-02-28T22:42:10+00:00,67249.47673087682,67299.47673087682,-1,50.0,200.0,,False,sl,2.0,-0.05,0.06727447673087683,-0.11727447673087683,0.001,vwap_inversion_flip,1,67077.2075262903,320.0833723400765,0.5382010422068926,1.5,3600
2026-05,1,159344,159358,2026-05-02T23:51:18+00:00,2026-05-02T23:51:32+00:00,78646.36984927306,78596.36984927306,1,50.0,200.0,,False,sl,14.0,-0.05,0.07862136984927307,-0.12862136984927308,0.001,vwap_inversion_flip,-1,78725.67336368395,52.86261901101994,1.5001813359711755,1.5,3600
2026-05,2,159344,160293,2026-05-02T23:51:18+00:00,2026-05-03T00:08:26+00:00,78619.93696873856,78569.93696873856,1,50.0,200.0,,False,sl,1028.0,-0.05,0.07859493696873857,-0.12859493696873858,0.001,vwap_inversion_flip,-1,78725.67336368395,52.86261901101994,2.0002110550622616,2.0,3600
2026-05,3,159373,160394,2026-05-02T23:51:47+00:00,2026-05-03T00:10:08+00:00,78593.50408820408,78543.50408820408,1,50.0,200.0,,False,sl,1101.0,-0.05,0.07856850408820408,-0.12856850408820408,0.001,vwap_inversion_flip,-1,78725.24863774522,53.63287374144151,2.4564141421223162,2.5,3600
2026-05,4,242115,242115,2026-05-04T00:30:01+00:00,2026-05-04T00:30:01+00:00,78450.70648430412,78400.70648430412,1,50.0,200.0,,False,sl,0.0,-0.05,0.07842570648430412,-0.12842570648430413,0.001,vwap_inversion_flip,-1,78463.04562963704,107.69820159084432,0.1145715077007662,1.5,3600
2026-05,6,242131,243687,2026-05-04T00:30:17+00:00,2026-05-04T00:56:46+00:00,78299.08433929058,78499.08433929058,1,50.0,200.0,,False,tp,1589.0,0.2,0.07839908433929059,0.12160091566070942,0.001,vwap_inversion_flip,-1,78461.71181134692,107.85958612016924,1.5077702215095676,2.0,3600
2026-05,5,242128,243689,2026-05-04T00:30:14+00:00,2026-05-04T00:56:48+00:00,78301.61263038497,78501.61263038497,1,50.0,200.0,,False,tp,1594.0,0.2,0.07840161263038498,0.12159838736961504,0.001,vwap_inversion_flip,-1,78461.906608899,107.85725827236516,1.4861677469052523,1.5,3600
2026-05,7,277363,277376,2026-05-04T10:26:05+00:00,2026-05-04T10:26:18+00:00,78178.9887841324,78128.9887841324,1,50.0,200.0,,False,sl,13.0,-0.05,0.07815398878413239,-0.1281539887841324,0.001,vwap_inversion_flip,-1,78745.26021230695,465.7490896339735,1.2158293827682698,1.5,3600
2026-05,8,810936,810936,2026-05-10T23:05:08+00:00,2026-05-10T23:05:08+00:00,82083.7645111046,82133.7645111046,-1,50.0,200.0,,False,sl,0.0,-0.05,0.0821087645111046,-0.1321087645111046,0.001,vwap_inversion_flip,1,81741.85747313082,380.9986419842907,0.8973969990892506,1.5,3600
2026-05,9,810968,811265,2026-05-10T23:05:40+00:00,2026-05-10T23:10:37+00:00,82313.24680208479,82363.24680208479,-1,50.0,200.0,,False,sl,297.0,-0.05,0.0823382468020848,-0.1323382468020848,0.001,vwap_inversion_flip,1,81747.09659409801,379.78855573935573,1.4906984410960522,1.5,3600
2026-05,10,860658,861191,2026-05-11T13:21:09+00:00,2026-05-11T13:30:15+00:00,81253.07896638135,81053.07896638135,-1,50.0,200.0,,False,tp,546.0,0.2,0.08115307896638134,0.11884692103361867,0.001,vwap_initial,-1,81177.7994975357,94.01926499305227,0.8006813162303675,1.5,3600
2026-05,11,956285,956289,2026-05-12T17:00:08+00:00,2026-05-12T17:00:12+00:00,79982.68991862176,79932.68991862176,1,50.0,200.0,,False,sl,4.0,-0.05,0.07995768991862177,-0.12995768991862178,0.001,vwap_inversion_flip,-1,80077.85621324666,171.26898230963593,0.5556539972477186,1.5,3600
2026-05,12,1095927,1095927,2026-05-14T09:32:24+00:00,2026-05-14T09:32:24+00:00,79717.52143634156,79667.52143634156,1,50.0,200.0,,False,sl,0.0,-0.05,0.07969252143634156,-0.12969252143634158,0.001,vwap_inversion_flip,-1,79803.34864938125,57.22970407394616,1.499696956825037,1.5,3600
2026-05,13,1095927,1095933,2026-05-14T09:32:24+00:00,2026-05-14T09:32:30+00:00,79688.92234951108,79638.92234951108,1,50.0,200.0,,False,sl,6.0,-0.05,0.07966392234951108,-0.12966392234951107,0.001,vwap_inversion_flip,-1,79803.34864938125,57.22970407394616,1.9994214843802918,2.0,3600
2026-05,14,1095927,1095940,2026-05-14T09:32:24+00:00,2026-05-14T09:32:37+00:00,79660.32326268058,79610.32326268058,1,50.0,200.0,,False,sl,13.0,-0.05,0.0796353232626806,-0.1296353232626806,0.001,vwap_inversion_flip,-1,79803.34864938125,57.22970407394616,2.499146011935801,2.5,3600
2026-05,16,1095933,1096217,2026-05-14T09:32:30+00:00,2026-05-14T09:37:17+00:00,79643.02130854757,79593.02130854757,1,50.0,200.0,,False,sl,287.0,-0.05,0.07961802130854757,-0.12961802130854758,0.001,vwap_inversion_flip,-1,79802.74342456744,58.07096455592642,2.7504643196695002,1.5,3600
2026-05,15,1095933,1096252,2026-05-14T09:32:30+00:00,2026-05-14T09:37:52+00:00,79631.7241758501,79581.7241758501,1,50.0,200.0,,False,sl,322.0,-0.05,0.0796067241758501,-0.12960672417585012,0.001,vwap_inversion_flip,-1,79802.74342456744,58.07096455592642,2.945004444564202,3.0,3600
2026-05,17,1095941,1096265,2026-05-14T09:32:38+00:00,2026-05-14T09:38:05+00:00,79603.12508901962,79553.12508901962,1,50.0,200.0,,False,sl,327.0,-0.05,0.07957812508901962,-0.1295781250890196,0.001,vwap_inversion_flip,-1,79801.91048750766,59.64484028208943,3.332818019930678,3.5,3600
2026-05,18,1122179,1122280,2026-05-14T16:56:11+00:00,2026-05-14T16:57:52+00:00,81209.28919555745,81409.28919555745,1,50.0,200.0,,False,tp,101.0,0.2,0.08130928919555744,0.11869071080444257,0.001,vwap_initial,1,81379.62915473957,113.55997278807992,1.5000000000000158,1.5,3600
2026-05,20,1205039,1205734,2026-05-15T16:34:44+00:00,2026-05-15T16:46:35+00:00,79317.18031419789,79117.18031419789,-1,50.0,200.0,,False,tp,711.0,0.2,0.07921718031419789,0.12078281968580212,0.001,vwap_inversion_flip,1,79161.89439441536,79.91991512988933,1.9430190776623515,2.0,3600
2026-05,19,1205018,1208018,2026-05-15T16:34:23+00:00,2026-05-15T17:25:27+00:00,79277.9648368487,79327.9648368487,-1,50.0,200.0,,False,sl,3064.0,-0.05,0.0793029648368487,-0.12930296483684872,0.001,vwap_inversion_flip,1,79160.32936414256,78.45741088130461,1.4993545081943525,1.5,3600
2026-05,21,1341221,1341609,2026-05-17T10:17:32+00:00,2026-05-17T10:24:01+00:00,78399.48334014442,78449.48334014442,-1,50.0,200.0,,False,sl,389.0,-0.05,0.07842448334014442,-0.12842448334014442,0.001,vwap_inversion_flip,1,78298.7717235773,120.45638337618162,0.8360836822785758,1.5,3600
2026-05,22,1381112,1381123,2026-05-17T22:23:29+00:00,2026-05-17T22:23:40+00:00,77997.02969110802,77947.02969110802,1,50.0,200.0,,False,sl,11.0,-0.05,0.07797202969110802,-0.12797202969110802,0.001,vwap_inversion_flip,-1,78201.62235247037,167.30760711193975,1.2228533112989848,1.5,3600
2026-05,23,1381123,1382635,2026-05-17T22:23:40+00:00,2026-05-17T22:51:18+00:00,77953.39072698877,77903.39072698877,1,50.0,200.0,,False,sl,1658.0,-0.05,0.07792839072698877,-0.12792839072698878,0.001,vwap_inversion_flip,-1,78199.15006357529,168.06185149269103,1.4623148228091831,1.5,3600
2026-05,24,1381125,1382636,2026-05-17T22:23:42+00:00,2026-05-17T22:51:19+00:00,77925.42948282645,77875.42948282645,1,50.0,200.0,,False,sl,1657.0,-0.05,0.07790042948282645,-0.12790042948282646,0.001,vwap_inversion_flip,-1,78198.86380398786,168.32624876909833,1.624430670563371,2.0,3600
2026-05,25,1451803,1451803,2026-05-18T18:25:55+00:00,2026-05-18T18:25:55+00:00,76253.10860879543,76203.10860879543,1,50.0,200.0,,False,sl,0.0,-0.05,0.07622810860879543,-0.12622810860879544,0.001,vwap_inversion_flip,-1,76484.48812494909,165.21631957101891,1.400464050733167,1.5,3600
2026-05,26,1451803,1451803,2026-05-18T18:25:55+00:00,2026-05-18T18:25:55+00:00,76173.64799218053,76123.64799218053,1,50.0,200.0,,False,sl,0.0,-0.05,0.07614864799218053,-0.12614864799218053,0.001,vwap_inversion_flip,-1,76484.48812494909,165.21631957101891,1.8814130079622131,2.0,3600
2026-05,27,1451804,1451990,2026-05-18T18:25:56+00:00,2026-05-18T18:29:02+00:00,76112.88652452624,76312.88652452624,1,50.0,200.0,,False,tp,186.0,0.2,0.07621288652452624,0.12378711347547378,0.001,vwap_inversion_flip,-1,76480.84459759599,168.31795474952423,2.1860892595642056,1.5,3600
2026-05,28,2089932,2090312,2026-05-26T15:46:03+00:00,2026-05-26T15:52:23+00:00,76396.70842595455,76346.70842595455,1,50.0,200.0,,False,sl,380.0,-0.05,0.07637170842595456,-0.12637170842595458,0.001,vwap_inversion_flip,-1,76652.74549657216,246.28300526098604,1.0396051093589718,1.5,3600
2026-05,29,2253989,2254325,2026-05-28T14:46:43+00:00,2026-05-28T14:52:19+00:00,72704.43476610087,72904.43476610087,1,50.0,200.0,,False,tp,336.0,0.2,0.07280443476610086,0.12719556523389913,0.001,vwap_inversion_flip,-1,73013.94477871357,238.09184671878242,1.2999605693271765,1.5,3600
2026-05,30,2339375,2339375,2026-05-29T15:38:56+00:00,2026-05-29T15:38:56+00:00,73864.7255943966,73914.7255943966,-1,50.0,200.0,,False,sl,0.0,-0.05,0.0738897255943966,-0.12388972559439661,0.001,vwap_inversion_flip,1,73483.58569556187,413.79395785310635,0.9210861869810995,1.5,3600
2026-05,31,2339375,2339496,2026-05-29T15:38:56+00:00,2026-05-29T15:40:57+00:00,74074.57415558615,74124.57415558615,-1,50.0,200.0,,False,sl,121.0,-0.05,0.07409957415558616,-0.12409957415558616,0.001,vwap_inversion_flip,1,73483.58569556187,413.79395785310635,1.4282191627217444,2.0,3600
2026-05,32,2382082,2383523,2026-05-30T04:39:59+00:00,2026-05-30T05:05:12+00:00,73258.291365824,73458.291365824,1,50.0,200.0,,False,tp,1513.0,0.2,0.073358291365824,0.126641708634176,0.001,vwap_inversion_flip,-1,73359.01877638987,122.15193039718355,0.8246076033211427,1.5,3600
