cell,sl_zone_mult,tp_zone_mult,sniper_sl_mode,sniper_tp_mode,sl_usd,tp_usd,total_pnl,avg_pnl_per_month,min_pnl_in_month,all_months_positive,trades_total,ev_per_trade_avg,wr_avg_pct,pnl_2025-04,ev_2025-04,wr_2025-04,pnl_2025-05,ev_2025-05,wr_2025-05,pnl_2025-10,ev_2025-10,wr_2025-10,pnl_2025-11,ev_2025-11,wr_2025-11,pnl_2026-02,ev_2026-02,wr_2026-02,pnl_2026-05,ev_2026-05,wr_2026-05
B_n_5x60,5.0,60.0,,,0,0,780.52,130.09,34.11,YES,346,2.2558,13.78,159.24,2.9489,16.67,159.89,3.6339,13.64,163.60,2.3371,15.71,198.29,2.3057,16.28,34.11,0.5880,8.62,65.39,1.9233,11.76
B_n_5x50,5.0,50.0,,,0,0,724.23,120.70,45.54,YES,346,2.0931,14.93,114.87,2.1272,16.67,202.78,4.6087,15.91,114.31,1.6330,15.71,176.47,2.0520,17.44,70.25,1.2113,12.07,45.54,1.3395,11.76
B_n_7x45,7.0,45.0,,,0,0,705.58,117.60,26.35,YES,346,2.0393,18.19,207.39,3.8405,22.22,217.31,4.9389,22.73,65.59,0.9371,17.14,128.28,1.4916,19.77,60.67,1.0460,15.52,26.35,0.7750,11.76
A_canon_5x45,5.0,45.0,,,0,0,624.20,104.03,35.62,YES,346,1.8041,15.50,92.68,1.7164,16.67,201.17,4.5722,18.18,89.66,1.2809,15.71,154.37,1.7950,18.60,50.69,0.8740,12.07,35.62,1.0476,11.76
B_n_4x45,4.0,45.0,,,0,0,590.63,98.44,32.03,YES,346,1.7070,14.28,81.09,1.5016,14.81,208.86,4.7469,18.18,32.03,0.4575,11.43,162.36,1.8879,17.44,66.04,1.1386,12.07,40.25,1.1838,11.76
B_n_1.5x60,1.5,60.0,,,0,0,572.55,95.43,66.97,YES,346,1.6548,8.61,148.27,2.7457,12.96,97.70,2.2206,4.55,72.87,1.0410,8.57,97.18,1.1300,8.14,89.56,1.5441,8.62,66.97,1.9697,8.82
B_n_1.5x50,1.5,50.0,,,0,0,558.81,93.14,43.39,YES,346,1.6151,9.76,111.34,2.0618,12.96,130.88,2.9746,6.82,43.39,0.6199,8.57,99.74,1.1598,9.30,123.96,2.1373,12.07,49.50,1.4559,8.82
B_n_2.5x45,2.5,45.0,,,0,0,534.76,89.13,35.90,YES,346,1.5455,11.76,81.89,1.5165,12.96,165.58,3.7632,13.64,60.17,0.8596,11.43,102.16,1.1880,11.63,89.06,1.5355,12.07,35.90,1.0557,8.82
A_best_1.5x45,1.5,45.0,,,0,0,468.06,78.01,28.65,YES,346,1.3528,10.14,92.87,1.7199,12.96,122.85,2.7921,9.09,28.65,0.4093,8.57,78.51,0.9129,9.30,104.40,1.8001,12.07,40.77,1.1990,8.82
B_n_1.5x35,1.5,35.0,,,0,0,286.29,47.72,-0.83,NO,346,0.8274,10.95,73.06,1.3530,16.67,80.23,1.8235,9.09,-0.83,-0.0118,8.57,45.25,0.5261,10.47,65.28,1.1256,12.07,23.30,0.6852,8.82
B_n_1.0x45,1.0,45.0,,,0,0,250.71,41.78,-72.18,NO,346,0.7246,7.47,66.06,1.2233,11.11,128.02,2.9096,9.09,-72.18,-1.0311,4.29,34.77,0.4043,5.81,89.24,1.5386,8.62,4.80,0.1410,5.88
D_usd_1000_2000,5.0,45.0,usd_fixed,usd_fixed,1000.0,2000.0,154.37,25.73,-81.72,NO,346,0.4462,23.56,111.86,2.0716,27.78,59.56,1.3535,25.00,62.88,0.8983,27.14,-46.24,-0.5377,22.09,48.03,0.8282,27.59,-81.72,-2.4034,11.76
A_agmd_2x22,2.0,22.0,,,0,0,72.04,12.01,-1.85,NO,346,0.2082,12.36,19.19,0.3554,18.52,19.68,0.4473,9.09,27.21,0.3887,12.86,1.06,0.0123,12.79,6.76,0.1165,12.07,-1.85,-0.0544,8.82
A_orig_1.5x22,1.5,22.0,,,0,0,68.90,11.48,-7.26,NO,346,0.1991,11.88,24.58,0.4552,18.52,24.83,0.5643,9.09,-7.26,-0.1038,10.00,11.74,0.1366,12.79,14.43,0.2488,12.07,0.59,0.0172,8.82
D_usd_500_1000,5.0,45.0,usd_fixed,usd_fixed,500.0,1000.0,41.77,6.96,-45.54,NO,346,0.1207,26.78,52.17,0.9661,31.48,26.50,0.6023,29.55,-38.70,-0.5528,24.29,10.09,0.1173,27.91,37.25,0.6422,32.76,-45.54,-1.3395,14.71
D_usd_200_500,5.0,45.0,usd_fixed,usd_fixed,200.0,500.0,-131.92,-21.99,-48.62,NO,346,-0.3813,26.26,1.39,0.0258,31.48,-22.50,-0.5113,25.00,-21.90,-0.3129,31.43,-48.62,-0.5653,24.42,-15.75,-0.2716,27.59,-24.54,-0.7218,17.65
C_tp_atr_0.55,5.0,45.0,,atr_mult,0,0,-334.92,-55.82,-88.47,NO,346,-0.9680,0.00,-46.78,-0.8663,0.00,-46.23,-1.0507,0.00,-88.47,-1.2639,0.00,-84.60,-0.9837,0.00,-40.09,-0.6912,0.00,-28.75,-0.8455,0.00
C_tp_atr_22,5.0,45.0,,atr_mult,0,0,-338.40,-56.40,-87.00,NO,346,-0.9780,20.75,-33.28,-0.6163,31.48,-51.81,-1.1774,9.09,-87.00,-1.2429,21.43,-83.70,-0.9732,16.28,-50.29,-0.8671,34.48,-32.32,-0.9507,11.76
C_tp_atr_4.0,5.0,45.0,,atr_mult,0,0,-341.33,-56.89,-94.82,NO,346,-0.9865,1.06,-46.22,-0.8559,0.00,-43.89,-0.9975,0.00,-85.82,-1.2260,0.00,-94.82,-1.1025,1.16,-39.19,-0.6756,5.17,-31.40,-0.9234,0.00
C_tp_atr_2.0,5.0,45.0,,atr_mult,0,0,-341.43,-56.90,-90.20,NO,346,-0.9868,0.57,-46.24,-0.8562,0.00,-44.53,-1.0120,0.00,-90.20,-1.2886,0.00,-85.71,-0.9967,0.00,-42.83,-0.7385,3.45,-31.92,-0.9388,0.00
