cell,n,net,gross,fees,wr,ev,med_hold,med_sl,med_tp,rr,sl_zm,tp_zm,n_pos_files
base_5x60x,173,36.384981600000906,52.14404080000091,15.759059200000001,16.184971098265898,0.21031781271676825,363.0,223.5000000000582,2682.0000000006985,12.0,5.0,60.0,2
C1_10x20x_qty001,173,-12.770718399999643,2.9883408000003575,15.759059200000001,28.32369942196532,-0.0738191815028881,767.0,447.0000000001164,894.0000000002328,2.0,10.0,20.0,2
S5_2x20x,173,-16.679918399999657,-0.9208591999996548,15.759059200000001,14.450867052023122,-0.0964157132947957,107.0,89.40000000002328,894.0000000002328,10.0,2.0,20.0,2
S3_1x20x,173,-19.81451840000001,-4.0554592000000085,15.759059200000001,10.404624277456648,-0.11453478843930642,48.0,44.70000000001164,894.0000000002328,20.0,1.0,20.0,2
S6_3x15x,173,-23.646718399999717,-7.887659199999716,15.759059200000001,17.341040462427745,-0.13668623352600992,161.0,134.10000000003492,670.5000000001746,5.0,3.0,15.0,2
S2_1x10x,173,-27.594518399999924,-11.835459199999923,15.759059200000001,12.716763005780345,-0.15950588670520188,46.0,44.70000000001164,447.0000000001164,10.0,1.0,10.0,2
S4_2x10x,173,-27.855118399999682,-12.096059199999681,15.759059200000001,16.76300578034682,-0.16101224508670336,98.0,89.40000000002328,447.0000000001164,5.0,2.0,10.0,2
S7_5x10x,173,-27.88851839999943,-12.129459199999427,15.759059200000001,26.589595375722542,-0.16120530867051694,235.0,223.5000000000582,447.0000000001164,2.0,5.0,10.0,2
S1_1x5x,173,-28.841518399999952,-13.08245919999995,15.759059200000001,13.294797687861271,-0.16671397919075118,45.0,44.70000000001164,223.5000000000582,5.0,1.0,5.0,2
