file,cell,n,net,gross,fees,wr,ev,med_hold,med_sl,med_tp,rr,sl_zm,tp_zm
2025-04,C1_10x20x_qty001,68,2.6513620000001215,8.410481000000122,5.759119,33.82352941176471,0.03899061764706061,445.5,453.5000000000582,907.0000000001164,2.0,10.0,20.0
2025-04,S1_1x5x,68,-9.860238000000015,-4.101119000000015,5.759119,16.176470588235293,-0.14500350000000023,40.5,45.35000000000582,226.7500000000291,5.0,1.0,5.0
2025-04,S2_1x10x,68,-9.09863799999998,-3.3395189999999797,5.759119,16.176470588235293,-0.13380349999999971,44.5,45.35000000000582,453.5000000000582,10.0,1.0,10.0
2025-04,S3_1x20x,68,-5.4873379999999194,0.2717810000000811,5.759119,13.23529411764706,-0.08069614705882235,46.0,45.35000000000582,907.0000000001164,20.0,1.0,20.0
2025-04,S4_2x10x,68,-8.821037999999902,-3.061918999999901,5.759119,20.588235294117645,-0.1297211470588221,82.0,90.70000000001164,453.5000000000582,5.0,2.0,10.0
2025-04,S5_2x20x,68,-3.7334379999997798,2.0256810000002208,5.759119,17.647058823529413,-0.05490349999999676,91.5,90.70000000001164,907.0000000001164,10.0,2.0,20.0
2025-04,S6_3x15x,68,-7.732637999999908,-1.9735189999999077,5.759119,19.11764705882353,-0.113715264705881,145.0,136.05000000001746,680.2500000000873,5.0,3.0,15.0
2025-04,S7_5x10x,68,-9.12563799999985,-3.366518999999849,5.759119,30.88235294117647,-0.1342005588235272,233.0,226.7500000000291,453.5000000000582,2.0,5.0,10.0
2025-04,base_5x60x,68,13.962662000001927,19.72178100000193,5.759119,16.176470588235293,0.2053332647059107,324.5,226.7500000000291,2721.0000000003492,12.0,5.0,60.0
2025-11,C1_10x20x_qty001,105,-15.422080399999764,-5.422140199999765,9.999940200000001,24.761904761904763,-0.14687695619047395,940.0,436.9999999999709,873.9999999999418,2.0,10.0,20.0
2025-11,S1_1x5x,105,-18.981280399999935,-8.981340199999936,9.999940200000001,11.428571428571429,-0.18077409904761843,45.0,43.69999999999709,218.49999999998545,5.0,1.0,5.0
2025-11,S2_1x10x,105,-18.495880399999944,-8.495940199999943,9.999940200000001,10.476190476190476,-0.17615124190476136,61.0,43.69999999999709,436.9999999999709,10.0,1.0,10.0
2025-11,S3_1x20x,105,-14.32718040000009,-4.32724020000009,9.999940200000001,8.571428571428571,-0.136449337142858,61.0,43.69999999999709,873.9999999999418,20.0,1.0,20.0
2025-11,S4_2x10x,105,-19.03408039999978,-9.03414019999978,9.999940200000001,14.285714285714285,-0.1812769561904741,107.0,87.39999999999418,436.9999999999709,5.0,2.0,10.0
2025-11,S5_2x20x,105,-12.946480399999876,-2.946540199999875,9.999940200000001,12.380952380952381,-0.12329981333333215,113.0,87.39999999999418,873.9999999999418,10.0,2.0,20.0
2025-11,S6_3x15x,105,-15.91408039999981,-5.9141401999998084,9.999940200000001,16.19047619047619,-0.15156267047618865,178.0,131.09999999999127,655.4999999999563,5.0,3.0,15.0
2025-11,S7_5x10x,105,-18.76288039999958,-8.762940199999578,9.999940200000001,23.809523809523807,-0.17869409904761505,291.0,218.49999999998545,436.9999999999709,2.0,5.0,10.0
2025-11,base_5x60x,105,22.42231959999898,32.42225979999898,9.999940200000001,16.19047619047619,0.21354590095237122,428.0,218.49999999998545,2621.9999999998254,12.0,5.0,60.0
