entry_bar,exit_bar,entry_time,exit_time,direction,entry_price,exit_price,stop_usd,target_usd,exit_reason,hold_secs,pnl_usd,fee_usd,taker_bps_charged,entry_triggered_by,lots,layer_idx,n_layers_signal,signal_id,is_ifvg,tp_rule,rank_tier,rank_percentile,entry_alignment,net_pnl_usd,fvg_zone,file,hour_utc,dow,entry_side
685131,685215,2025-04-09 01:30:46+00:00,2025-04-09 01:32:10+00:00,-1,74785.0,75060.0,275.0,2475.0,sl,84.0,-3.49785,0.74785,5.0,sniper,0.01,0,3,-1,True,1,,0.0,,-4.2457,"FvgZone(trigger_bar=685019, direction=-1, zone_low=np.float64(74751.4), zone_high=np.float64(74806.4), mitigated_bar=685030, mitigated_depth_pct=0.8109090909091967, pierced_bar=685102, inverted_bar=685129, inverted=True, consumed_bar=685130, expired_bar=695819, superseded_bar=-1, played_out_bar=-1, wick_length_usd=92.19999999999709, live=False, n_touches=52)",BTCUSDT-aggTrades-2025-04.parquet,1,2,short
733840,733870,2025-04-09 15:03:15+00:00,2025-04-09 15:03:45+00:00,-1,76946.1,77102.60000000002,156.50000000001455,1408.500000000131,sl,30.0,-2.334461000000146,0.7694610000000002,5.0,sniper,0.01,0,3,-1,True,1,,0.0,,-3.103922000000146,"FvgZone(trigger_bar=733679, direction=-1, zone_low=np.float64(76940.2), zone_high=np.float64(76971.5), mitigated_bar=733695, mitigated_depth_pct=1.0, pierced_bar=733742, inverted_bar=733837, inverted=True, consumed_bar=733839, expired_bar=744479, superseded_bar=-1, played_out_bar=-1, wick_length_usd=72.90000000000873, live=False, n_touches=44)",BTCUSDT-aggTrades-2025-04.parquet,15,2,short
732178,739636,2025-04-09 14:35:33+00:00,2025-04-09 16:39:55+00:00,-1,77844.1,77874.5,125.99999999998545,1133.999999999869,inv,7462.0,-1.0824409999999418,0.778441,5.0,sniper,0.01,0,3,-1,True,1,,0.0,,-1.860881999999942,"FvgZone(trigger_bar=730439, direction=-1, zone_low=np.float64(77848.8), zone_high=np.float64(77874.0), mitigated_bar=732119, mitigated_depth_pct=0.9325396825397902, pierced_bar=732122, inverted_bar=732133, inverted=True, consumed_bar=732177, expired_bar=741239, superseded_bar=-1, played_out_bar=-1, wick_length_usd=26.09999999999127, live=False, n_touches=99)",BTCUSDT-aggTrades-2025-04.parquet,14,2,short
742005,742011,2025-04-09 17:19:25+00:00,2025-04-09 17:19:31+00:00,-1,78526.7,78573.9,260.0,2340.0,inv,6.0,-1.2572669999999708,0.7852669999999999,5.0,sniper,0.01,0,3,-1,True,1,,0.0,,-2.0425339999999705,"FvgZone(trigger_bar=741299, direction=-1, zone_low=np.float64(78521.4), zone_high=np.float64(78573.4), mitigated_bar=741790, mitigated_depth_pct=1.0, pierced_bar=741830, inverted_bar=741848, inverted=True, consumed_bar=742004, expired_bar=752099, superseded_bar=-1, played_out_bar=-1, wick_length_usd=24.80000000000291, live=False, n_touches=44)",BTCUSDT-aggTrades-2025-04.parquet,17,2,short
742004,742252,2025-04-09 17:19:24+00:00,2025-04-09 17:23:32+00:00,1,78295.3,80306.80000000053,223.5000000000582,2011.5000000005239,tp,248.0,19.33204700000524,0.7829530000000001,5.0,sniper,0.01,0,3,-1,True,1,,0.0,,18.54909400000524,"FvgZone(trigger_bar=741659, direction=1, zone_low=np.float64(78276.9), zone_high=np.float64(78321.6), mitigated_bar=741905, mitigated_depth_pct=0.8903803131989384, pierced_bar=741924, inverted_bar=742002, inverted=True, consumed_bar=742003, expired_bar=752459, superseded_bar=-1, played_out_bar=-1, wick_length_usd=32.80000000000291, live=False, n_touches=20)",BTCUSDT-aggTrades-2025-04.parquet,17,2,long
827743,827991,2025-04-10 17:11:11+00:00,2025-04-10 17:15:19+00:00,1,78751.0,78633.4,597.0000000000437,5373.000000000393,inv,248.0,-1.9635100000000585,0.78751,5.0,sniper,0.01,0,3,-1,True,1,,0.0,,-2.7510200000000586,"FvgZone(trigger_bar=824999, direction=1, zone_low=np.float64(78633.9), zone_high=np.float64(78753.3), mitigated_bar=825003, mitigated_depth_pct=0.3576214405359629, pierced_bar=827703, inverted_bar=827736, inverted=True, consumed_bar=827742, expired_bar=835799, superseded_bar=-1, played_out_bar=-1, wick_length_usd=132.6999999999971, live=False, n_touches=447)",BTCUSDT-aggTrades-2025-04.parquet,17,3,long
879022,879148,2025-04-11 07:34:03+00:00,2025-04-11 07:36:09+00:00,-1,80949.9,81075.40000000002,125.5000000000291,1129.500000000262,sl,126.0,-2.064499000000291,0.809499,5.0,sniper,0.01,0,3,-1,True,1,,0.0,,-2.8739980000002907,"FvgZone(trigger_bar=878459, direction=-1, zone_low=np.float64(80945.5), zone_high=np.float64(80970.6), mitigated_bar=878940, mitigated_depth_pct=1.0, pierced_bar=878970, inverted_bar=879017, inverted=True, consumed_bar=879021, expired_bar=889259, superseded_bar=-1, played_out_bar=-1, wick_length_usd=0.0, live=False, n_touches=125)",BTCUSDT-aggTrades-2025-04.parquet,7,4,short
856332,880905,2025-04-11 01:14:35+00:00,2025-04-11 08:05:28+00:00,1,79319.3,81461.30000000026,238.0000000000291,2142.000000000262,tp,24653.0,20.62680700000262,0.7931930000000001,5.0,sniper,0.01,0,3,-1,True,1,,0.0,,19.833614000002623,"FvgZone(trigger_bar=856199, direction=1, zone_low=np.float64(79268.4), zone_high=np.float64(79316.0), mitigated_bar=856239, mitigated_depth_pct=0.38025210084041194, pierced_bar=856295, inverted_bar=856329, inverted=True, consumed_bar=856331, expired_bar=866999, superseded_bar=-1, played_out_bar=-1, wick_length_usd=20.30000000000291, live=False, n_touches=55)",BTCUSDT-aggTrades-2025-04.parquet,1,4,long
870988,880913,2025-04-11 05:19:26+00:00,2025-04-11 08:05:36+00:00,1,80543.8,81722.80000000053,131.0000000000582,1179.0000000005239,tp,9970.0,10.984562000005239,0.8054380000000001,5.0,sniper,0.01,0,3,-1,True,1,,0.0,,10.179124000005238,"FvgZone(trigger_bar=870539, direction=1, zone_low=np.float64(80521.9), zone_high=np.float64(80548.1), mitigated_bar=870905, mitigated_depth_pct=0.5916030534348516, pierced_bar=870912, inverted_bar=870981, inverted=True, consumed_bar=870987, expired_bar=881339, superseded_bar=-1, played_out_bar=-1, wick_length_usd=26.10000000000582, live=False, n_touches=92)",BTCUSDT-aggTrades-2025-04.parquet,5,4,long
880711,900952,2025-04-11 08:02:14+00:00,2025-04-11 13:39:40+00:00,1,80874.3,83196.30000000026,258.0000000000291,2322.000000000262,tp,20246.0,22.41125700000262,0.8087430000000001,5.0,sniper,0.01,0,3,-1,True,1,,0.0,,21.60251400000262,"FvgZone(trigger_bar=878879, direction=1, zone_low=np.float64(80838.4), zone_high=np.float64(80890.0), mitigated_bar=878883, mitigated_depth_pct=1.0, pierced_bar=880675, inverted_bar=880709, inverted=True, consumed_bar=880710, expired_bar=889679, superseded_bar=-1, played_out_bar=-1, wick_length_usd=24.5, live=False, n_touches=44)",BTCUSDT-aggTrades-2025-04.parquet,8,4,long
1691618,1695819,2025-04-20 23:34:43+00:00,2025-04-21 00:45:35+00:00,1,85000.0,86925.99999999948,213.9999999999418,1925.9999999994761,tp,4252.0,18.40999999999476,0.85,5.0,sniper,0.01,0,3,-1,True,1,,0.0,,17.55999999999476,"FvgZone(trigger_bar=1690439, direction=1, zone_low=np.float64(84957.1), zone_high=np.float64(84999.9), mitigated_bar=1691526, mitigated_depth_pct=0.6401869158878886, pierced_bar=1691537, inverted_bar=1691616, inverted=True, consumed_bar=1691617, expired_bar=1701239, superseded_bar=-1, played_out_bar=-1, wick_length_usd=0.10000000000582077, live=False, n_touches=290)",BTCUSDT-aggTrades-2025-04.parquet,23,6,long
1757825,1757833,2025-04-21 18:03:22+00:00,2025-04-21 18:03:30+00:00,1,86658.5,86643.5,108.49999999998545,976.499999999869,inv,8.0,-1.016585,0.866585,5.0,sniper,0.01,0,3,-1,True,1,,0.0,,-1.8831700000000002,"FvgZone(trigger_bar=1754819, direction=1, zone_low=np.float64(86644.0), zone_high=np.float64(86665.7), mitigated_bar=1757511, mitigated_depth_pct=1.0, pierced_bar=1757762, inverted_bar=1757801, inverted=True, consumed_bar=1757824, expired_bar=1765619, superseded_bar=-1, played_out_bar=-1, wick_length_usd=12.0, live=False, n_touches=52)",BTCUSDT-aggTrades-2025-04.parquet,18,0,long
1782081,1782081,2025-04-22 00:55:56+00:00,2025-04-22 00:55:56+00:00,1,87483.2,87482.25617977527,0.9438202247191103,9.438202247191104,inv,0.0,-0.2947567340824188,0.2916106666666667,5.0,ifvg,0.0033333333333333335,2,3,98,True,1,,0.0,,-0.5863674007490856,"FvgZone(trigger_bar=1780739, direction=-1, zone_low=np.float64(87466.4), zone_high=np.float64(87483.2), mitigated_bar=1781991, mitigated_depth_pct=1.0, pierced_bar=1781998, inverted_bar=1782070, inverted=True, consumed_bar=1782071, expired_bar=1791539, superseded_bar=-1, played_out_bar=-1, wick_length_usd=14.099999999991269, live=False, n_touches=103)",BTCUSDT-aggTrades-2025-04.parquet,0,1,long
1782086,1782086,2025-04-22 00:56:01+00:00,2025-04-22 00:56:01+00:00,1,87474.79999999999,87474.32808988763,0.47191011235914637,4.7191011235914635,inv,0.0,-0.29315570037454275,0.29158266666666666,5.0,ifvg,0.0033333333333333335,1,3,98,True,1,,0.0,,-0.5847383670412094,"FvgZone(trigger_bar=1780739, direction=-1, zone_low=np.float64(87466.4), zone_high=np.float64(87483.2), mitigated_bar=1781991, mitigated_depth_pct=1.0, pierced_bar=1781998, inverted_bar=1782070, inverted=True, consumed_bar=1782071, expired_bar=1791539, superseded_bar=-1, played_out_bar=-1, wick_length_usd=14.099999999991269, live=False, n_touches=103)",BTCUSDT-aggTrades-2025-04.parquet,0,1,long
1782088,1782088,2025-04-22 00:56:03+00:00,2025-04-22 00:56:03+00:00,1,87466.4,87466.29999999999,0.1,1.0,inv,0.0,-0.2918880000000194,0.2915546666666667,5.0,ifvg,0.0033333333333333335,0,3,98,True,1,,0.0,,-0.5834426666666861,"FvgZone(trigger_bar=1780739, direction=-1, zone_low=np.float64(87466.4), zone_high=np.float64(87483.2), mitigated_bar=1781991, mitigated_depth_pct=1.0, pierced_bar=1781998, inverted_bar=1782070, inverted=True, consumed_bar=1782071, expired_bar=1791539, superseded_bar=-1, played_out_bar=-1, wick_length_usd=14.099999999991269, live=False, n_touches=103)",BTCUSDT-aggTrades-2025-04.parquet,0,1,long
1782648,1782675,2025-04-22 01:05:23+00:00,2025-04-22 01:05:50+00:00,-1,87524.7,87563.4,192.99999999995634,1736.999999999607,inv,27.0,-1.262246999999971,0.875247,5.0,sniper,0.01,0,3,-1,True,1,,0.0,,-2.137493999999971,"FvgZone(trigger_bar=1782419, direction=-1, zone_low=np.float64(87524.3), zone_high=np.float64(87562.9), mitigated_bar=1782480, mitigated_depth_pct=0.4404145077721203, pierced_bar=1782610, inverted_bar=1782639, inverted=True, consumed_bar=1782647, expired_bar=1793219, superseded_bar=-1, played_out_bar=-1, wick_length_usd=16.39999999999418, live=False, n_touches=124)",BTCUSDT-aggTrades-2025-04.parquet,1,1,short
1775577,1783288,2025-04-21 23:06:04+00:00,2025-04-22 01:16:03+00:00,1,87017.1,88083.59999999987,118.49999999998545,1066.499999999869,tp,7799.0,9.794828999998689,0.870171,5.0,sniper,0.01,0,3,-1,True,1,,0.0,,8.92465799999869,"FvgZone(trigger_bar=1773959, direction=1, zone_low=np.float64(87000.0), zone_high=np.float64(87023.7), mitigated_bar=1774096, mitigated_depth_pct=1.0, pierced_bar=1775522, inverted_bar=1775566, inverted=True, consumed_bar=1775576, expired_bar=1784759, superseded_bar=-1, played_out_bar=-1, wick_length_usd=0.0, live=False, n_touches=221)",BTCUSDT-aggTrades-2025-04.parquet,23,0,long
1826986,1827012,2025-04-22 13:29:35+00:00,2025-04-22 13:30:01+00:00,-1,89585.8,89606.5,130.0,1170.0,inv,26.0,-1.102857999999971,0.895858,5.0,sniper,0.01,0,3,-1,True,1,,0.0,,-1.998715999999971,"FvgZone(trigger_bar=1826939, direction=-1, zone_low=np.float64(89580.0), zone_high=np.float64(89606.0), mitigated_bar=1826962, mitigated_depth_pct=1.0, pierced_bar=1826974, inverted_bar=1826983, inverted=True, consumed_bar=1826985, expired_bar=1837739, superseded_bar=-1, played_out_bar=-1, wick_length_usd=10.400000000008731, live=False, n_touches=63)",BTCUSDT-aggTrades-2025-04.parquet,13,1,short
1781576,1827714,2025-04-22 00:47:29+00:00,2025-04-22 13:41:43+00:00,1,87287.7,89956.20000000013,296.50000000001455,2668.500000000131,tp,46454.0,25.81212300000131,0.872877,5.0,sniper,0.01,0,3,-1,True,1,,0.0,,24.93924600000131,"FvgZone(trigger_bar=1781219, direction=1, zone_low=np.float64(87239.7), zone_high=np.float64(87299.0), mitigated_bar=1781222, mitigated_depth_pct=0.5885328836423688, pierced_bar=1781483, inverted_bar=1781564, inverted=True, consumed_bar=1781575, expired_bar=1792019, superseded_bar=-1, played_out_bar=-1, wick_length_usd=9.30000000000291, live=False, n_touches=129)",BTCUSDT-aggTrades-2025-04.parquet,0,1,long
1827053,1831092,2025-04-22 13:30:42+00:00,2025-04-22 14:38:01+00:00,1,89441.7,90490.20000000013,116.50000000001455,1048.500000000131,tp,4039.0,9.59058300000131,0.894417,5.0,sniper,0.01,0,3,-1,True,1,,0.0,,8.696166000001309,"FvgZone(trigger_bar=1826099, direction=1, zone_low=np.float64(89400.0), zone_high=np.float64(89423.3), mitigated_bar=1827023, mitigated_depth_pct=1.0, pierced_bar=1827028, inverted_bar=1827040, inverted=True, consumed_bar=1827052, expired_bar=1836899, superseded_bar=-1, played_out_bar=-1, wick_length_usd=0.0, live=False, n_touches=10)",BTCUSDT-aggTrades-2025-04.parquet,13,1,long
1827401,1832666,2025-04-22 13:36:30+00:00,2025-04-22 15:04:15+00:00,1,89684.3,91070.30000000013,154.00000000001455,1386.000000000131,tp,5265.0,12.96315700000131,0.8968430000000001,5.0,sniper,0.01,0,3,-1,True,1,,0.0,,12.06631400000131,"FvgZone(trigger_bar=1827299, direction=1, zone_low=np.float64(89673.0), zone_high=np.float64(89703.8), mitigated_bar=1827316, mitigated_depth_pct=1.0, pierced_bar=1827394, inverted_bar=1827399, inverted=True, consumed_bar=1827400, expired_bar=1838099, superseded_bar=-1, played_out_bar=-1, wick_length_usd=34.59999999999127, live=False, n_touches=75)",BTCUSDT-aggTrades-2025-04.parquet,13,1,long
1830500,1856602,2025-04-22 14:28:09+00:00,2025-04-22 21:45:23+00:00,1,90207.1,91930.59999999948,191.4999999999418,1723.4999999994761,tp,26234.0,16.332928999994763,0.9020710000000001,5.0,sniper,0.01,0,3,-1,True,1,,0.0,,15.430857999994764,"FvgZone(trigger_bar=1829519, direction=1, zone_low=np.float64(90161.6), zone_high=np.float64(90199.9), mitigated_bar=1829601, mitigated_depth_pct=0.6344647519584934, pierced_bar=1830470, inverted_bar=1830497, inverted=True, consumed_bar=1830499, expired_bar=1840319, superseded_bar=-1, played_out_bar=-1, wick_length_usd=0.0, live=False, n_touches=189)",BTCUSDT-aggTrades-2025-04.parquet,14,1,long
2292834,2292885,2025-04-28 02:10:37+00:00,2025-04-28 02:11:28+00:00,1,93023.1,92997.5,182.5,1642.5,inv,51.0,-1.1862310000000584,0.9302310000000001,5.0,sniper,0.01,0,3,-1,True,1,,0.0,,-2.1164620000000585,"FvgZone(trigger_bar=2292479, direction=1, zone_low=np.float64(92998.0), zone_high=np.float64(93034.5), mitigated_bar=2292497, mitigated_depth_pct=1.0, pierced_bar=2292812, inverted_bar=2292817, inverted=True, consumed_bar=2292833, expired_bar=2303279, superseded_bar=-1, played_out_bar=-1, wick_length_usd=0.0, live=False, n_touches=140)",BTCUSDT-aggTrades-2025-04.parquet,2,0,long
2498581,2503958,2025-04-30 12:27:35+00:00,2025-04-30 13:57:17+00:00,-1,94936.1,93059.60000000014,208.49999999998545,1876.499999999869,tp,5382.0,17.81563899999869,0.9493610000000001,5.0,sniper,0.01,0,3,-1,True,1,,0.0,,16.86627799999869,"FvgZone(trigger_bar=2498399, direction=-1, zone_low=np.float64(94900.3), zone_high=np.float64(94942.0), mitigated_bar=2498402, mitigated_depth_pct=1.0, pierced_bar=2498420, inverted_bar=2498515, inverted=True, consumed_bar=2498580, expired_bar=2509199, superseded_bar=-1, played_out_bar=-1, wick_length_usd=0.09999999999126885, live=False, n_touches=162)",BTCUSDT-aggTrades-2025-04.parquet,12,2,short
2512323,2512658,2025-04-30 16:17:15+00:00,2025-04-30 16:22:50+00:00,-1,93578.9,93715.90000000004,137.00000000004366,1233.000000000393,sl,335.0,-2.305789000000437,0.935789,5.0,sniper,0.01,0,3,-1,True,1,,0.0,,-3.2415780000004366,"FvgZone(trigger_bar=2503679, direction=-1, zone_low=np.float64(93571.2), zone_high=np.float64(93598.6), mitigated_bar=2505420, mitigated_depth_pct=1.0, pierced_bar=2505498, inverted_bar=2512302, inverted=True, consumed_bar=2512322, expired_bar=2514479, superseded_bar=-1, played_out_bar=-1, wick_length_usd=12.299999999988358, live=False, n_touches=149)",BTCUSDT-aggTrades-2025-04.parquet,16,2,short
