entry_bar,exit_bar,entry_time,exit_time,direction,entry_price,exit_price,stop_usd,target_usd,exit_reason,hold_secs,pnl_usd,fee_usd,taker_bps_charged,entry_triggered_by,lots,layer_idx,n_layers_signal,signal_id,is_ifvg,tp_rule,rank_tier,rank_percentile,entry_alignment,net_pnl_usd,file,scenario
685131,685215,1744162246000000000,1744162330000000000,-1,74785.0,75060.0,275.0,2475.0,sl,84.0,-3.49785,0.74785,5.0,sniper,0.01,0,3,-1,True,1,,0.0,,-4.2457,BTCUSDT-aggTrades-2025-04.parquet,continuation
733840,733870,1744210995000000000,1744211025000000000,-1,76946.1,77102.60000000002,156.50000000001455,1408.500000000131,sl,30.0,-2.334461000000146,0.7694610000000002,5.0,sniper,0.01,0,3,-1,True,1,,0.0,,-3.103922000000146,BTCUSDT-aggTrades-2025-04.parquet,continuation
732178,739636,1744209333000000000,1744216795000000000,-1,77844.1,77874.5,125.99999999998545,1133.999999999869,inv,7462.0,-1.0824409999999418,0.778441,5.0,sniper,0.01,0,3,-1,True,1,,0.0,,-1.860881999999942,BTCUSDT-aggTrades-2025-04.parquet,continuation
742005,742011,1744219165000000000,1744219171000000000,-1,78526.7,78573.9,260.0,2340.0,inv,6.0,-1.2572669999999708,0.7852669999999999,5.0,sniper,0.01,0,3,-1,True,1,,0.0,,-2.0425339999999705,BTCUSDT-aggTrades-2025-04.parquet,continuation
742004,742252,1744219164000000000,1744219412000000000,1,78295.3,80306.80000000053,223.5000000000582,2011.5000000005239,tp,248.0,19.33204700000524,0.7829530000000001,5.0,sniper,0.01,0,3,-1,True,1,,0.0,,18.54909400000524,BTCUSDT-aggTrades-2025-04.parquet,continuation
827743,827991,1744305071000000000,1744305319000000000,1,78751.0,78633.4,597.0000000000437,5373.000000000393,inv,248.0,-1.9635100000000585,0.78751,5.0,sniper,0.01,0,3,-1,True,1,,0.0,,-2.7510200000000586,BTCUSDT-aggTrades-2025-04.parquet,continuation
879022,879148,1744356843000000000,1744356969000000000,-1,80949.9,81075.40000000002,125.5000000000291,1129.500000000262,sl,126.0,-2.064499000000291,0.809499,5.0,sniper,0.01,0,3,-1,True,1,,0.0,,-2.8739980000002907,BTCUSDT-aggTrades-2025-04.parquet,continuation
856332,880905,1744334075000000000,1744358728000000000,1,79319.3,81461.30000000026,238.0000000000291,2142.000000000262,tp,24653.0,20.62680700000262,0.7931930000000001,5.0,sniper,0.01,0,3,-1,True,1,,0.0,,19.833614000002623,BTCUSDT-aggTrades-2025-04.parquet,continuation
870988,880913,1744348766000000000,1744358736000000000,1,80543.8,81722.80000000053,131.0000000000582,1179.0000000005239,tp,9970.0,10.984562000005239,0.8054380000000001,5.0,sniper,0.01,0,3,-1,True,1,,0.0,,10.179124000005238,BTCUSDT-aggTrades-2025-04.parquet,continuation
880711,900952,1744358534000000000,1744378780000000000,1,80874.3,83196.30000000026,258.0000000000291,2322.000000000262,tp,20246.0,22.41125700000262,0.8087430000000001,5.0,sniper,0.01,0,3,-1,True,1,,0.0,,21.60251400000262,BTCUSDT-aggTrades-2025-04.parquet,continuation
1691618,1695819,1745192083000000000,1745196335000000000,1,85000.0,86925.99999999948,213.9999999999418,1925.9999999994761,tp,4252.0,18.40999999999476,0.85,5.0,sniper,0.01,0,3,-1,True,1,,0.0,,17.55999999999476,BTCUSDT-aggTrades-2025-04.parquet,continuation
1757825,1757833,1745258602000000000,1745258610000000000,1,86658.5,86643.5,108.49999999998545,976.499999999869,inv,8.0,-1.016585,0.866585,5.0,sniper,0.01,0,3,-1,True,1,,0.0,,-1.8831700000000002,BTCUSDT-aggTrades-2025-04.parquet,continuation
1782081,1782081,1745283356000000000,1745283356000000000,1,87483.2,87482.25617977527,0.9438202247191103,9.438202247191104,inv,0.0,-0.2947567340824188,0.2916106666666667,5.0,ifvg,0.0033333333333333335,2,3,98,True,1,,0.0,,-0.5863674007490856,BTCUSDT-aggTrades-2025-04.parquet,continuation
1782086,1782086,1745283361000000000,1745283361000000000,1,87474.79999999999,87474.32808988763,0.47191011235914637,4.7191011235914635,inv,0.0,-0.29315570037454275,0.29158266666666666,5.0,ifvg,0.0033333333333333335,1,3,98,True,1,,0.0,,-0.5847383670412094,BTCUSDT-aggTrades-2025-04.parquet,continuation
1782088,1782088,1745283363000000000,1745283363000000000,1,87466.4,87466.29999999999,0.1,1.0,inv,0.0,-0.2918880000000194,0.2915546666666667,5.0,ifvg,0.0033333333333333335,0,3,98,True,1,,0.0,,-0.5834426666666861,BTCUSDT-aggTrades-2025-04.parquet,continuation
1782648,1782675,1745283923000000000,1745283950000000000,-1,87524.7,87563.4,192.99999999995634,1736.999999999607,inv,27.0,-1.262246999999971,0.875247,5.0,sniper,0.01,0,3,-1,True,1,,0.0,,-2.137493999999971,BTCUSDT-aggTrades-2025-04.parquet,continuation
1775577,1783288,1745276764000000000,1745284563000000000,1,87017.1,88083.59999999987,118.49999999998545,1066.499999999869,tp,7799.0,9.794828999998689,0.870171,5.0,sniper,0.01,0,3,-1,True,1,,0.0,,8.92465799999869,BTCUSDT-aggTrades-2025-04.parquet,continuation
1826986,1827012,1745328575000000000,1745328601000000000,-1,89585.8,89606.5,130.0,1170.0,inv,26.0,-1.102857999999971,0.895858,5.0,sniper,0.01,0,3,-1,True,1,,0.0,,-1.998715999999971,BTCUSDT-aggTrades-2025-04.parquet,continuation
1781576,1827714,1745282849000000000,1745329303000000000,1,87287.7,89956.20000000013,296.50000000001455,2668.500000000131,tp,46454.0,25.81212300000131,0.872877,5.0,sniper,0.01,0,3,-1,True,1,,0.0,,24.93924600000131,BTCUSDT-aggTrades-2025-04.parquet,continuation
1827053,1831092,1745328642000000000,1745332681000000000,1,89441.7,90490.20000000013,116.50000000001455,1048.500000000131,tp,4039.0,9.59058300000131,0.894417,5.0,sniper,0.01,0,3,-1,True,1,,0.0,,8.696166000001309,BTCUSDT-aggTrades-2025-04.parquet,continuation
1827401,1832666,1745328990000000000,1745334255000000000,1,89684.3,91070.30000000013,154.00000000001455,1386.000000000131,tp,5265.0,12.96315700000131,0.8968430000000001,5.0,sniper,0.01,0,3,-1,True,1,,0.0,,12.06631400000131,BTCUSDT-aggTrades-2025-04.parquet,continuation
1830500,1856602,1745332089000000000,1745358323000000000,1,90207.1,91930.59999999948,191.4999999999418,1723.4999999994761,tp,26234.0,16.332928999994763,0.9020710000000001,5.0,sniper,0.01,0,3,-1,True,1,,0.0,,15.430857999994764,BTCUSDT-aggTrades-2025-04.parquet,continuation
2292834,2292885,1745806237000000000,1745806288000000000,1,93023.1,92997.5,182.5,1642.5,inv,51.0,-1.1862310000000584,0.9302310000000001,5.0,sniper,0.01,0,3,-1,True,1,,0.0,,-2.1164620000000585,BTCUSDT-aggTrades-2025-04.parquet,continuation
2498581,2503958,1746016055000000000,1746021437000000000,-1,94936.1,93059.60000000014,208.49999999998545,1876.499999999869,tp,5382.0,17.81563899999869,0.9493610000000001,5.0,sniper,0.01,0,3,-1,True,1,,0.0,,16.86627799999869,BTCUSDT-aggTrades-2025-04.parquet,continuation
2512323,2512658,1746029835000000000,1746030170000000000,-1,93578.9,93715.90000000004,137.00000000004366,1233.000000000393,sl,335.0,-2.305789000000437,0.935789,5.0,sniper,0.01,0,3,-1,True,1,,0.0,,-3.2415780000004366,BTCUSDT-aggTrades-2025-04.parquet,continuation
685131,685148,1744162246000000000,1744162263000000000,1,74785.0,74750.9,275.0,2475.0,inv,17.0,-1.0888500000000583,0.74785,5.0,sniper,0.01,0,3,-1,True,1,,0.0,,-1.8367000000000582,BTCUSDT-aggTrades-2025-04.parquet,fade_displacement
732178,732209,1744209333000000000,1744209364000000000,1,77844.1,77718.10000000002,125.99999999998545,1133.999999999869,sl,31.0,-2.0384409999998545,0.778441,5.0,sniper,0.01,0,3,-1,True,1,,0.0,,-2.8168819999998544,BTCUSDT-aggTrades-2025-04.parquet,fade_displacement
733840,740961,1744210995000000000,1744218121000000000,1,76946.1,78354.60000000014,156.50000000001455,1408.500000000131,tp,7126.0,13.31553900000131,0.7694610000000002,5.0,sniper,0.01,0,3,-1,True,1,,0.0,,12.54607800000131,BTCUSDT-aggTrades-2025-04.parquet,fade_displacement
742004,742004,1744219164000000000,1744219164000000000,-1,78295.3,78322.1,223.5000000000582,2011.5000000005239,inv,0.0,-1.0509530000000291,0.7829530000000001,5.0,sniper,0.01,0,3,-1,True,1,,0.0,,-1.8339060000000291,BTCUSDT-aggTrades-2025-04.parquet,fade_displacement
742005,742332,1744219165000000000,1744219492000000000,1,78526.7,80866.7,260.0,2340.0,tp,327.0,22.614733,0.7852669999999999,5.0,sniper,0.01,0,3,-1,True,1,,0.0,,21.829466,BTCUSDT-aggTrades-2025-04.parquet,fade_displacement
827743,829330,1744305071000000000,1744306658000000000,-1,78751.0,79348.00000000004,597.0000000000437,5373.000000000393,sl,1587.0,-6.757510000000437,0.78751,5.0,sniper,0.01,0,3,-1,True,1,,0.0,,-7.545020000000437,BTCUSDT-aggTrades-2025-04.parquet,fade_displacement
856332,856625,1744334075000000000,1744334368000000000,-1,79319.3,79557.30000000003,238.0000000000291,2142.000000000262,sl,293.0,-3.1731930000002913,0.7931930000000001,5.0,sniper,0.01,0,3,-1,True,1,,0.0,,-3.9663860000002913,BTCUSDT-aggTrades-2025-04.parquet,fade_displacement
870988,871392,1744348766000000000,1744349173000000000,-1,80543.8,80674.80000000006,131.0000000000582,1179.0000000005239,sl,407.0,-2.115438000000582,0.8054380000000001,5.0,sniper,0.01,0,3,-1,True,1,,0.0,,-2.920876000000582,BTCUSDT-aggTrades-2025-04.parquet,fade_displacement
879022,879022,1744356843000000000,1744356843000000000,1,80949.9,80945.0,125.5000000000291,1129.500000000262,inv,0.0,-0.8584989999999417,0.809499,5.0,sniper,0.01,0,3,-1,True,1,,0.0,,-1.6679979999999417,BTCUSDT-aggTrades-2025-04.parquet,fade_displacement
880711,880711,1744358534000000000,1744358534000000000,-1,80874.3,80890.5,258.0000000000291,2322.000000000262,inv,0.0,-0.970742999999971,0.8087430000000001,5.0,sniper,0.01,0,3,-1,True,1,,0.0,,-1.779485999999971,BTCUSDT-aggTrades-2025-04.parquet,fade_displacement
1691618,1691619,1745192083000000000,1745192084000000000,-1,85000.0,85000.4,213.9999999999418,1925.9999999994761,inv,1.0,-0.8539999999999418,0.85,5.0,sniper,0.01,0,3,-1,True,1,,0.0,,-1.7039999999999418,BTCUSDT-aggTrades-2025-04.parquet,fade_displacement
1757825,1757872,1745258602000000000,1745258649000000000,-1,86658.5,86766.99999999999,108.49999999998545,976.499999999869,sl,47.0,-1.9515849999998545,0.866585,5.0,sniper,0.01,0,3,-1,True,1,,0.0,,-2.8181699999998546,BTCUSDT-aggTrades-2025-04.parquet,fade_displacement
1775577,1775592,1745276764000000000,1745276779000000000,-1,87017.1,87024.2,118.49999999998545,1066.499999999869,inv,15.0,-0.9411709999999127,0.870171,5.0,sniper,0.01,0,3,-1,True,1,,0.0,,-1.8113419999999127,BTCUSDT-aggTrades-2025-04.parquet,fade_displacement
1782081,1782081,1745283356000000000,1745283356000000000,1,87483.2,87482.25617977527,0.9438202247191103,9.438202247191104,inv,0.0,-0.2947567340824188,0.2916106666666667,5.0,ifvg,0.0033333333333333335,2,3,98,True,1,,0.0,,-0.5863674007490856,BTCUSDT-aggTrades-2025-04.parquet,fade_displacement
1782086,1782086,1745283361000000000,1745283361000000000,1,87474.79999999999,87474.32808988763,0.47191011235914637,4.7191011235914635,inv,0.0,-0.29315570037454275,0.29158266666666666,5.0,ifvg,0.0033333333333333335,1,3,98,True,1,,0.0,,-0.5847383670412094,BTCUSDT-aggTrades-2025-04.parquet,fade_displacement
1782088,1782088,1745283363000000000,1745283363000000000,1,87466.4,87466.29999999999,0.1,1.0,inv,0.0,-0.2918880000000194,0.2915546666666667,5.0,ifvg,0.0033333333333333335,0,3,98,True,1,,0.0,,-0.5834426666666861,BTCUSDT-aggTrades-2025-04.parquet,fade_displacement
1781576,1782238,1745282849000000000,1745283513000000000,-1,87287.7,87584.20000000001,296.50000000001455,2668.500000000131,sl,664.0,-3.8378770000001454,0.872877,5.0,sniper,0.01,0,3,-1,True,1,,0.0,,-4.710754000000145,BTCUSDT-aggTrades-2025-04.parquet,fade_displacement
1782648,1825715,1745283923000000000,1745327304000000000,1,87524.7,89261.6999999996,192.99999999995634,1736.999999999607,tp,43381.0,16.49475299999607,0.875247,5.0,sniper,0.01,0,3,-1,True,1,,0.0,,15.61950599999607,BTCUSDT-aggTrades-2025-04.parquet,fade_displacement
1826986,1827021,1745328575000000000,1745328610000000000,1,89585.8,89455.8,130.0,1170.0,sl,35.0,-2.1958580000000003,0.895858,5.0,sniper,0.01,0,3,-1,True,1,,0.0,,-3.0917160000000004,BTCUSDT-aggTrades-2025-04.parquet,fade_displacement
1827053,1827053,1745328642000000000,1745328642000000000,-1,89441.7,89423.8,116.50000000001455,1048.500000000131,inv,0.0,-0.7154170000000583,0.894417,5.0,sniper,0.01,0,3,-1,True,1,,0.0,,-1.6098340000000584,BTCUSDT-aggTrades-2025-04.parquet,fade_displacement
1827401,1827419,1745328990000000000,1745329008000000000,-1,89684.3,89704.3,154.00000000001455,1386.000000000131,inv,18.0,-1.096843,0.8968430000000001,5.0,sniper,0.01,0,3,-1,True,1,,0.0,,-1.993686,BTCUSDT-aggTrades-2025-04.parquet,fade_displacement
1830500,1830500,1745332089000000000,1745332089000000000,-1,90207.1,90200.4,191.4999999999418,1723.4999999994761,inv,0.0,-0.8350709999998837,0.9020710000000001,5.0,sniper,0.01,0,3,-1,True,1,,0.0,,-1.7371419999998836,BTCUSDT-aggTrades-2025-04.parquet,fade_displacement
2292834,2293315,1745806237000000000,1745806721000000000,-1,93023.1,93205.6,182.5,1642.5,sl,484.0,-2.755231,0.9302310000000001,5.0,sniper,0.01,0,3,-1,True,1,,0.0,,-3.6854620000000002,BTCUSDT-aggTrades-2025-04.parquet,fade_displacement
2498581,2498645,1746016055000000000,1746016120000000000,1,94936.1,94899.8,208.49999999998545,1876.499999999869,inv,65.0,-1.3123610000000292,0.9493610000000001,5.0,sniper,0.01,0,3,-1,True,1,,0.0,,-2.261722000000029,BTCUSDT-aggTrades-2025-04.parquet,fade_displacement
2512323,2512530,1746029835000000000,1746030042000000000,1,93578.9,93570.7,137.00000000004366,1233.000000000393,inv,207.0,-1.017788999999971,0.935789,5.0,sniper,0.01,0,3,-1,True,1,,0.0,,-1.953577999999971,BTCUSDT-aggTrades-2025-04.parquet,fade_displacement
