n_trades,pnl_total,pnl_per_trade,win_rate,avg_win,avg_loss,trades_per_day,ev_per_trade,n_soft_stops,file,elapsed_s,tick_meta,sl_mult,tp_mult
48,-6.2963174344568085,-0.13117327988451685,0.3125,1.9395127333334263,-1.072394194983582,2.220594471645013,-0.131173279884517,15,BTCUSDT-aggTrades-2025-04.parquet,3.563388799999302,"{'n_bars': 2539107, 'n_raw_ticks': 47606423, 'n_populated_bars': 2539107, 'n_lookups': 33, 'n_trades_refilled': 33, 't_agg_s': 2.00001522898674e-07, 't_bar_s': 3.562852799999746, 't_idx_s': 1.9999970390927047e-07, 't_refill_s': 0.0004976000000169734, 't_total_s': 3.5633785000009084, 'side_table_build_ms': 1969.597999999678, 'cache_used': True}",2.0,8.0
48,28.95868256554261,0.6033058867821377,0.3125,4.348714133333333,-1.0991524071047694,2.220594471645013,0.6033058867821375,15,BTCUSDT-aggTrades-2025-04.parquet,3.648951600000146,"{'n_bars': 2539107, 'n_raw_ticks': 47606423, 'n_populated_bars': 2539107, 'n_lookups': 33, 'n_trades_refilled': 33, 't_agg_s': 1.00000761449337e-07, 't_bar_s': 3.64845140000034, 't_idx_s': 1.00000761449337e-07, 't_refill_s': 0.00047140000060608145, 't_total_s': 3.648944800001118, 'side_table_build_ms': 1969.597999999678, 'cache_used': True}",2.0,15.0
48,62.707682565544005,1.3064100534488334,0.2916666666666667,7.139986071428662,-1.0956506598369786,2.220594471645013,1.306410053448833,15,BTCUSDT-aggTrades-2025-04.parquet,3.6029995000008057,"{'n_bars': 2539107, 'n_raw_ticks': 47606423, 'n_populated_bars': 2539107, 'n_lookups': 33, 'n_trades_refilled': 33, 't_agg_s': 2.999986463692039e-07, 't_bar_s': 3.6025673000003735, 't_idx_s': 1.9999970390927047e-07, 't_refill_s': 0.0004023000001325272, 't_total_s': 3.602992500000255, 'side_table_build_ms': 1969.597999999678, 'cache_used': True}",2.0,22.0
48,103.39568256554448,2.1540767201155098,0.2916666666666667,10.04627178571441,-1.0956506598369786,2.220594471645013,2.1540767201155098,15,BTCUSDT-aggTrades-2025-04.parquet,3.609065200000259,"{'n_bars': 2539107, 'n_raw_ticks': 47606423, 'n_populated_bars': 2539107, 'n_lookups': 33, 'n_trades_refilled': 33, 't_agg_s': 1.9999970390927047e-07, 't_bar_s': 3.6084616999996797, 't_idx_s': 1.9999970390927047e-07, 't_refill_s': 0.0005737999999837484, 't_total_s': 3.609057400000893, 'side_table_build_ms': 1969.597999999678, 'cache_used': True}",2.0,30.0
48,168.04168256554675,3.500868386782224,0.2708333333333333,15.875095846154151,-1.0952732409844919,2.220594471645013,3.5008683867822237,16,BTCUSDT-aggTrades-2025-04.parquet,3.814530800000284,"{'n_bars': 2539107, 'n_raw_ticks': 47606423, 'n_populated_bars': 2539107, 'n_lookups': 32, 'n_trades_refilled': 32, 't_agg_s': 1.00000761449337e-07, 't_bar_s': 3.813986200000727, 't_idx_s': 3.0000046535860747e-07, 't_refill_s': 0.0005103999992570607, 't_total_s': 3.8145247000011295, 'side_table_build_ms': 1969.597999999678, 'cache_used': True}",2.0,45.0
48,-8.705317434456894,-0.18136077988451862,0.3333333333333333,1.8234557500000874,-1.1837690448268217,2.2202865621588685,-0.1813607798845187,15,BTCUSDT-aggTrades-2025-04.parquet,3.672064500000488,"{'n_bars': 2539107, 'n_raw_ticks': 47606423, 'n_populated_bars': 2539107, 'n_lookups': 33, 'n_trades_refilled': 33, 't_agg_s': 9.999894245993346e-08, 't_bar_s': 3.671717700000954, 't_idx_s': 3.0000046535860747e-07, 't_refill_s': 0.0003226999997423263, 't_total_s': 3.672059200000149, 'side_table_build_ms': 1969.597999999678, 'cache_used': True}",3.0,8.0
48,27.27868256554246,0.5683058867821346,0.3333333333333333,4.1345820625,-1.214832201076798,2.2202865621588685,0.5683058867821345,15,BTCUSDT-aggTrades-2025-04.parquet,3.6849275000004127,"{'n_bars': 2539107, 'n_raw_ticks': 47606423, 'n_populated_bars': 2539107, 'n_lookups': 33, 'n_trades_refilled': 33, 't_agg_s': 1.00000761449337e-07, 't_bar_s': 3.684531799999604, 't_idx_s': 1.9999970390927047e-07, 't_refill_s': 0.0003699000008055009, 't_total_s': 3.684921400001258, 'side_table_build_ms': 1969.597999999678, 'cache_used': True}",3.0,15.0
48,61.75868256554392,1.2866392201154984,0.3125,6.781493733333418,-1.2110219222562837,2.2202865621588685,1.2866392201154984,15,BTCUSDT-aggTrades-2025-04.parquet,3.5702383000007103,"{'n_bars': 2539107, 'n_raw_ticks': 47606423, 'n_populated_bars': 2539107, 'n_lookups': 33, 'n_trades_refilled': 33, 't_agg_s': 9.999894245993346e-08, 't_bar_s': 3.569789299999684, 't_idx_s': 3.0000046535860747e-07, 't_refill_s': 0.0004226000000926433, 't_total_s': 3.5702316999995674, 'side_table_build_ms': 1969.597999999678, 'cache_used': True}",3.0,22.0
48,103.4066825655444,2.154305886782175,0.3125,9.558027066666783,-1.2110219222562837,2.2202865621588685,2.1543058867821747,15,BTCUSDT-aggTrades-2025-04.parquet,3.7259054999994987,"{'n_bars': 2539107, 'n_raw_ticks': 47606423, 'n_populated_bars': 2539107, 'n_lookups': 33, 'n_trades_refilled': 33, 't_agg_s': 1.00000761449337e-07, 't_bar_s': 3.7254527999994025, 't_idx_s': 1.9999970390927047e-07, 't_refill_s': 0.00042550000034680124, 't_total_s': 3.7258990999998787, 'side_table_build_ms': 1969.597999999678, 'cache_used': True}",3.0,30.0
48,169.85268256554662,3.538597553448888,0.2916666666666667,15.064203357143139,-1.2072401304252145,2.2202865621588685,3.538597553448889,16,BTCUSDT-aggTrades-2025-04.parquet,3.784812600000805,"{'n_bars': 2539107, 'n_raw_ticks': 47606423, 'n_populated_bars': 2539107, 'n_lookups': 32, 'n_trades_refilled': 32, 't_agg_s': 1.00000761449337e-07, 't_bar_s': 3.7843229999998584, 't_idx_s': 1.00000761449337e-07, 't_refill_s': 0.0004605999984050868, 't_total_s': 3.7848056000002543, 'side_table_build_ms': 1969.597999999678, 'cache_used': True}",3.0,45.0
48,-4.470317434458205,-0.09313161321787927,0.3958333333333333,1.769846947368458,-1.3137037736020312,2.220218809758855,-0.09313161321787933,15,BTCUSDT-aggTrades-2025-04.parquet,3.6159277000006114,"{'n_bars': 2539107, 'n_raw_ticks': 47606423, 'n_populated_bars': 2539107, 'n_lookups': 33, 'n_trades_refilled': 33, 't_agg_s': 1.00000761449337e-07, 't_bar_s': 3.6154973000011523, 't_idx_s': 1.00000761449337e-07, 't_refill_s': 0.00040330000047106296, 't_total_s': 3.61592120000023, 'side_table_build_ms': 1969.597999999678, 'cache_used': True}",5.0,8.0
48,37.45868256554043,0.7803892201154256,0.3958333333333333,4.04063752631572,-1.355635532222699,2.220218809758855,0.7803892201154252,15,BTCUSDT-aggTrades-2025-04.parquet,3.736628600001495,"{'n_bars': 2539107, 'n_raw_ticks': 47606423, 'n_populated_bars': 2539107, 'n_lookups': 33, 'n_trades_refilled': 33, 't_agg_s': 1.9999970390927047e-07, 't_bar_s': 3.736035300000367, 't_idx_s': 3.9999940781854093e-07, 't_refill_s': 0.0005590999990090495, 't_total_s': 3.736621699999887, 'side_table_build_ms': 1969.597999999678, 'cache_used': True}",5.0,15.0
48,77.88768256554138,1.6226600534487787,0.375,6.583789222222188,-1.3540174478152658,2.220218809758855,1.6226600534487794,15,BTCUSDT-aggTrades-2025-04.parquet,3.613043100000141,"{'n_bars': 2539107, 'n_raw_ticks': 47606423, 'n_populated_bars': 2539107, 'n_lookups': 33, 'n_trades_refilled': 33, 't_agg_s': 1.00000761449337e-07, 't_bar_s': 3.6124961000004987, 't_idx_s': 1.9999970390927047e-07, 't_refill_s': 0.0005137999996804865, 't_total_s': 3.6130357000001823, 'side_table_build_ms': 1969.597999999678, 'cache_used': True}",5.0,22.0
48,126.58368256554115,2.637160053448774,0.375,9.289122555555506,-1.3540174478152658,2.220218809758855,2.6371600534487736,15,BTCUSDT-aggTrades-2025-04.parquet,3.895634300000893,"{'n_bars': 2539107, 'n_raw_ticks': 47606423, 'n_populated_bars': 2539107, 'n_lookups': 33, 'n_trades_refilled': 33, 't_agg_s': 9.999894245993346e-08, 't_bar_s': 3.8951858000000357, 't_idx_s': 2.999986463692039e-07, 't_refill_s': 0.0004219999991619261, 't_total_s': 3.895627899999454, 'side_table_build_ms': 1969.597999999678, 'cache_used': True}",5.0,30.0
48,206.2446825655421,4.2967642201154606,0.3541666666666667,14.585155705882356,-1.345256917240578,2.220218809758855,4.296764220115461,16,BTCUSDT-aggTrades-2025-04.parquet,3.9130884999995033,"{'n_bars': 2539107, 'n_raw_ticks': 47606423, 'n_populated_bars': 2539107, 'n_lookups': 32, 'n_trades_refilled': 32, 't_agg_s': 1.00000761449337e-07, 't_bar_s': 3.9126936000011483, 't_idx_s': 1.00000761449337e-07, 't_refill_s': 0.0003637000008893665, 't_total_s': 3.9130809000016598, 'side_table_build_ms': 1969.597999999678, 'cache_used': True}",5.0,45.0
