trade_idx,exit_reason,direction,entry_price,exit_price,pnl_usd_net,fee_usd,mfe_usd,mae_usd,mfe_left_on_table_usd,n_bars_in_trade,file,scenario
0,sl,-1,74785.0,75060.0,-3.49785,0.74785,0.55,-2.768999999999942,4.04785,85,BTCUSDT-aggTrades-2025-04.parquet,canonical
1,sl,-1,76946.1,77102.60000000002,-2.334461000000146,0.7694610000000002,0.04,-1.8189999999999418,2.374461000000146,31,BTCUSDT-aggTrades-2025-04.parquet,canonical
2,inv,-1,77844.1,77874.5,-1.0824409999999418,0.778441,10.955,-0.3079999999998836,12.037440999999943,7459,BTCUSDT-aggTrades-2025-04.parquet,canonical
3,inv,-1,78526.7,78573.9,-1.2572669999999708,0.7852669999999999,0.7839999999999419,-1.01,2.0412669999999125,7,BTCUSDT-aggTrades-2025-04.parquet,canonical
4,tp,1,78295.3,80306.80000000053,19.33204700000524,0.7829530000000001,20.515999999999913,-0.135,1.1839529999946734,249,BTCUSDT-aggTrades-2025-04.parquet,canonical
5,inv,1,78751.0,78633.4,-1.9635100000000585,0.78751,1.29,-1.21,3.2535100000000585,249,BTCUSDT-aggTrades-2025-04.parquet,canonical
6,sl,-1,80949.9,81075.40000000002,-2.064499000000291,0.809499,0.13,-1.28,2.194499000000291,127,BTCUSDT-aggTrades-2025-04.parquet,canonical
7,tp,1,79319.3,81461.30000000026,20.62680700000262,0.7931930000000001,21.62699999999997,0.0,1.0001929999973491,24574,BTCUSDT-aggTrades-2025-04.parquet,canonical
8,tp,1,80543.8,81722.80000000053,10.984562000005239,0.8054380000000001,12.950000000000001,-0.1390000000000873,1.9654379999947622,9926,BTCUSDT-aggTrades-2025-04.parquet,canonical
9,tp,1,80874.3,83196.30000000026,22.41125700000262,0.8087430000000001,23.256999999999973,-0.34500000000000003,0.845742999997352,20242,BTCUSDT-aggTrades-2025-04.parquet,canonical
10,tp,1,85000.0,86925.99999999948,18.40999999999476,0.85,19.5,-0.2630000000000291,1.09000000000524,4202,BTCUSDT-aggTrades-2025-04.parquet,canonical
11,inv,1,86658.5,86643.5,-1.016585,0.866585,0.0010000000000582076,-0.2519999999999709,1.0175850000000584,9,BTCUSDT-aggTrades-2025-04.parquet,canonical
12,inv,1,87483.2,87482.25617977527,-0.2947567340824188,0.2916106666666667,0.02266666666667637,-0.005,0.3174234007490952,1,BTCUSDT-aggTrades-2025-04.parquet,canonical
13,inv,1,87474.79999999999,87474.32808988763,-0.29315570037454275,0.29158266666666666,0.00333333333338184,-0.02066666666660846,0.29648903370792457,1,BTCUSDT-aggTrades-2025-04.parquet,canonical
14,inv,1,87466.4,87466.29999999999,-0.2918880000000194,0.2915546666666667,0.0076666666666763686,-0.013333333333333334,0.2995546666666958,1,BTCUSDT-aggTrades-2025-04.parquet,canonical
15,inv,-1,87524.7,87563.4,-1.262246999999971,0.875247,0.010999999999912689,-0.3910000000000582,1.2732469999998837,28,BTCUSDT-aggTrades-2025-04.parquet,canonical
16,tp,1,87017.1,88083.59999999987,9.794828999998689,0.870171,11.25199999999997,-0.4,1.4571710000012814,7712,BTCUSDT-aggTrades-2025-04.parquet,canonical
17,inv,-1,89585.8,89606.5,-1.102857999999971,0.895858,0.34,-0.2219999999999709,1.442857999999971,27,BTCUSDT-aggTrades-2025-04.parquet,canonical
18,tp,1,87287.7,89956.20000000013,25.81212300000131,0.872877,28.12300000000003,-0.4459999999999127,2.310876999998719,46139,BTCUSDT-aggTrades-2025-04.parquet,canonical
19,tp,1,89441.7,90490.20000000013,9.59058300000131,0.894417,10.583000000000029,-0.3219999999999709,0.9924169999987189,4040,BTCUSDT-aggTrades-2025-04.parquet,canonical
20,tp,1,89684.3,91070.30000000013,12.96315700000131,0.8968430000000001,14.238999999999942,-1.1830000000000291,1.2758429999986323,5266,BTCUSDT-aggTrades-2025-04.parquet,canonical
21,tp,1,90207.1,91930.59999999948,16.332928999994763,0.9020710000000001,17.57199999999997,-1.5070000000001165,1.2390710000052074,26103,BTCUSDT-aggTrades-2025-04.parquet,canonical
22,inv,1,93023.1,92997.5,-1.1862310000000584,0.9302310000000001,0.4229999999998836,-0.3380000000000291,1.6092309999999421,52,BTCUSDT-aggTrades-2025-04.parquet,canonical
23,tp,-1,94936.1,93059.60000000014,17.81563899999869,0.9493610000000001,18.81100000000006,-0.7569999999999709,0.9953610000013704,5378,BTCUSDT-aggTrades-2025-04.parquet,canonical
24,sl,-1,93578.9,93715.90000000004,-2.305789000000437,0.935789,0.16799999999988358,-1.5330000000000292,2.4737890000003206,336,BTCUSDT-aggTrades-2025-04.parquet,canonical
