entry_bar,exit_bar,entry_time,exit_time,direction,entry_price,exit_price,stop_usd,target_usd,exit_reason,hold_secs,pnl_usd,fee_usd,taker_bps_charged,entry_triggered_by,lots,layer_idx,n_layers_signal,signal_id,is_ifvg,tp_rule,rank_tier,rank_percentile,entry_alignment,net_pnl_usd,wick_floor_usd,scenario
685131,685215,1744162246000000000,1744162330000000000,-1,74785.0,75060.0,275.0,2475.0,sl,84.0,-3.49785,0.74785,5.0,sniper,0.01,0,3,-1,True,1,,0.0,,-4.2457,0.5,strict_wick>$0.5
733840,733870,1744210995000000000,1744211025000000000,-1,76946.1,77102.60000000002,156.50000000001455,1408.500000000131,sl,30.0,-2.334461000000146,0.7694610000000002,5.0,sniper,0.01,0,3,-1,True,1,,0.0,,-3.103922000000146,0.5,strict_wick>$0.5
732178,739636,1744209333000000000,1744216795000000000,-1,77844.1,77874.5,125.99999999998545,1133.999999999869,inv,7462.0,-1.0824409999999418,0.778441,5.0,sniper,0.01,0,3,-1,True,1,,0.0,,-1.860881999999942,0.5,strict_wick>$0.5
742005,742011,1744219165000000000,1744219171000000000,-1,78526.7,78573.9,260.0,2340.0,inv,6.0,-1.2572669999999708,0.7852669999999999,5.0,sniper,0.01,0,3,-1,True,1,,0.0,,-2.0425339999999705,0.5,strict_wick>$0.5
742004,742252,1744219164000000000,1744219412000000000,1,78295.3,80306.80000000053,223.5000000000582,2011.5000000005239,tp,248.0,19.33204700000524,0.7829530000000001,5.0,sniper,0.01,0,3,-1,True,1,,0.0,,18.54909400000524,0.5,strict_wick>$0.5
827743,827991,1744305071000000000,1744305319000000000,1,78751.0,78633.4,597.0000000000437,5373.000000000393,inv,248.0,-1.9635100000000585,0.78751,5.0,sniper,0.01,0,3,-1,True,1,,0.0,,-2.7510200000000586,0.5,strict_wick>$0.5
856332,880905,1744334075000000000,1744358728000000000,1,79319.3,81461.30000000026,238.0000000000291,2142.000000000262,tp,24653.0,20.62680700000262,0.7931930000000001,5.0,sniper,0.01,0,3,-1,True,1,,0.0,,19.833614000002623,0.5,strict_wick>$0.5
870988,880913,1744348766000000000,1744358736000000000,1,80543.8,81722.80000000053,131.0000000000582,1179.0000000005239,tp,9970.0,10.984562000005239,0.8054380000000001,5.0,sniper,0.01,0,3,-1,True,1,,0.0,,10.179124000005238,0.5,strict_wick>$0.5
880711,900952,1744358534000000000,1744378780000000000,1,80874.3,83196.30000000026,258.0000000000291,2322.000000000262,tp,20246.0,22.41125700000262,0.8087430000000001,5.0,sniper,0.01,0,3,-1,True,1,,0.0,,21.60251400000262,0.5,strict_wick>$0.5
1757825,1757833,1745258602000000000,1745258610000000000,1,86658.5,86643.5,108.49999999998545,976.499999999869,inv,8.0,-1.016585,0.866585,5.0,sniper,0.01,0,3,-1,True,1,,0.0,,-1.8831700000000002,0.5,strict_wick>$0.5
1782081,1782081,1745283356000000000,1745283356000000000,1,87483.2,87482.25617977527,0.9438202247191103,9.438202247191104,inv,0.0,-0.2947567340824188,0.2916106666666667,5.0,ifvg,0.0033333333333333335,2,3,62,True,1,,0.0,,-0.5863674007490856,0.5,strict_wick>$0.5
1782086,1782086,1745283361000000000,1745283361000000000,1,87474.79999999999,87474.32808988763,0.47191011235914637,4.7191011235914635,inv,0.0,-0.29315570037454275,0.29158266666666666,5.0,ifvg,0.0033333333333333335,1,3,62,True,1,,0.0,,-0.5847383670412094,0.5,strict_wick>$0.5
1782088,1782088,1745283363000000000,1745283363000000000,1,87466.4,87466.29999999999,0.1,1.0,inv,0.0,-0.2918880000000194,0.2915546666666667,5.0,ifvg,0.0033333333333333335,0,3,62,True,1,,0.0,,-0.5834426666666861,0.5,strict_wick>$0.5
1782648,1782675,1745283923000000000,1745283950000000000,-1,87524.7,87563.4,192.99999999995634,1736.999999999607,inv,27.0,-1.262246999999971,0.875247,5.0,sniper,0.01,0,3,-1,True,1,,0.0,,-2.137493999999971,0.5,strict_wick>$0.5
1826986,1827012,1745328575000000000,1745328601000000000,-1,89585.8,89606.5,130.0,1170.0,inv,26.0,-1.102857999999971,0.895858,5.0,sniper,0.01,0,3,-1,True,1,,0.0,,-1.998715999999971,0.5,strict_wick>$0.5
1781576,1827714,1745282849000000000,1745329303000000000,1,87287.7,89956.20000000013,296.50000000001455,2668.500000000131,tp,46454.0,25.81212300000131,0.872877,5.0,sniper,0.01,0,3,-1,True,1,,0.0,,24.93924600000131,0.5,strict_wick>$0.5
1827401,1832666,1745328990000000000,1745334255000000000,1,89684.3,91070.30000000013,154.00000000001455,1386.000000000131,tp,5265.0,12.96315700000131,0.8968430000000001,5.0,sniper,0.01,0,3,-1,True,1,,0.0,,12.06631400000131,0.5,strict_wick>$0.5
2512323,2512658,1746029835000000000,1746030170000000000,-1,93578.9,93715.90000000004,137.00000000004366,1233.000000000393,sl,335.0,-2.305789000000437,0.935789,5.0,sniper,0.01,0,3,-1,True,1,,0.0,,-3.2415780000004366,0.5,strict_wick>$0.5
685131,685215,1744162246000000000,1744162330000000000,-1,74785.0,75060.0,275.0,2475.0,sl,84.0,-3.49785,0.74785,5.0,sniper,0.01,0,3,-1,True,1,,0.0,,-4.2457,1.0,strict_wick>$1.0
733840,733870,1744210995000000000,1744211025000000000,-1,76946.1,77102.60000000002,156.50000000001455,1408.500000000131,sl,30.0,-2.334461000000146,0.7694610000000002,5.0,sniper,0.01,0,3,-1,True,1,,0.0,,-3.103922000000146,1.0,strict_wick>$1.0
732178,739636,1744209333000000000,1744216795000000000,-1,77844.1,77874.5,125.99999999998545,1133.999999999869,inv,7462.0,-1.0824409999999418,0.778441,5.0,sniper,0.01,0,3,-1,True,1,,0.0,,-1.860881999999942,1.0,strict_wick>$1.0
742005,742011,1744219165000000000,1744219171000000000,-1,78526.7,78573.9,260.0,2340.0,inv,6.0,-1.2572669999999708,0.7852669999999999,5.0,sniper,0.01,0,3,-1,True,1,,0.0,,-2.0425339999999705,1.0,strict_wick>$1.0
742004,742252,1744219164000000000,1744219412000000000,1,78295.3,80306.80000000053,223.5000000000582,2011.5000000005239,tp,248.0,19.33204700000524,0.7829530000000001,5.0,sniper,0.01,0,3,-1,True,1,,0.0,,18.54909400000524,1.0,strict_wick>$1.0
827743,827991,1744305071000000000,1744305319000000000,1,78751.0,78633.4,597.0000000000437,5373.000000000393,inv,248.0,-1.9635100000000585,0.78751,5.0,sniper,0.01,0,3,-1,True,1,,0.0,,-2.7510200000000586,1.0,strict_wick>$1.0
856332,880905,1744334075000000000,1744358728000000000,1,79319.3,81461.30000000026,238.0000000000291,2142.000000000262,tp,24653.0,20.62680700000262,0.7931930000000001,5.0,sniper,0.01,0,3,-1,True,1,,0.0,,19.833614000002623,1.0,strict_wick>$1.0
870988,880913,1744348766000000000,1744358736000000000,1,80543.8,81722.80000000053,131.0000000000582,1179.0000000005239,tp,9970.0,10.984562000005239,0.8054380000000001,5.0,sniper,0.01,0,3,-1,True,1,,0.0,,10.179124000005238,1.0,strict_wick>$1.0
880711,900952,1744358534000000000,1744378780000000000,1,80874.3,83196.30000000026,258.0000000000291,2322.000000000262,tp,20246.0,22.41125700000262,0.8087430000000001,5.0,sniper,0.01,0,3,-1,True,1,,0.0,,21.60251400000262,1.0,strict_wick>$1.0
1757825,1757833,1745258602000000000,1745258610000000000,1,86658.5,86643.5,108.49999999998545,976.499999999869,inv,8.0,-1.016585,0.866585,5.0,sniper,0.01,0,3,-1,True,1,,0.0,,-1.8831700000000002,1.0,strict_wick>$1.0
1782081,1782081,1745283356000000000,1745283356000000000,1,87483.2,87482.25617977527,0.9438202247191103,9.438202247191104,inv,0.0,-0.2947567340824188,0.2916106666666667,5.0,ifvg,0.0033333333333333335,2,3,62,True,1,,0.0,,-0.5863674007490856,1.0,strict_wick>$1.0
1782086,1782086,1745283361000000000,1745283361000000000,1,87474.79999999999,87474.32808988763,0.47191011235914637,4.7191011235914635,inv,0.0,-0.29315570037454275,0.29158266666666666,5.0,ifvg,0.0033333333333333335,1,3,62,True,1,,0.0,,-0.5847383670412094,1.0,strict_wick>$1.0
1782088,1782088,1745283363000000000,1745283363000000000,1,87466.4,87466.29999999999,0.1,1.0,inv,0.0,-0.2918880000000194,0.2915546666666667,5.0,ifvg,0.0033333333333333335,0,3,62,True,1,,0.0,,-0.5834426666666861,1.0,strict_wick>$1.0
1782648,1782675,1745283923000000000,1745283950000000000,-1,87524.7,87563.4,192.99999999995634,1736.999999999607,inv,27.0,-1.262246999999971,0.875247,5.0,sniper,0.01,0,3,-1,True,1,,0.0,,-2.137493999999971,1.0,strict_wick>$1.0
1826986,1827012,1745328575000000000,1745328601000000000,-1,89585.8,89606.5,130.0,1170.0,inv,26.0,-1.102857999999971,0.895858,5.0,sniper,0.01,0,3,-1,True,1,,0.0,,-1.998715999999971,1.0,strict_wick>$1.0
1781576,1827714,1745282849000000000,1745329303000000000,1,87287.7,89956.20000000013,296.50000000001455,2668.500000000131,tp,46454.0,25.81212300000131,0.872877,5.0,sniper,0.01,0,3,-1,True,1,,0.0,,24.93924600000131,1.0,strict_wick>$1.0
1827401,1832666,1745328990000000000,1745334255000000000,1,89684.3,91070.30000000013,154.00000000001455,1386.000000000131,tp,5265.0,12.96315700000131,0.8968430000000001,5.0,sniper,0.01,0,3,-1,True,1,,0.0,,12.06631400000131,1.0,strict_wick>$1.0
2512323,2512658,1746029835000000000,1746030170000000000,-1,93578.9,93715.90000000004,137.00000000004366,1233.000000000393,sl,335.0,-2.305789000000437,0.935789,5.0,sniper,0.01,0,3,-1,True,1,,0.0,,-3.2415780000004366,1.0,strict_wick>$1.0
685131,685215,1744162246000000000,1744162330000000000,-1,74785.0,75060.0,275.0,2475.0,sl,84.0,-3.49785,0.74785,5.0,sniper,0.01,0,3,-1,True,1,,0.0,,-4.2457,5.0,strict_wick>$5.0
733840,733870,1744210995000000000,1744211025000000000,-1,76946.1,77102.60000000002,156.50000000001455,1408.500000000131,sl,30.0,-2.334461000000146,0.7694610000000002,5.0,sniper,0.01,0,3,-1,True,1,,0.0,,-3.103922000000146,5.0,strict_wick>$5.0
732178,739636,1744209333000000000,1744216795000000000,-1,77844.1,77874.5,125.99999999998545,1133.999999999869,inv,7462.0,-1.0824409999999418,0.778441,5.0,sniper,0.01,0,3,-1,True,1,,0.0,,-1.860881999999942,5.0,strict_wick>$5.0
742005,742011,1744219165000000000,1744219171000000000,-1,78526.7,78573.9,260.0,2340.0,inv,6.0,-1.2572669999999708,0.7852669999999999,5.0,sniper,0.01,0,3,-1,True,1,,0.0,,-2.0425339999999705,5.0,strict_wick>$5.0
742004,742252,1744219164000000000,1744219412000000000,1,78295.3,80306.80000000053,223.5000000000582,2011.5000000005239,tp,248.0,19.33204700000524,0.7829530000000001,5.0,sniper,0.01,0,3,-1,True,1,,0.0,,18.54909400000524,5.0,strict_wick>$5.0
827743,827991,1744305071000000000,1744305319000000000,1,78751.0,78633.4,597.0000000000437,5373.000000000393,inv,248.0,-1.9635100000000585,0.78751,5.0,sniper,0.01,0,3,-1,True,1,,0.0,,-2.7510200000000586,5.0,strict_wick>$5.0
856332,880905,1744334075000000000,1744358728000000000,1,79319.3,81461.30000000026,238.0000000000291,2142.000000000262,tp,24653.0,20.62680700000262,0.7931930000000001,5.0,sniper,0.01,0,3,-1,True,1,,0.0,,19.833614000002623,5.0,strict_wick>$5.0
870988,880913,1744348766000000000,1744358736000000000,1,80543.8,81722.80000000053,131.0000000000582,1179.0000000005239,tp,9970.0,10.984562000005239,0.8054380000000001,5.0,sniper,0.01,0,3,-1,True,1,,0.0,,10.179124000005238,5.0,strict_wick>$5.0
880711,900952,1744358534000000000,1744378780000000000,1,80874.3,83196.30000000026,258.0000000000291,2322.000000000262,tp,20246.0,22.41125700000262,0.8087430000000001,5.0,sniper,0.01,0,3,-1,True,1,,0.0,,21.60251400000262,5.0,strict_wick>$5.0
1757825,1757833,1745258602000000000,1745258610000000000,1,86658.5,86643.5,108.49999999998545,976.499999999869,inv,8.0,-1.016585,0.866585,5.0,sniper,0.01,0,3,-1,True,1,,0.0,,-1.8831700000000002,5.0,strict_wick>$5.0
1782081,1782081,1745283356000000000,1745283356000000000,1,87483.2,87482.25617977527,0.9438202247191103,9.438202247191104,inv,0.0,-0.2947567340824188,0.2916106666666667,5.0,ifvg,0.0033333333333333335,2,3,57,True,1,,0.0,,-0.5863674007490856,5.0,strict_wick>$5.0
1782086,1782086,1745283361000000000,1745283361000000000,1,87474.79999999999,87474.32808988763,0.47191011235914637,4.7191011235914635,inv,0.0,-0.29315570037454275,0.29158266666666666,5.0,ifvg,0.0033333333333333335,1,3,57,True,1,,0.0,,-0.5847383670412094,5.0,strict_wick>$5.0
1782088,1782088,1745283363000000000,1745283363000000000,1,87466.4,87466.29999999999,0.1,1.0,inv,0.0,-0.2918880000000194,0.2915546666666667,5.0,ifvg,0.0033333333333333335,0,3,57,True,1,,0.0,,-0.5834426666666861,5.0,strict_wick>$5.0
1782648,1782675,1745283923000000000,1745283950000000000,-1,87524.7,87563.4,192.99999999995634,1736.999999999607,inv,27.0,-1.262246999999971,0.875247,5.0,sniper,0.01,0,3,-1,True,1,,0.0,,-2.137493999999971,5.0,strict_wick>$5.0
1826986,1827012,1745328575000000000,1745328601000000000,-1,89585.8,89606.5,130.0,1170.0,inv,26.0,-1.102857999999971,0.895858,5.0,sniper,0.01,0,3,-1,True,1,,0.0,,-1.998715999999971,5.0,strict_wick>$5.0
1781576,1827714,1745282849000000000,1745329303000000000,1,87287.7,89956.20000000013,296.50000000001455,2668.500000000131,tp,46454.0,25.81212300000131,0.872877,5.0,sniper,0.01,0,3,-1,True,1,,0.0,,24.93924600000131,5.0,strict_wick>$5.0
1827401,1832666,1745328990000000000,1745334255000000000,1,89684.3,91070.30000000013,154.00000000001455,1386.000000000131,tp,5265.0,12.96315700000131,0.8968430000000001,5.0,sniper,0.01,0,3,-1,True,1,,0.0,,12.06631400000131,5.0,strict_wick>$5.0
2512323,2512658,1746029835000000000,1746030170000000000,-1,93578.9,93715.90000000004,137.00000000004366,1233.000000000393,sl,335.0,-2.305789000000437,0.935789,5.0,sniper,0.01,0,3,-1,True,1,,0.0,,-3.2415780000004366,5.0,strict_wick>$5.0
685131,685215,1744162246000000000,1744162330000000000,-1,74785.0,75060.0,275.0,2475.0,sl,84.0,-3.49785,0.74785,5.0,sniper,0.01,0,3,-1,True,1,,0.0,,-4.2457,20.0,strict_wick>$20.0
733840,733870,1744210995000000000,1744211025000000000,-1,76946.1,77102.60000000002,156.50000000001455,1408.500000000131,sl,30.0,-2.334461000000146,0.7694610000000002,5.0,sniper,0.01,0,3,-1,True,1,,0.0,,-3.103922000000146,20.0,strict_wick>$20.0
732178,739636,1744209333000000000,1744216795000000000,-1,77844.1,77874.5,125.99999999998545,1133.999999999869,inv,7462.0,-1.0824409999999418,0.778441,5.0,sniper,0.01,0,3,-1,True,1,,0.0,,-1.860881999999942,20.0,strict_wick>$20.0
742005,742011,1744219165000000000,1744219171000000000,-1,78526.7,78573.9,260.0,2340.0,inv,6.0,-1.2572669999999708,0.7852669999999999,5.0,sniper,0.01,0,3,-1,True,1,,0.0,,-2.0425339999999705,20.0,strict_wick>$20.0
742004,742252,1744219164000000000,1744219412000000000,1,78295.3,80306.80000000053,223.5000000000582,2011.5000000005239,tp,248.0,19.33204700000524,0.7829530000000001,5.0,sniper,0.01,0,3,-1,True,1,,0.0,,18.54909400000524,20.0,strict_wick>$20.0
827743,827991,1744305071000000000,1744305319000000000,1,78751.0,78633.4,597.0000000000437,5373.000000000393,inv,248.0,-1.9635100000000585,0.78751,5.0,sniper,0.01,0,3,-1,True,1,,0.0,,-2.7510200000000586,20.0,strict_wick>$20.0
856332,880905,1744334075000000000,1744358728000000000,1,79319.3,81461.30000000026,238.0000000000291,2142.000000000262,tp,24653.0,20.62680700000262,0.7931930000000001,5.0,sniper,0.01,0,3,-1,True,1,,0.0,,19.833614000002623,20.0,strict_wick>$20.0
870988,880913,1744348766000000000,1744358736000000000,1,80543.8,81722.80000000053,131.0000000000582,1179.0000000005239,tp,9970.0,10.984562000005239,0.8054380000000001,5.0,sniper,0.01,0,3,-1,True,1,,0.0,,10.179124000005238,20.0,strict_wick>$20.0
880711,900952,1744358534000000000,1744378780000000000,1,80874.3,83196.30000000026,258.0000000000291,2322.000000000262,tp,20246.0,22.41125700000262,0.8087430000000001,5.0,sniper,0.01,0,3,-1,True,1,,0.0,,21.60251400000262,20.0,strict_wick>$20.0
1827401,1832666,1745328990000000000,1745334255000000000,1,89684.3,91070.30000000013,154.00000000001455,1386.000000000131,tp,5265.0,12.96315700000131,0.8968430000000001,5.0,sniper,0.01,0,3,-1,True,1,,0.0,,12.06631400000131,20.0,strict_wick>$20.0
827743,827991,1744305071000000000,1744305319000000000,1,78751.0,78633.4,597.0000000000437,5373.000000000393,inv,248.0,-1.9635100000000585,0.78751,5.0,sniper,0.01,0,3,-1,True,1,,0.0,,-2.7510200000000586,100.0,strict_wick>$100.0
