pivot,month,cell,n_trades,sum_net_usd,sum_gross_usd,fees_usd,WR_pct,EV_usd,median_hold_secs
9,2025-04,A_baseline,54,92.68,138.38,45.69,16.7,1.7164,248.0
9,2025-05,A_baseline,44,201.17,247.3,46.13,18.2,4.5722,303.5
9,2025-10,A_baseline,70,89.66,169.89,80.22,15.7,1.2809,747.0
9,2025-11,A_baseline,86,154.37,236.18,81.81,18.6,1.795,395.5
9,2026-02,A_baseline,58,50.69,91.65,40.96,12.1,0.874,882.5
9,2026-05,A_baseline,34,35.62,62.04,26.42,11.8,1.0476,296.5
15,2025-04,P_pivot_15,54,91.4,137.1,45.69,16.7,1.6927,248.0
15,2025-05,P_pivot_15,44,229.48,275.61,46.13,20.5,5.2154,416.5
15,2025-10,P_pivot_15,70,109.93,190.15,80.22,17.1,1.5704,747.0
15,2025-11,P_pivot_15,86,134.04,215.85,81.81,15.1,1.5586,349.0
15,2026-02,P_pivot_15,58,91.3,132.25,40.96,12.1,1.5741,703.5
15,2026-05,P_pivot_15,34,37.79,64.21,26.42,11.8,1.1116,216.0
20,2025-04,P_pivot_20,54,65.75,111.45,45.69,13.0,1.2177,206.0
20,2025-05,P_pivot_20,44,229.88,276.01,46.13,20.5,5.2246,477.0
20,2025-10,P_pivot_20,70,77.56,157.79,80.22,14.3,1.108,622.0
20,2025-11,P_pivot_20,86,122.75,204.56,81.81,15.1,1.4274,503.5
20,2026-02,P_pivot_20,58,107.02,147.98,40.96,13.8,1.8453,491.5
20,2026-05,P_pivot_20,34,28.85,55.27,26.42,11.8,0.8484,393.5
25,2025-04,P_pivot_25,54,107.47,153.17,45.69,18.5,1.9902,470.5
25,2025-05,P_pivot_25,44,226.72,272.85,46.13,20.5,5.1528,883.5
25,2025-10,P_pivot_25,70,76.4,156.63,80.22,14.3,1.0915,616.5
25,2025-11,P_pivot_25,86,129.55,211.36,81.81,15.1,1.5064,462.0
25,2026-02,P_pivot_25,58,98.39,139.34,40.96,12.1,1.6963,444.0
25,2026-05,P_pivot_25,34,28.18,54.6,26.42,11.8,0.8289,393.5
30,2025-04,P_pivot_30,54,121.29,166.99,45.69,20.4,2.2461,840.5
30,2025-05,P_pivot_30,44,222.9,269.03,46.13,20.5,5.066,982.0
30,2025-10,P_pivot_30,70,69.78,150.0,80.22,14.3,0.9968,622.0
30,2025-11,P_pivot_30,86,146.82,228.63,81.81,16.3,1.7072,545.0
30,2026-02,P_pivot_30,58,94.22,135.18,40.96,12.1,1.6245,491.5
30,2026-05,P_pivot_30,34,29.68,56.1,26.42,11.8,0.8729,353.5
40,2025-04,P_pivot_40,54,128.45,174.14,45.69,20.4,2.3787,840.5
40,2025-05,P_pivot_40,44,229.03,275.16,46.13,20.5,5.2053,685.0
40,2025-10,P_pivot_40,70,77.13,157.36,80.22,14.3,1.1019,616.5
40,2025-11,P_pivot_40,86,143.78,225.59,81.81,16.3,1.6719,550.0
40,2026-02,P_pivot_40,58,92.28,133.24,40.96,12.1,1.5911,507.0
40,2026-05,P_pivot_40,34,31.86,58.27,26.42,11.8,0.9369,280.5
50,2025-04,P_pivot_50,54,129.5,175.2,45.69,20.4,2.3982,840.5
50,2025-05,P_pivot_50,44,224.91,271.04,46.13,20.5,5.1116,921.5
50,2025-10,P_pivot_50,70,70.16,150.38,80.22,14.3,1.0023,639.0
50,2025-11,P_pivot_50,86,176.55,258.36,81.81,17.4,2.0529,550.0
50,2026-02,P_pivot_50,58,94.12,135.07,40.96,12.1,1.6227,522.5
50,2026-05,P_pivot_50 pivot=50 | 6mo full sweep,43,49.41,83.04,33.62,14.0,1.1491,430.0
75,2025-04,P_pivot_75,54,200.93,246.62,45.69,22.2,3.7209,470.5
75,2025-05,P_pivot_75,44,230.38,276.51,46.13,20.5,5.2359,723.0
75,2025-10,P_pivot_75,70,15.75,95.97,80.22,12.9,0.2249,571.5
75,2025-11,P_pivot_75,86,200.57,282.38,81.81,18.6,2.3322,530.0
75,2026-02,P_pivot_75,58,96.98,137.94,40.96,12.1,1.6721,507.0
75,2026-05,P_pivot_75 pivot=75 | 6mo full sweep,43,40.09,73.71,33.62,14.0,0.9322,418.0
100,2025-04,P_pivot_100,54,201.36,247.06,45.69,22.2,3.729,269.5
100,2025-05,P_pivot_100,44,230.53,276.66,46.13,20.5,5.2393,477.0
100,2025-10,P_pivot_100,70,12.27,92.49,80.22,12.9,0.1752,571.5
100,2025-11,P_pivot_100,86,162.16,243.97,81.81,17.4,1.8856,519.0
100,2026-02,P_pivot_100,58,94.53,135.49,40.96,12.1,1.6298,491.5
100,2026-05,P_pivot_100 pivot=100 | 6mo full sweep,43,64.79,98.42,33.62,16.3,1.5067,418.0
150,2025-04,P_pivot_150,54,195.49,241.19,45.69,22.2,3.6202,357.5
150,2025-05,P_pivot_150,44,225.65,271.78,46.13,20.5,5.1284,917.0
150,2025-10,P_pivot_150,70,-11.15,69.08,80.22,11.4,-0.1592,544.0
150,2025-11,P_pivot_150,86,140.24,222.05,81.81,16.3,1.6307,479.0
150,2026-02,P_pivot_150,58,93.15,134.11,40.96,10.3,1.606,393.5
150,2026-05,P_pivot_150 pivot=150 | 6mo full sweep,43,30.09,63.72,33.62,11.6,0.6999,338.0
