pivot,n_cells,2025-04,2025-05,2025-10,2025-11,2026-02,2026-05,total_pnl,total_n,WR_avg,mean_n,notes
9,6,+92.68,+201.17,+89.66,+154.37,+50.69,+35.62,624.2,346,15.5,58.0,canonical baseline (v17-btc-sniper-2026-09-26e)
15,6,+91.40,+229.48,+109.93,+134.04,+91.30,+37.79,693.94,346,15.5,58.0,
20,6,+65.75,+229.88,+77.56,+122.75,+107.02,+28.85,631.82,346,14.7,58.0,
25,6,+107.47,+226.72,+76.40,+129.55,+98.39,+28.18,666.72,346,15.4,58.0,
30,6,+121.29,+222.90,+69.78,+146.82,+94.22,+29.68,684.7,346,15.9,58.0,
40,6,+128.45,+229.03,+77.13,+143.78,+92.28,+31.86,702.54,346,15.9,58.0,second-best zone
50,6,+129.50,+224.91,+70.16,+176.55,+94.12,+49.41,744.65,355,16.4,59.0,"NEW RECOMMENDED CANONICAL (+18% vs baseline, 5mo)"
75,6,+200.93,+230.38,+15.75,+200.57,+96.98,+40.09,784.69,355,16.7,59.0,
100,6,+201.36,+230.53,+12.27,+162.16,+94.53,+64.79,765.64,355,16.9,59.0,
150,6,+195.49,+225.65,-11.15,+140.24,+93.15,+30.09,673.48,355,15.4,59.0,WORSE on 2025-10 month
