sigmas,n,wr,gross,fees,net,ev,eod,med_hold,by_month
"(0.1, 0.2, 0.3)",4361,14.950699380875946,1211.3487434946444,402.0332308583307,809.3155126363135,0.1855802597194023,90,738.0,"{'2025-04': 507.0992132197644, '2025-05': 27.82047634683419, '2025-10': -84.27203563784843, '2025-11': 181.94615785596886, '2026-02': 240.68111850678872, '2026-05': -63.95941765519426}"
"(0.2, 0.3, 0.4)",4199,15.45606096689688,1208.350602596819,387.11141859019097,821.2391840066282,0.1955797056457795,88,846.0,"{'2025-04': 523.1554672214608, '2025-05': 36.21301895158477, '2025-10': -66.91046580405116, '2025-11': 167.41482105812742, '2026-02': 229.0029543944191, '2026-05': -67.63661181491273}"
"(0.3, 0.4, 0.5)",4030,15.930521091811414,1203.8453092834982,371.33992459701585,832.5053846864821,0.20657701853262583,86,928.0,"{'2025-04': 542.7885047559804, '2025-05': 37.968653457618174, '2025-10': -52.49834309962843, '2025-11': 177.71089800478595, '2026-02': 193.71001540997088, '2026-05': -67.17434384224487}"
"(0.4, 0.5, 0.6)",3867,16.058960434445307,1147.368790214116,355.8958929792265,791.4728972348895,0.20467362224848448,81,1033.0,"{'2025-04': 506.58690647326944, '2025-05': 38.801967835157335, '2025-10': -52.28932296043934, '2025-11': 188.69381122147536, '2026-02': 170.2318722279432, '2026-05': -60.55233756251657}"
"(0.5, 0.6, 0.7)",3706,16.486778197517538,1120.097702669336,340.7129561405975,779.3847465287386,0.21030349339685336,80,1195.0,"{'2025-04': 484.4487100489043, '2025-05': 45.342415122334096, '2025-10': -54.791595712243264, '2025-11': 192.82085957448797, '2026-02': 163.5245581533031, '2026-05': -51.96020065804755}"
"(0.5, 0.7, 1.0)",3460,16.473988439306357,1018.062550735801,318.2614607521748,699.801089983626,0.20225465028428496,70,1362.5,"{'2025-04': 449.69284852800735, '2025-05': 47.66239425588099, '2025-10': -50.31453187298288, '2025-11': 155.02017584112045, '2026-02': 141.86657989438032, '2026-05': -44.12637666278017}"
"(0.3, 0.5, 0.7)",3869,16.33497027655725,1176.574221738718,356.15698775838683,820.4172339803314,0.21204891030765866,85,1028.0,"{'2025-04': 520.6503083316152, '2025-05': 44.50910074479494, '2025-10': -55.00061585143235, '2025-11': 181.83794635779856, '2026-02': 187.00270133533078, '2026-05': -58.58220693777585}"
"(0.3, 0.5)",2683,15.952292210212448,799.2894327634624,247.18633503884303,552.1030977246194,0.2057782697445469,59,922.0,"{'2025-04': 361.6945196392712, '2025-05': 25.287228998465455, '2025-10': -41.61066952958192, '2025-11': 121.44989813331107, '2026-02': 128.81115045870368, '2026-05': -43.529029975550195}"
"(0.5,)",1285,15.875486381322958,378.77947553874066,118.26081667066295,260.51865886807764,0.2027382559284651,27,1030.0,"{'2025-04': 168.9201122253126, '2025-05': 11.151978388044384, '2025-10': -19.74135040982073, '2025-11': 68.49099347880173, '2026-02': 51.8776604025063, '2026-05': -20.18073521676658}"
"(0.3, 0.5, 0.7, 1.0, 1.5)",5523,16.295491580662684,1581.3346400009123,508.3902186599765,1072.9444213409356,0.1942684087164468,116,1302.0,"{'2025-04': 702.5294170430199, '2025-05': 66.06178620084724, '2025-10': -71.54448885097551, '2025-11': 213.4960420637042, '2026-02': 233.3277286285633, '2026-05': -70.92606374422346}"
