sl_atr,tp_atr,rr,n,wr,gross,fees,net,ev,eod,sl_actual,tp_actual,sl,tp,sl_act,tp_act,med_hold
16.0,64.0,4.0,5523,10.718812239724787,-165.85669599646675,508.0942017753459,-673.9508977718126,-0.122026235338007,0,68.50400000001808,274.0160000000723,,,,,
24.0,96.0,4.0,5523,12.855332246967228,-132.52907399534158,508.12890196367897,-640.6579759590204,-0.1159981850369401,0,102.75600000002711,411.02400000010846,,,,,
32.0,128.0,4.0,5523,14.086547166395077,-58.99258193762843,508.1852507303172,-567.1778326679456,-0.102693795521989,2,137.00800000003616,548.0320000001446,,,,,
40.0,160.0,4.0,5523,15.752308527973929,71.66082895909062,508.233426297242,-436.57259733815135,-0.079046278714132,9,171.2600000000452,685.0400000001808,,,,,
48.0,192.0,4.0,5523,16.983523447401776,108.08137251868408,508.2394186095349,-400.15804609085086,-0.0724530230111987,30,205.51200000005423,822.0480000002169,,,,,
16.0,128.0,8.0,5523,7.224334600760456,-61.05724941574264,508.1205155133887,-569.1777649291314,-0.1030559052922562,1,68.50400000001808,548.0320000001446,,,,,
24.0,192.0,8.0,5523,9.125475285171104,69.01413925907018,508.1423920863927,-439.12825282732246,-0.0795090082975416,16,102.75600000002711,822.0480000002169,,,,,
32.0,256.0,8.0,5523,10.284265797573784,214.42864580306497,508.17300226865,-293.744356465585,-0.0531856520850235,41,137.00800000003616,1096.0640000002893,,,,,
40.0,320.0,8.0,5523,12.058663769690384,502.7247441727592,508.2324717963917,-5.50772762363232,-0.0009972347679942,55,171.2600000000452,1370.0800000003617,,,,,
48.0,384.0,8.0,5523,13.434727503168569,824.0957759679027,508.2868509158642,315.8089250520385,0.0571806853253736,67,205.51200000005423,1644.0960000004338,,,,,
16.0,96.0,6.0,5523,8.727141046532681,-112.5688359966248,508.1021835786792,-620.671019575304,-0.1123793263761187,0,68.50400000001808,411.02400000010846,,,,,
24.0,144.0,6.0,5523,10.35669020459895,10.592768993033015,508.1658657392592,-497.5730967462263,-0.0900910912088043,2,102.75600000002711,616.5360000001627,,,,,
32.0,192.0,6.0,5523,11.696541734564548,69.11388557354742,508.1707124018049,-439.0568268282576,-0.0794960758334705,24,137.00800000003616,822.0480000002169,,,,,
,,8.0,5523,13.434727503168569,824.0957759679027,508.2868509158642,315.8089250520385,0.05718068532537362,67,,,48.0,384.0,205.51200000005423,1644.0960000004338,575.0
,,12.0,5523,8.908202064095601,552.4137499106155,508.1918806782825,44.22186923233309,0.008006856641740556,51,,,32.0,384.0,137.00800000003616,1644.0960000004338,172.0
,,12.0,5523,10.718812239724787,1018.3593750470841,508.2767828379867,510.08259220909736,0.09235607318651047,76,,,40.0,480.0,171.2600000000452,2055.1200000005424,351.0
,,12.0,5523,11.986239362665218,1486.8255748120791,508.34341199103164,978.4821628210473,0.1771649760675443,99,,,48.0,576.0,205.51200000005423,2466.144000000651,578.0
,,16.0,5523,6.807894260365743,456.08847756523187,508.1554139565227,-52.06693639129075,-0.009427292484390866,36,,,24.0,384.0,102.75600000002711,1644.0960000004338,69.0
,,15.0,5523,8.419337316675719,797.2815410519906,508.20599537957855,289.0755456724121,0.052340312452002914,64,,,32.0,480.0,137.00800000003616,2055.1200000005424,172.0
,,6.0,5523,14.756472931377875,459.8073603429421,508.25241938217823,-48.44505903923607,-0.008771511685539756,60,,,48.0,288.0,205.51200000005423,1233.0720000003255,563.0
,,6.0,5523,17.490494296577946,991.9337086031287,508.3366847674488,483.59702383568003,0.08756056922608728,92,,,64.0,384.0,274.0160000000723,1644.0960000004338,1269.0
,,6.0,5523,20.695274307441608,1896.8969574508228,508.3941606007076,1388.5027968501151,0.25140372928664045,181,,,96.0,576.0,411.02400000010846,2466.144000000651,3253.0
,,8.0,5523,16.295491580662684,1581.3346400009123,508.3902186599765,1072.9444213409356,0.1942684087164468,116,,,64.0,512.0,274.0160000000723,2192.1280000005786,1302.0
,,8.0,5523,19.44595328625747,2494.5151358379703,508.4944307482353,1986.0207050897352,0.35959092976457274,302,,,96.0,768.0,411.02400000010846,3288.1920000008677,3295.0
,,8.0,5523,21.96270143038204,3012.8700326783564,508.2816159345783,2504.588416743778,0.4534833273119279,521,,,128.0,1024.0,548.0320000001446,4384.256000001157,6786.0
