cell,sl_widen,tp_widen,min_conviction,num_layers_max,n_trades,net_pnl_usd,gross_pnl_usd,fees_usd,win_rate_pct,ev_per_trade_usd,ladder_n,ladder_net_usd,ladder_wr_pct,ladder_ev_usd,backtest_secs,passed_success_bar
baseline,1.0,1.0,0.0,3,512,-54.941162256874534,-6.274196956874531,48.6669653,3.3203125,-0.10730695753295807,407,-77.3634818568735,0.0,-0.1900822650046032,4.312483299996529,False
widen_only_sl_2x,2.0,1.0,0.0,3,512,-54.94146687283836,-6.274501572838362,48.6669653,3.3203125,-0.10730755248601243,407,-77.36378647283735,0.0,-0.1900830134467748,4.397079399997892,False
widen_only_sl_4x,4.0,1.0,0.0,3,512,-54.94207610476607,-6.275110804766071,48.6669653,3.3203125,-0.10730874239212124,407,-77.36439570476506,0.0,-0.1900845103311181,4.391335899999831,False
widen_only_tp_2x,1.0,2.0,0.0,3,512,-54.94106225687454,-6.274096956874539,48.6669653,3.3203125,-0.10730676222045808,407,-77.36338185687352,0.0,-0.19008201930435753,4.346462199999223,False
widen_both_2x,2.0,2.0,0.0,3,512,-54.94136687283837,-6.2744015728383715,48.6669653,3.3203125,-0.10730735717351245,407,-77.36368647283736,0.0,-0.19008276774652913,4.306153199999244,False
widen_both_4x,4.0,4.0,0.0,3,512,-54.941776104766085,-6.274810804766083,48.6669653,3.3203125,-0.10730815645462126,407,-77.36409570476506,0.0,-0.190083773230381,4.347947300000669,False
widen_sl_4x_tp_1x,4.0,1.0,0.0,3,512,-54.94207610476607,-6.275110804766071,48.6669653,3.3203125,-0.10730874239212124,407,-77.36439570476506,0.0,-0.1900845103311181,4.379827300002944,False
floor_cv_1.2,1.0,1.0,1.2,3,105,22.42231959999898,32.42225979999898,9.999940200000001,16.19047619047619,0.21354590095237122,0,0.0,0.0,0.0,4.032399399999122,False
floor_cv_1.2_widen_2x,2.0,2.0,1.2,3,105,22.42231959999898,32.42225979999898,9.999940200000001,16.19047619047619,0.21354590095237122,0,0.0,0.0,0.0,4.173474999999598,False
layers_1_only,1.0,1.0,0.0,1,233,-1.8392526000014064,20.318118699998596,22.1573713,7.296137339055794,-0.007893787982838654,128,-24.261572200000387,0.0,-0.18954353281250302,4.29911920000086,False
layers_1_widen_2x,2.0,2.0,0.0,1,233,-1.8391626000014099,20.318208699998593,22.1573713,7.296137339055794,-0.007893401716744249,128,-24.26148220000039,0.0,-0.18954282968750305,4.243467899999814,False
layers_2_widen_2x,2.0,2.0,0.0,2,376,-29.166060589838022,6.600861410161982,35.766922,4.5212765957446805,-0.07756931007935644,271,-51.588380189837,0.0,-0.1903630265307638,4.415940700000647,False
