month,sl_atr_mult,tp_atr_mult,rr,n_trades,wr,net,ev,cell_s
2026-05,0.5,1.1,2.2,576,0.0,-50.12430023242837,-0.08702135457018814,13.392692999999781
2026-05,0.5,2.2,4.4,576,7.638888888888889,-50.39573871162832,-0.08749260192991028,9.972082300000238
2026-05,0.5,4.4,8.8,576,6.423611111111111,-49.15653984829919,-0.08534121501440832,8.56262740000011
2026-05,0.5,8.8,17.6,576,2.4305555555555554,-51.29840563452832,-0.08905973200438945,12.43954309999981
2026-05,0.5,17.6,35.2,576,1.5625,-49.8506037175783,-0.08654618700968456,5.905221999999867
2026-05,0.5,35.2,70.4,576,0.8680555555555556,-51.4592020781038,-0.08933889249670798,11.834431799999948
2026-05,1.0,1.1,1.1,576,0.0,-54.54988495371521,-0.09470466137797778,10.747014800000215
2026-05,1.0,2.2,2.2,576,14.0625,-55.0313157781984,-0.09554047878159444,10.951544200000171
2026-05,1.0,4.4,4.4,576,11.11111111111111,-53.92713274806507,-0.09362349435427963,11.177713699999913
2026-05,1.0,8.8,8.8,576,5.208333333333333,-55.78363311580672,-0.09684658527049778,9.826291299999866
2026-05,1.0,17.6,17.6,576,3.298611111111111,-53.05672447731517,-0.09211236888422773,9.936787600000116
2026-05,1.0,35.2,35.2,576,2.2569444444444446,-50.92286297899008,-0.08840774822741333,9.595266400000128
2026-05,1.5,1.1,0.7333333333333334,576,0.0,-59.25193824707803,-0.10286794834562157,11.778816799999731
2026-05,1.5,2.2,1.4666666666666668,576,18.055555555555557,-60.05655821034882,-0.10426485800407781,11.826182100000096
2026-05,1.5,4.4,2.9333333333333336,576,15.104166666666666,-58.98654561145712,-0.10240719724211306,9.679154599999947
2026-05,1.5,8.8,5.866666666666667,576,7.986111111111111,-60.198753396527934,-0.10451172464674989,8.649295400000028
2026-05,1.5,17.6,11.733333333333334,576,5.208333333333333,-55.908791905986384,-0.09706387483678192,11.683250200000202
2026-05,1.5,35.2,23.46666666666667,576,3.8194444444444446,-50.370070696811986,-0.08744803940418748,11.165567200000623
2026-05,2.0,1.1,0.55,576,0.0,-63.32861136755726,-0.10994550584645357,10.97579500000029
2026-05,2.0,2.2,1.1,576,21.70138888888889,-64.53466121669061,-0.11203934239008786,12.35848679999981
2026-05,2.0,4.4,2.2,576,18.92361111111111,-63.19921169734063,-0.10972085364121636,6.457199700000274
2026-05,2.0,8.8,4.4,576,10.069444444444445,-65.42029263954058,-0.11357689694364684,11.958850500000153
2026-05,2.0,17.6,8.8,576,6.25,-61.51180150292402,-0.10679132205368753,12.33379210000021
2026-05,2.0,35.2,17.6,576,4.340277777777778,-57.24482490818438,-0.09938337657670898,8.461968500000694
2026-05,3.0,1.1,0.3666666666666667,576,0.0,-67.7394521816486,-0.11760321559313994,12.493346600000223
2026-05,3.0,2.2,0.7333333333333334,576,30.90277777777778,-68.01295938769866,-0.11807805449253239,9.35259489999953
2026-05,3.0,4.4,1.4666666666666668,576,28.819444444444443,-64.43691230921527,-0.11186963942572097,10.823271400000522
2026-05,3.0,8.8,2.9333333333333336,576,17.708333333333332,-63.56059101559851,-0.11034824829096963,13.792385800000375
2026-05,3.0,17.6,5.866666666666667,576,11.458333333333334,-55.31607818411528,-0.09603485795853346,11.104018799999722
2026-05,3.0,35.2,11.733333333333334,576,8.506944444444445,-41.95767668520829,-0.07284318868959773,11.468573799999831
2026-05,4.0,1.1,0.275,576,0.0,-69.36801067705312,-0.12043057409210611,11.423707799999647
2026-05,4.0,2.2,0.55,576,39.0625,-68.49166553444078,-0.11890914155284858,6.739934000000176
2026-05,4.0,4.4,1.1,576,36.63194444444444,-65.07783280504054,-0.11298234861986206,12.24871500000063
2026-05,4.0,8.8,2.2,576,23.4375,-64.34602338682392,-0.11171184615768041,13.470271799999864
2026-05,4.0,17.6,4.4,576,15.104166666666666,-56.21685563999055,-0.09759870770831693,10.712167199999385
2026-05,4.0,35.2,8.8,576,11.458333333333334,-37.761256236131196,-0.0655577365210611,14.823114699999678
2025-05,0.5,1.1,2.2,708,1.8361581920903955,-82.2213022605649,-0.11613178285390523,15.42828469999995
2025-05,0.5,2.2,4.4,708,11.864406779661017,-80.11798520916899,-0.11316099605814829,12.587449600000127
2025-05,0.5,4.4,8.8,708,7.344632768361582,-79.3163241796105,-0.11202870646837641,13.086799899999733
2025-05,0.5,8.8,17.6,708,3.531073446327684,-80.38400062636889,-0.11353672404854363,8.898682599999574
2025-05,0.5,17.6,35.2,708,2.401129943502825,-77.56612482399773,-0.10955667348022277,13.298770000000331
2025-05,0.5,35.2,70.4,708,1.4124293785310735,-73.95012321323101,-0.10444932657236018,13.712797599999703
2025-05,1.0,1.1,1.1,708,3.1073446327683616,-89.16063264765263,-0.12593309695996135,13.2871454000001
2025-05,1.0,2.2,2.2,708,19.63276836158192,-87.04047312841092,-0.12293852136781204,10.584631199999876
2025-05,1.0,4.4,4.4,708,12.146892655367232,-87.7228300541023,-0.12390230233630269,13.740393600000061
2025-05,1.0,8.8,8.8,708,6.638418079096045,-87.45553024847727,-0.12352476023796224,13.394646300000204
2025-05,1.0,17.6,17.6,708,4.661016949152542,-80.57212663957688,-0.11380243875646452,13.272457000000031
2025-05,1.0,35.2,35.2,708,2.824858757062147,-73.51265057727687,-0.10383142736903513,11.138610499999686
2025-05,1.5,1.1,0.7333333333333334,708,4.237288135593221,-94.40232648767339,-0.13333661933287203,13.45531149999988
2025-05,1.5,2.2,1.4666666666666668,708,25.423728813559322,-93.48201623616097,-0.13203674609627256,15.2340092000004
2025-05,1.5,4.4,2.9333333333333336,708,16.52542372881356,-95.10220360920225,-0.13432514634068116,12.620922699999937
2025-05,1.5,8.8,5.866666666666667,708,9.745762711864407,-93.34882689986458,-0.13184862556478047,12.168458600000122
2025-05,1.5,17.6,11.733333333333334,708,7.203389830508475,-81.46221709617237,-0.11505962866691012,12.328125
2025-05,1.5,35.2,23.46666666666667,708,4.661016949152542,-68.14186920306885,-0.09624557797043623,14.914830400000028
2025-05,2.0,1.1,0.55,708,4.661016949152542,-99.66802256549859,-0.1407740431716082,13.97544310000012
2025-05,2.0,2.2,1.1,708,31.35593220338983,-96.23715311006968,-0.13592818235885548,13.518875799999478
2025-05,2.0,4.4,2.2,708,21.610169491525422,-97.35217586330265,-0.13750307325325234,11.110644399999728
2025-05,2.0,8.8,4.4,708,13.135593220338983,-95.7018098157191,-0.13517204776231512,14.991218899999694
2025-05,2.0,17.6,8.8,708,9.887005649717514,-80.24479356980197,-0.11334010391214967,14.137906100000691
2025-05,2.0,35.2,17.6,708,7.062146892655368,-56.51623781193608,-0.07982519464962723,17.053559400000267
2025-05,3.0,1.1,0.3666666666666667,708,5.508474576271187,-105.13533502171106,-0.14849623590637154,11.796178800000234
2025-05,3.0,2.2,0.7333333333333334,708,40.67796610169491,-99.81934238536148,-0.14098777173073657,10.436922599999889
2025-05,3.0,4.4,1.4666666666666668,708,30.93220338983051,-100.19727768172784,-0.14152157864650824,13.605069700000058
2025-05,3.0,8.8,2.9333333333333336,708,18.926553672316384,-103.30147962121073,-0.14590604466272702,16.625533199999154
2025-05,3.0,17.6,5.866666666666667,708,14.265536723163843,-84.1427942424932,-0.11884575457979264,16.924031800000193
2025-05,3.0,35.2,11.733333333333334,708,11.158192090395481,-46.60754274383913,-0.06582986263254115,10.708133099999941
2025-05,4.0,1.1,0.275,708,5.508474576271187,-110.76226636601528,-0.1564438790480442,10.179739700000027
2025-05,4.0,2.2,0.55,708,46.75141242937853,-104.58427445737811,-0.14771790177595778,12.03245539999989
2025-05,4.0,4.4,1.1,708,37.570621468926554,-107.50206574640302,-0.1518390759129986,9.514201400000275
2025-05,4.0,8.8,2.2,708,24.43502824858757,-111.76896996535258,-0.15786577678722116,11.454919099999643
2025-05,4.0,17.6,4.4,708,18.64406779661017,-85.69142592355178,-0.12103308746264375,12.024892500000533
2025-05,4.0,35.2,8.8,708,14.830508474576272,-27.605457548180233,-0.038990759248842134,16.2283208000008
2026-02,0.5,1.1,2.2,869,15.76524741081703,-78.09879168440379,-0.08987202725477997,17.378700199999912
2026-02,0.5,2.2,4.4,869,10.01150747986191,-79.11523075036658,-0.09104169246302253,15.12049990000014
2026-02,0.5,4.4,8.8,869,6.67433831990794,-74.87397773724159,-0.08616107909924234,14.392722399999911
2026-02,0.5,8.8,17.6,869,3.33716915995397,-75.43109827329164,-0.0868021844341676,15.905713000000105
2026-02,0.5,17.6,35.2,869,2.5316455696202533,-63.50633951897931,-0.0730797923118289,16.705155000000104
2026-02,0.5,35.2,70.4,869,2.4165707710011506,-34.08199686532486,-0.03921978925814138,16.193179999999757
2026-02,1.0,1.1,1.1,869,25.086306098964325,-92.74345598326335,-0.10672434520513618,16.437051599999904
2026-02,1.0,2.2,2.2,869,18.9873417721519,-91.53214063181862,-0.1053304265038189,13.36174340000025
2026-02,1.0,4.4,4.4,869,13.233601841196778,-81.44209878927697,-0.09371933117293092,17.386015999999927
2026-02,1.0,8.8,8.8,869,7.594936708860759,-79.04184378863523,-0.0909572425645975,16.29928629999995
2026-02,1.0,17.6,17.6,869,5.7537399309551205,-52.36828687564809,-0.06026270066242588,14.04821579999998
2026-02,1.0,35.2,35.2,869,5.178365937859609,8.477401127077263,0.009755352275117679,17.19562040000028
2026-02,1.5,1.1,0.7333333333333334,869,32.22094361334867,-105.21192166023937,-0.12107240697380825,15.584855699999935
2026-02,1.5,2.2,1.4666666666666668,869,26.12197928653625,-102.13376607412042,-0.11753022563189922,16.705089100000805
2026-02,1.5,4.4,2.9333333333333336,869,19.102416570771002,-86.99066346357462,-0.1001043307981296,16.790690499999982
2026-02,1.5,8.8,5.866666666666667,869,12.773302646720369,-69.21485986723289,-0.07964886060671218,14.307569200000216
2026-02,1.5,17.6,11.733333333333334,869,9.666283084004602,-20.64017308176927,-0.02375163760848017,16.444653200000175
2026-02,1.5,35.2,23.46666666666667,869,8.745684695051784,85.13009807045323,0.09796328891881845,19.18023269999958
2026-02,2.0,1.1,0.55,869,37.39930955120828,-118.04594641457368,-0.1358411351145842,16.22895939999944
2026-02,2.0,2.2,1.1,869,31.87571921749137,-114.09570586107223,-0.13129540375267232,17.7737575000001
2026-02,2.0,4.4,2.2,869,22.78481012658228,-101.65178333418879,-0.11697558496454406,13.44241190000048
2026-02,2.0,8.8,4.4,869,15.995397008055235,-73.91070575727207,-0.08505259580813818,16.968780100000004
2026-02,2.0,17.6,8.8,869,11.737629459148447,-19.214261851695078,-0.022110773131985128,19.111137699999745
2026-02,2.0,35.2,17.6,869,10.817031070195627,115.07419747402875,0.13242140100578684,18.471943900000042
2026-02,3.0,1.1,0.3666666666666667,869,47.29574223245109,-129.59894007109187,-0.1491357192993002,14.168105900000228
2026-02,3.0,2.2,0.7333333333333334,869,42.11737629459149,-125.47584721646403,-0.1443910784999586,13.42463719999978
2026-02,3.0,4.4,1.4666666666666668,869,30.609896432681243,-114.68183263228065,-0.13196988795429304,12.724412399999892
2026-02,3.0,8.8,2.9333333333333336,869,22.094361334867664,-78.24903253308882,-0.09004491660884789,16.635708499999964
2026-02,3.0,17.6,5.866666666666667,869,16.22554660529344,-7.160769420699965,-0.008240240990448752,12.910224199999902
2026-02,3.0,35.2,11.733333333333334,869,15.304948216340621,191.99630851753253,0.22093936538266112,11.193372600000657
2026-02,4.0,1.1,0.275,869,54.085155350978134,-139.9794217176122,-0.16108103764972637,9.879977499999768
2026-02,4.0,2.2,0.55,869,48.67663981588032,-140.45218852803214,-0.16162507310475505,8.604735699999765
2026-02,4.0,4.4,1.1,869,37.74453394706559,-124.4535154812236,-0.1432146323144115,12.999909999999545
2026-02,4.0,8.8,2.2,869,28.193325661680092,-75.90201163057324,-0.08734408703172986,10.888810499999636
2026-02,4.0,17.6,4.4,869,21.518987341772153,16.01569266845768,0.018430026085682026,9.595974500000011
2026-02,4.0,35.2,8.8,869,20.48331415420023,277.5571468619656,0.31939832780433325,13.807075300000179
2025-10,0.5,1.1,2.2,912,2.412280701754386,-123.36032860445042,-0.13526351820663424,18.035904700000174
2025-10,0.5,2.2,4.4,912,8.771929824561404,-121.94482839460389,-0.133711434643206,16.47472749999997
2025-10,0.5,4.4,8.8,912,5.043859649122807,-123.71504151709968,-0.13565245780383736,13.988406899999973
2025-10,0.5,8.8,17.6,912,2.5219298245614037,-124.95470246106639,-0.13701173515467807,20.37814759999992
2025-10,0.5,17.6,35.2,912,0.9868421052631579,-128.89836347502492,-0.14133592486296592,16.37069859999974
2025-10,0.5,35.2,70.4,912,0.43859649122807015,-129.51311526774165,-0.14200999481112023,14.560486599999876
2025-10,1.0,1.1,1.1,912,3.7280701754385963,-142.71503299018636,-0.15648578178748504,19.546043499999996
2025-10,1.0,2.2,2.2,912,14.25438596491228,-140.07555885557622,-0.1535916215521669,16.03848620000008
2025-10,1.0,4.4,4.4,912,9.320175438596491,-140.53051193820784,-0.15409047361645598,15.261546899999757
2025-10,1.0,8.8,8.8,912,5.482456140350878,-138.07001876243393,-0.15139256443249335,16.240757099999882
2025-10,1.0,17.6,17.6,912,2.741228070175439,-141.40836606802523,-0.1550530329693259,19.506311100000403
2025-10,1.0,35.2,35.2,912,1.5350877192982457,-139.51591007070164,-0.15297797156875179,15.049165000000357
2025-10,1.5,1.1,0.7333333333333334,912,5.1535087719298245,-156.92260781229837,-0.17206426295208155,16.49966250000034
2025-10,1.5,2.2,1.4666666666666668,912,19.18859649122807,-154.55374722314102,-0.16946682809554936,19.919802499999605
2025-10,1.5,4.4,2.9333333333333336,912,13.596491228070175,-154.96807869369144,-0.16992113891852131,14.055531799999699
2025-10,1.5,8.8,5.866666666666667,912,8.552631578947368,-148.71802141575893,-0.16306800593833215,18.130703700000595
2025-10,1.5,17.6,11.733333333333334,912,5.1535087719298245,-145.71342033774204,-0.15977348721243645,19.449402699999155
2025-10,1.5,35.2,23.46666666666667,912,3.1798245614035086,-139.98210966664266,-0.15348915533623098,17.975065300000097
2025-10,2.0,1.1,0.55,912,5.81140350877193,-169.45049776618683,-0.18580098439274872,18.279800799999975
2025-10,2.0,2.2,1.1,912,22.80701754385965,-171.256670837189,-0.18778143732147917,16.026452799999788
2025-10,2.0,4.4,2.2,912,17.214912280701753,-168.91029564738548,-0.18520865750809812,19.079114000000118
2025-10,2.0,8.8,4.4,912,11.513157894736842,-158.12693703919055,-0.17338479938507736,21.147038500000235
2025-10,2.0,17.6,8.8,912,7.12719298245614,-154.39762293069208,-0.16929563917839044,14.152738099999624
2025-10,2.0,35.2,17.6,912,4.714912280701754,-139.04030255199692,-0.15245647209648786,14.586854299999686
2025-10,3.0,1.1,0.3666666666666667,912,7.785087719298246,-191.67954655258487,-0.21017494139537815,15.044321899999886
2025-10,3.0,2.2,0.7333333333333334,912,29.714912280701753,-195.60341613360922,-0.21447742997106273,14.05846399999973
2025-10,3.0,4.4,1.4666666666666668,912,22.587719298245613,-198.2887124763868,-0.21742183385568728,16.198154499999873
2025-10,3.0,8.8,2.9333333333333336,912,15.460526315789474,-185.01974474420425,-0.2028725271318029,14.098465800000668
2025-10,3.0,17.6,5.866666666666667,912,9.978070175438596,-175.60676766775777,-0.1925512803374537,10.089905099999669
2025-10,3.0,35.2,11.733333333333334,912,6.798245614035087,-151.90510333789268,-0.16656261330909286,10.440222300000642
2025-10,4.0,1.1,0.275,912,8.662280701754385,-211.85643889416684,-0.23229872685763908,13.311074600000211
2025-10,4.0,2.2,0.55,912,34.978070175438596,-217.8256525234998,-0.2388439172406796,10.242209600000024
2025-10,4.0,4.4,1.1,912,26.973684210526315,-224.53049953983285,-0.24619572317964128,10.459830800000418
2025-10,4.0,8.8,2.2,912,19.18859649122807,-207.9612055211675,-0.2280276376328591,14.170318999999836
2025-10,4.0,17.6,4.4,912,12.171052631578947,-202.891463943064,-0.22246871046388597,9.564183999999841
2025-10,4.0,35.2,8.8,912,8.552631578947368,-166.36243254056592,-0.18241494796114685,10.223050800000237
2025-04,0.5,1.1,2.2,1005,7.064676616915423,-106.54547209705204,-0.10601539512144481,19.594611099999838
2025-04,0.5,2.2,4.4,1005,7.661691542288557,-107.45944284209372,-0.10692481874835197,17.8869009
2025-04,0.5,4.4,8.8,1005,5.373134328358209,-102.8342677966313,-0.10232265452401124,15.093796000000111
2025-04,0.5,8.8,17.6,1005,3.482587064676617,-97.95333663986857,-0.0974660066068344,18.50737819999995
2025-04,0.5,17.6,35.2,1005,2.487562189054726,-84.68963310064345,-0.0842682916424313,17.5288443000004
2025-04,0.5,35.2,70.4,1005,1.9900497512437811,-55.823028975843386,-0.05554530246352576,16.111205000000155
2025-04,1.0,1.1,1.1,1005,11.144278606965175,-126.98745100881102,-0.12635567264558312,17.60457039999983
2025-04,1.0,2.2,2.2,1005,13.134328358208956,-128.94016011489435,-0.12829866678098942,18.093178099999932
2025-04,1.0,4.4,4.4,1005,9.45273631840796,-123.12143561346112,-0.12250889115767276,16.786586199999874
2025-04,1.0,8.8,8.8,1005,6.169154228855722,-114.9635657311526,-0.11439160769268915,17.07999000000018
2025-04,1.0,17.6,17.6,1005,4.975124378109452,-85.74481594823587,-0.08531822482411529,18.74727669999993
2025-04,1.0,35.2,35.2,1005,3.9800995024875623,-38.02536495876257,-0.037836184038569726,18.86430229999951
2025-04,1.5,1.1,0.7333333333333334,1005,13.73134328358209,-144.79788026443595,-0.14407749280043378,17.550798100000065
2025-04,1.5,2.2,1.4666666666666668,1005,18.407960199004975,-146.91075594498173,-0.14617985666167335,18.22015360000023
2025-04,1.5,4.4,2.9333333333333336,1005,13.73134328358209,-139.87688527427767,-0.13918098037241558,18.663677799999277
2025-04,1.5,8.8,5.866666666666667,1005,9.850746268656716,-122.37176947081075,-0.12176295469732412,16.42305430000033
2025-04,1.5,17.6,11.733333333333334,1005,7.8606965174129355,-77.63895292339845,-0.07725268947601836,19.882347499999923
2025-04,1.5,35.2,23.46666666666667,1005,6.567164179104478,0.6329629899520184,0.000629813920350267,20.17979749999995
2025-04,2.0,1.1,0.55,1005,16.915422885572138,-157.48720275330243,-0.1567036843316442,15.135306199999832
2025-04,2.0,2.2,1.1,1005,22.98507462686567,-162.39797880756905,-0.16159002866424782,20.686889199999314
2025-04,2.0,4.4,2.2,1005,18.507462686567163,-148.66017881844408,-0.14792057593875033,21.63684259999991
2025-04,2.0,8.8,4.4,1005,13.432835820895523,-125.05804839574378,-0.12443586905049132,17.057423799999924
2025-04,2.0,17.6,8.8,1005,10.746268656716419,-61.74434892242713,-0.061437163106892664,14.639853599999697
2025-04,2.0,35.2,17.6,1005,8.855721393034825,44.03515696352362,0.04381607658062052,15.238318200000322
2025-04,3.0,1.1,0.3666666666666667,1005,19.800995024875622,-184.54975046748217,-0.1836315925049574,15.857204900000397
2025-04,3.0,2.2,0.7333333333333334,1005,30.746268656716417,-190.30443599297777,-0.18935764775420674,16.44742860000042
2025-04,3.0,4.4,1.4666666666666668,1005,25.4726368159204,-175.3797630490778,-0.1745072269145053,12.396534800000154
2025-04,3.0,8.8,2.9333333333333336,1005,18.80597014925373,-144.46288238411898,-0.1437441615762378,13.165948699999717
2025-04,3.0,17.6,5.866666666666667,1005,15.522388059701493,-49.29775481293607,-0.04905249235118017,10.219200799999271
2025-04,3.0,35.2,11.733333333333334,1005,12.935323383084578,97.6423796357713,0.09715659665250877,13.801486000000295
2025-04,4.0,1.1,0.275,1005,23.28358208955224,-201.48056408197388,-0.20047817321589442,12.971607699999367
2025-04,4.0,2.2,0.55,1005,37.81094527363184,-206.30862763819437,-0.20528221655541729,12.33139950000077
2025-04,4.0,4.4,1.1,1005,33.233830845771145,-183.2026011220111,-0.1822911453950359,8.743283999999221
2025-04,4.0,8.8,2.2,1005,25.074626865671643,-143.8450017431439,-0.1431293549683024,12.456159200000002
2025-04,4.0,17.6,4.4,1005,20.696517412935325,-21.6951596041516,-0.02158722348671801,4.6501226999998835
2025-04,4.0,35.2,8.8,1005,17.512437810945272,173.10549435930332,0.17224427299433168,6.834123100000397
2025-11,0.5,1.1,2.2,1453,5.987611837577426,-174.10670941011242,-0.11982567750179794,27.809951700000056
2025-11,0.5,2.2,4.4,1453,7.7770130763936685,-175.21885987287482,-0.12059109420018914,21.708036900000025
2025-11,0.5,4.4,8.8,1453,4.611149346180317,-173.9753349116875,-0.11973526146709394,26.68834629999992
2025-11,0.5,8.8,17.6,1453,2.615278733654508,-170.1300274967127,-0.11708880075479194,23.572074599999723
2025-11,0.5,17.6,35.2,1453,1.7894012388162424,-158.61391765066276,-0.1091630541298436,25.311829899999793
2025-11,0.5,35.2,70.4,1453,1.2388162422573985,-137.34471660375053,-0.0945249253983142,25.91872020000028
2025-11,1.0,1.1,1.1,1453,11.080523055746731,-200.7897109023872,-0.13818975285780263,26.57126190000008
2025-11,1.0,2.2,2.2,1453,15.141087405368204,-203.8104358795038,-0.14026871017171633,25.131981899999573
2025-11,1.0,4.4,4.4,1453,9.291121816930488,-202.2388285706875,-0.13918708091582072,26.55351690000043
2025-11,1.0,8.8,8.8,1453,5.574673090158293,-193.38182677760423,-0.13309141553861267,25.238958900000398
2025-11,1.0,17.6,17.6,1453,3.9917412250516175,-165.74486979606266,-0.11407079820788896,26.829877500000293
2025-11,1.0,35.2,35.2,1453,2.684101858224363,-125.56300085033803,-0.08641638048887683,30.036136499999884
2025-11,1.5,1.1,0.7333333333333334,1453,14.59050240880936,-223.7711704605132,-0.15400631139746263,24.571268300000156
2025-11,1.5,2.2,1.4666666666666668,1453,21.403991741225052,-226.44027937993806,-0.15584327555398353,27.238517000000684
2025-11,1.5,4.4,2.9333333333333336,1453,14.177563661390227,-220.5662933977341,-0.15180061486423546,28.780404800000724
2025-11,1.5,8.8,5.866666666666667,1453,8.67171369580179,-209.3040882125219,-0.1440496133603041,21.178299000000152
2025-11,1.5,17.6,11.733333333333334,1453,5.987611837577426,-174.20043707368035,-0.11989018380845172,23.006305699999757
2025-11,1.5,35.2,23.46666666666667,1453,3.9917412250516175,-113.37645355315156,-0.07802921786176983,22.33413079999991
2025-11,2.0,1.1,0.55,1453,17.274604267033723,-243.7937682092303,-0.16778648878818328,19.993550199999845
2025-11,2.0,2.2,1.1,1453,26.841018582243635,-247.02835910626362,-0.17001263531057373,14.198247600000286
2025-11,2.0,4.4,2.2,1453,19.064005505849966,-234.91542248108888,-0.16167613384796206,19.680632399999922
2025-11,2.0,8.8,4.4,1453,11.218169304886441,-234.15934287578924,-0.16115577623935942,16.14526569999998
2025-11,2.0,17.6,8.8,1453,7.914659325533379,-185.5967375755564,-0.12773347389921294,16.20614730000034
2025-11,2.0,35.2,17.6,1453,5.437026841018582,-100.53956264984022,-0.06919446844448741,13.976706299999933
2025-11,3.0,1.1,0.3666666666666667,1453,21.88575361321404,-275.21259611828873,-0.18940990785842307,7.913575599999604
2025-11,3.0,2.2,0.7333333333333334,1453,35.788024776324846,-280.0018802382721,-0.19270604283432355,2.7901694000001953
2025-11,3.0,4.4,1.4666666666666668,1453,27.116311080523054,-261.5034261002893,-0.17997482869944204,2.9286887999996907
2025-11,3.0,8.8,2.9333333333333336,1453,17.412250516173433,-255.46959113831477,-0.17582215494722284,3.202872599999864
2025-11,3.0,17.6,5.866666666666667,1453,12.663454920853408,-174.687796156324,-0.12022559955700206,3.8917576000003464
2025-11,3.0,35.2,11.733333333333334,1453,8.947006194081212,-38.469540140416015,-0.026475939532289067,5.735727199999928
2025-11,4.0,1.1,0.275,1453,24.982794218857535,-301.9154073410518,-0.20778761688991865,2.6911300000001575
2025-11,4.0,2.2,0.55,1453,43.083275980729525,-303.79858403438084,-0.20908367793143898,2.8066283999996813
2025-11,4.0,4.4,1.1,1453,33.65450791465933,-284.5855446650899,-0.19586066391265652,2.8747506999998222
2025-11,4.0,8.8,2.2,1453,22.918100481761872,-271.78283297759054,-0.18704943769964938,3.88243650000004
2025-11,4.0,17.6,4.4,1453,16.86166551961459,-173.29264182209178,-0.11926541075161169,4.664306100000431
2025-11,4.0,35.2,8.8,1453,12.31933929800413,12.362547121175142,0.00850829120521345,7.09127350000017
