sl_atr_mult,tp_atr_mult,total_n,avg_wr,total_net,avg_ev,max_cell_s
4.0,35.2,5523,14.1927607750011,231.2960420175667,0.035531241378804715,16.2283208000008
3.0,35.2,5523,10.608443323730237,10.698825245947702,-0.0022692736880584835,13.801486000000295
2.0,35.2,5523,6.871186042563989,-194.23157348440523,-0.037437005696817356,18.471943900000042
1.5,35.2,5523,5.160812675701396,-286.10744205926983,-0.05276981462224264,22.33413079999991
1.0,35.2,5523,3.076576369896062,-419.0623883089919,-0.07661905990292152,30.036136499999884
0.5,35.2,5523,1.394086364969505,-482.1721830039952,-0.08751470516669496,25.91872020000028
4.0,17.6,5523,17.499409561529642,-523.771854264392,-0.09392051896458238,12.024892500000533
3.0,17.6,5523,13.352221636297353,-546.2119604843263,-0.09749170429573513,16.924031800000193
1.5,17.6,5523,6.846637229127766,-555.5639924187489,-0.09879858360151313,23.006305699999757
2.0,17.6,5523,8.94379267892865,-562.7095663530966,-0.10011807921371974,19.111137699999745
0.5,17.6,5523,1.9598468410428673,-563.1249822868865,-0.10065832057282952,25.311829899999793
1.0,17.6,5523,4.2369102774258804,-578.8951898048639,-0.10343659405074139,26.829877500000293
0.5,8.8,5523,2.986432297454956,-600.1515711318365,-0.10682753050056752,23.572074599999723
0.5,4.4,5523,5.91178758717366,-603.8714859905697,-0.1068735623961616,26.68834629999992
0.5,2.2,5523,8.954239598609242,-614.2520857807363,-0.10882043967380471,21.708036900000025
0.5,1.1,5523,5.510995793192444,-614.456904289012,-0.10902162591812505,27.809951700000056
1.0,8.8,5523,6.111328596775838,-668.69641842411,-0.11836736262280878,25.238958900000398
1.0,4.4,5523,10.75927319693501,-688.9828377138008,-0.12117192892557711,26.55351690000043
1.5,8.8,5523,9.596711335516959,-703.156319262717,-0.12414829746903383,21.178299000000152
1.0,2.2,5523,15.868735310370544,-706.4300843884023,-0.124328070859683,25.131981899999573
1.0,1.1,5523,9.024420428313865,-706.9461684860157,-0.12473221847232435,26.57126190000008
2.0,8.8,5523,12.560766282226245,-752.3771365232553,-0.13212966419817138,21.147038500000235
1.5,4.4,5523,15.372900856548952,-756.4906700499372,-0.13295656808934936,28.780404800000724
1.5,2.2,5523,21.43363534785154,-783.577123068691,-0.1375536316739093,27.238517000000684
1.5,1.1,5523,11.655597702210528,-784.3578449322383,-0.1379041736337133,24.571268300000156
2.0,4.4,5523,19.684161867056282,-814.6890678417506,-0.14316747985897055,21.63684259999991
3.0,8.8,5523,18.401332553622336,-830.0633214365361,-0.14478967553630134,16.635708499999964
2.0,1.1,5523,13.676959526956436,-851.7740490763491,-0.14947530694087036,19.993550199999845
2.0,2.2,5523,26.261025177123173,-855.5505289388542,-0.1497745049663194,20.686889199999314
4.0,8.8,5523,23.874529624821538,-875.6060452246517,-0.15252135671290704,14.170318999999836
3.0,4.4,5523,27.58970191027421,-914.4879242489776,-0.15954416591602613,16.198154499999873
3.0,1.1,5523,17.046008861018365,-953.9156204128074,-0.16640860209292838,15.857204900000397
3.0,2.2,5523,34.991220981301204,-959.2178813543833,-0.16666633754713675,16.44742860000042
4.0,4.4,5523,34.3015204718989,-989.3520593596011,-0.17206393155576763,12.999909999999545
4.0,1.1,5523,19.420381156235578,-1035.3621090778731,-0.1797533346255548,13.311074600000211
4.0,2.2,5523,41.7271406125098,-1041.460992715926,-0.18024365469351622,12.33139950000077
