trade_idx,entry_bar,exit_bar,exit_reason,direction,entry_price,exit_price,realized_pnl_usd,fee_usd,mfe_usd,mae_usd,mfe_bars_after_entry,mae_bars_after_entry,mfe_minus_realized,stop_usd,target_usd
0,685131,685191,sl,-1,74785.0,74895.0,-1.8478500000000002,0.74785,-0.19885000000005826,-1.91785,29,60,1.6489999999999418,110.0,1210.0
1,724955,725296,sl,-1,76209.3,76231.09999999999,-0.9800929999998838,0.7620930000000001,0.9339070000000582,-1.036092999999942,201,341,1.913999999999942,21.79999999998836,239.79999999987194
2,725436,725439,sl,-1,76369.6,76405.6,-1.123696,0.763696,-0.9386960000000001,-1.1266959999998836,0,3,0.18499999999999994,36.0,396.0
3,732178,732992,tp,-1,77844.1,77289.70000000007,4.76555899999936,0.778441,4.801559,-0.868441,814,0,0.036000000000639965,50.39999999999418,554.399999999936
4,733840,733847,sl,-1,76946.1,77008.70000000001,-1.3954610000000582,0.7694610000000002,-0.8084609999999419,-1.5084609999999419,0,7,0.5870000000001163,62.60000000000582,688.600000000064
5,733815,733854,sl,-1,77027.5,77049.70000000001,-0.9922750000001165,0.770275,0.1627250000000291,-0.9772749999999709,23,38,1.1550000000001455,22.20000000001164,244.20000000012806
6,736281,736349,sl,-1,77100.0,77131.79999999999,-1.0889999999998836,0.771,-0.11900000000002908,-1.1949999999999419,26,68,0.9699999999998545,31.79999999998836,349.79999999987194
7,739079,739093,inv,-1,77572.0,77573.7,-0.792719999999971,0.7757200000000001,-0.5117200000000584,-0.8497199999999419,6,14,0.28099999999991265,23.0,253.0
8,741443,741453,sl,1,78255.0,78234.0,-0.99255,0.7825500000000001,-0.59755,-1.1325500000000002,4,10,0.395,21.0,231.0
9,742005,742011,inv,-1,78526.7,78573.9,-1.2572669999999708,0.7852669999999999,-0.2642670000000873,-1.671267000000058,3,6,0.9929999999998835,104.0,1144.0
10,742004,742102,tp,1,78295.3,79278.70000000026,9.05104700000256,0.7829530000000001,11.24904699999997,0.765047000000029,98,45,2.1979999999974105,89.40000000002328,983.4000000002561
11,827743,827991,inv,1,78751.0,78633.4,-1.9635100000000585,0.78751,0.5014899999999417,-1.9975100000000001,89,248,2.4650000000000003,238.80000000001746,2626.800000000192
12,855750,855767,inv,1,79055.5,79040.2,-0.9435550000000292,0.7905550000000001,-0.6945549999999419,-0.9555550000000002,4,17,0.24900000000008737,22.0,242.0
13,857538,857581,inv,-1,79734.5,79744.5,-0.8973450000000001,0.7973450000000001,-0.4533450000000583,-0.9023450000000001,36,43,0.4439999999999418,22.60000000000582,248.60000000006403
14,857781,858003,sl,1,79728.6,79690.6,-1.177286,0.797286,-0.3192860000001165,-1.207286,73,222,0.8579999999998835,38.0,418.0
15,856332,858955,tp,1,79319.3,80366.50000000013,9.67880700000128,0.7931930000000001,9.662806999999912,-0.7931930000000001,2623,0,-0.01600000000136781,95.20000000001164,1047.200000000128
16,862575,863750,tp,1,80258.0,80572.60000000006,2.3434200000006404,0.8025800000000001,2.376419999999942,-1.021579999999942,1175,8,0.032999999999301366,28.60000000000582,314.60000000006403
17,870988,873996,tp,1,80543.8,81120.20000000026,4.95856200000256,0.8054380000000001,4.920561999999913,-0.9434380000000292,3008,6,-0.03800000000264703,52.40000000002328,576.4000000002561
18,879022,879066,sl,-1,80949.9,81000.1,-1.3114990000001163,0.809499,-0.7014990000001163,-1.359499,0,44,0.61,50.20000000001164,552.2000000001281
19,880659,880667,sl,1,80934.1,80909.5,-1.0553410000000583,0.8093410000000001,-0.4153410000000583,-1.2443410000000001,4,8,0.6399999999999999,24.60000000000582,270.60000000006403
20,880711,885832,tp,1,80874.3,82009.50000000013,10.543257000001281,0.8087430000000001,11.205256999999943,-1.0997430000000583,5121,61,0.6619999999986614,103.20000000001164,1135.200000000128
21,904058,904079,sl,-1,81612.1,81647.1,-1.1661210000000002,0.8161210000000001,-0.7141209999998837,-1.1941209999998836,0,21,0.45200000000011653,35.0,385.0
22,906181,906184,inv,1,81764.8,81760.4,-0.8616480000000873,0.817648,-0.714647999999971,-0.8556480000000292,1,2,0.14700000000011637,27.0,297.0
23,1098889,1098920,sl,-1,83089.6,83116.6,-1.100896,0.8308960000000001,-0.6198959999999418,-1.2948959999999419,19,31,0.48100000000005827,27.0,297.0
24,1689615,1689634,sl,-1,84896.0,84925.79999999999,-1.1469599999998836,0.84896,-0.8449600000000582,-1.157959999999942,8,19,0.3019999999998254,29.79999999998836,327.79999999987194
25,1691618,1694682,tp,1,85000.0,85941.59999999974,8.56599999999744,0.85,8.698999999999943,-1.113000000000029,3064,201,0.13300000000250378,85.59999999997672,941.5999999997439
26,1757825,1757833,inv,1,86658.5,86643.5,-1.016585,0.866585,-0.8655849999999419,-1.118584999999971,0,8,0.1510000000000582,43.39999999999418,477.39999999993597
27,1775577,1778453,tp,1,87017.1,87538.49999999994,4.34382899999936,0.870171,4.357828999999883,-1.2671710000001164,2876,145,0.014000000000523372,47.39999999999418,521.399999999936
28,1782072,1782188,sl,-1,87489.9,87524.9,-1.224899,0.874899,-0.03589900000005819,-1.2008990000000581,56,116,1.1889999999999419,35.0,385.0
29,1782648,1782675,inv,-1,87524.7,87563.4,-1.262246999999971,0.875247,-0.875247,-1.266247000000058,1,27,0.38699999999997103,77.19999999998254,849.1999999998079
30,1783218,1783225,sl,1,87739.9,87715.9,-1.117399,0.877399,-0.9183989999999127,-1.1283989999999127,0,7,0.19900000000008733,24.0,264.0
31,1781576,1783549,tp,1,87287.7,88592.30000000006,12.17312300000064,0.872877,12.215123000000029,-1.3188769999999126,1973,18,0.04199999999938875,118.60000000000582,1304.600000000064
32,1803419,1807386,tp,1,88080.7,88452.49999999987,2.8371929999987198,0.880807,2.912193000000029,-0.925807,3967,10,0.07500000000130935,33.79999999998836,371.79999999987194
33,1826986,1827012,inv,-1,89585.8,89606.5,-1.102857999999971,0.895858,-0.555858,-1.117857999999971,14,26,0.5469999999999711,52.0,572.0
34,1827401,1827469,sl,1,89684.3,89622.7,-1.5128430000000583,0.8968430000000001,0.06015699999997082,-1.5278430000000582,34,68,1.5730000000000293,61.60000000000582,677.600000000064
35,1827053,1827690,tp,1,89441.7,89954.30000000006,4.231583000000641,0.894417,3.8625829999999715,-1.1524170000000291,637,18,-0.36900000000066946,46.60000000000582,512.600000000064
36,1830500,1830670,sl,1,90207.1,90130.50000000003,-1.6680709999997672,0.9020710000000001,-0.6230710000000583,-1.6780710000000583,93,170,1.0449999999997088,76.59999999997672,842.5999999997439
37,1849242,1856845,tp,1,90996.0,92778.0,16.91004,0.9099600000000001,15.848040000000031,-1.567960000000029,7603,11,-1.0619999999999674,162.0,1782.0
38,2292834,2292885,inv,1,93023.1,92997.5,-1.1862310000000584,0.9302310000000001,-0.5072310000001166,-1.0542310000000874,21,43,0.6789999999999419,73.0,803.0
39,2293973,2294175,tp,1,93325.4,93551.99999999974,1.3327459999974391,0.9332539999999999,1.0807460000000875,-1.1292539999999125,201,24,-0.2519999999973517,20.599999999976717,226.5999999997439
40,2498581,2502921,tp,-1,94936.1,94018.70000000007,8.22463899999936,0.9493610000000001,8.255639,-1.393360999999942,4340,188,0.03100000000064007,83.39999999999418,917.399999999936
41,2512323,2512342,sl,-1,93578.9,93633.70000000001,-1.4837890000001748,0.935789,-1.0147890000000872,-1.5137890000000291,0,19,0.46900000000008757,54.80000000001746,602.8000000001921
