conv_decile,n,conv_min,conv_max,conv_mean,pnl_mean,pnl_sum,wr_pct
0,5,0,0,0.0,-1.1772888000000232,-5.886444000000116,0.0
1,5,0,0,0.0,5.293741000001141,26.468705000005706,80.0
2,5,0,0,0.0,2.036168599999348,10.18084299999674,40.0
3,4,0,0,0.0,-0.49929985861424525,-1.997199434456981,0.0
4,5,0,0,0.0,3.325239599999994,16.62619799999997,60.0
5,5,0,1,0.2,6.2662848000004185,31.331424000002094,60.0
6,4,1,2,1.5,-0.5753400000006039,-2.3013600000024157,25.0
7,5,3,12,7.2,-1.13803640000007,-5.69018200000035,0.0
8,5,12,16,14.4,0.001722399999848756,0.00861199999924378,20.0
9,5,16,22,18.6,-1.206582799999977,-6.032913999999884,0.0
