stop_rounded,n,mfe_mean,realized_mean
21.0,2,0.24159800000004372,0.17009799999871955
22.0,3,0.13402566666671514,-0.9719743333333432
23.0,2,-0.4825325000000583,-0.8450324999999855
24.0,1,-0.9183989999999127,-1.117399
25.0,1,-0.4153410000000583,-1.0553410000000583
27.0,2,-0.6672719999999563,-0.9812720000000437
29.0,1,2.376419999999942,2.3434200000006404
30.0,1,-0.8449600000000582,-1.1469599999998836
32.0,1,-0.11900000000002908,-1.0889999999998836
34.0,1,2.912193000000029,2.8371929999987198
35.0,2,-0.3750099999999709,-1.19551
36.0,1,-0.9386960000000001,-1.123696
38.0,1,-0.3192860000001165,-1.177286
43.0,1,-0.8655849999999419,-1.016585
47.0,2,4.110205999999927,4.287706
50.0,2,2.050029999999942,1.727029999999622
52.0,2,2.1823519999999568,1.9278520000012946
55.0,1,-1.0147890000000872,-1.4837890000001748
62.0,1,0.06015699999997082,-1.5128430000000583
63.0,1,-0.8084609999999419,-1.3954610000000582
73.0,1,-0.5072310000001166,-1.1862310000000584
77.0,2,-0.7491590000000292,-1.465158999999869
83.0,1,8.255639,8.22463899999936
86.0,1,8.698999999999943,8.56599999999744
89.0,1,11.24904699999997,9.05104700000256
95.0,1,9.662806999999912,9.67880700000128
103.0,1,11.205256999999943,10.543257000001281
104.0,1,-0.2642670000000873,-1.2572669999999708
110.0,1,-0.19885000000005826,-1.8478500000000002
119.0,1,12.215123000000029,12.17312300000064
162.0,1,15.848040000000031,16.91004
239.0,1,0.5014899999999417,-1.9635100000000585
