target_rounded,n,mfe_mean,realized_mean
227.0,1,1.0807460000000875,1.3327459999974391
231.0,1,-0.59755,-0.99255
240.0,1,0.9339070000000582,-0.9800929999998838
242.0,1,-0.6945549999999419,-0.9435550000000292
244.0,1,0.1627250000000291,-0.9922750000001165
249.0,1,-0.4533450000000583,-0.8973450000000001
253.0,1,-0.5117200000000584,-0.792719999999971
264.0,1,-0.9183989999999127,-1.117399
271.0,1,-0.4153410000000583,-1.0553410000000583
297.0,2,-0.6672719999999563,-0.9812720000000437
315.0,1,2.376419999999942,2.3434200000006404
328.0,1,-0.8449600000000582,-1.1469599999998836
350.0,1,-0.11900000000002908,-1.0889999999998836
372.0,1,2.912193000000029,2.8371929999987198
385.0,2,-0.3750099999999709,-1.19551
396.0,1,-0.9386960000000001,-1.123696
418.0,1,-0.3192860000001165,-1.177286
477.0,1,-0.8655849999999419,-1.016585
513.0,1,3.8625829999999715,4.231583000000641
521.0,1,4.357828999999883,4.34382899999936
552.0,1,-0.7014990000001163,-1.3114990000001163
554.0,1,4.801559,4.76555899999936
572.0,1,-0.555858,-1.102857999999971
576.0,1,4.920561999999913,4.95856200000256
603.0,1,-1.0147890000000872,-1.4837890000001748
678.0,1,0.06015699999997082,-1.5128430000000583
689.0,1,-0.8084609999999419,-1.3954610000000582
803.0,1,-0.5072310000001166,-1.1862310000000584
843.0,1,-0.6230710000000583,-1.6680709999997672
849.0,1,-0.875247,-1.262246999999971
917.0,1,8.255639,8.22463899999936
942.0,1,8.698999999999943,8.56599999999744
983.0,1,11.24904699999997,9.05104700000256
1047.0,1,9.662806999999912,9.67880700000128
1135.0,1,11.205256999999943,10.543257000001281
1144.0,1,-0.2642670000000873,-1.2572669999999708
1210.0,1,-0.19885000000005826,-1.8478500000000002
1305.0,1,12.215123000000029,12.17312300000064
1782.0,1,15.848040000000031,16.91004
2627.0,1,0.5014899999999417,-1.9635100000000585
