trade_idx,entry_bar,direction,conviction,pnl_usd,exit_reason,entry_triggered_by,conv_decile
0,685131,-1,22,-1.8478500000000002,sl,sniper,9
1,697483,1,4,-1.0420310000001747,sl,sniper,7
2,723244,1,0,-0.8095430000000291,inv,sniper,0
3,724955,-1,19,-0.9800929999998838,sl,sniper,9
4,725436,-1,18,-1.123696,sl,sniper,9
5,732178,-1,15,4.76555899999936,tp,sniper,8
6,733840,-1,16,-1.3954610000000582,sl,sniper,8
7,733815,-1,16,-0.9922750000001165,sl,sniper,9
8,736281,-1,18,-1.0889999999998836,sl,sniper,9
9,739079,-1,15,-0.792719999999971,inv,sniper,8
10,741443,1,0,-0.99255,sl,sniper,0
11,742005,-1,14,-1.2572669999999708,inv,sniper,8
12,742004,1,1,9.05104700000256,tp,sniper,5
13,827743,1,0,-1.9635100000000585,inv,sniper,0
14,855750,1,0,-0.9435550000000292,inv,sniper,0
15,857538,-1,12,-0.8973450000000001,inv,sniper,7
16,857781,1,0,-1.177286,sl,sniper,0
17,856332,1,0,9.67880700000128,tp,sniper,1
18,862575,1,0,2.3434200000006404,tp,sniper,1
19,870988,1,0,4.95856200000256,tp,sniper,1
20,879022,-1,12,-1.3114990000001163,sl,sniper,8
21,880659,1,0,-1.0553410000000583,sl,sniper,1
22,880711,1,0,10.543257000001281,tp,sniper,1
23,904058,-1,7,-1.1661210000000002,sl,sniper,7
24,906181,1,0,-0.8616480000000873,inv,sniper,2
25,1098889,-1,10,-1.100896,sl,sniper,7
26,1689615,-1,2,-1.1469599999998836,sl,sniper,6
27,1691618,1,0,8.56599999999744,tp,sniper,2
28,1757825,1,0,-1.016585,inv,sniper,2
29,1775577,1,0,4.34382899999936,tp,sniper,2
30,1781901,1,0,-0.850752999999971,inv,sniper,2
31,1782081,1,0,-0.2947567340824188,inv,ifvg,3
32,1782086,1,0,-0.29315570037454275,inv,ifvg,3
33,1782088,1,0,-0.2918880000000194,inv,ifvg,3
34,1782072,-1,1,-1.224899,sl,sniper,6
35,1782648,-1,1,-1.262246999999971,inv,sniper,6
36,1783218,1,0,-1.117399,sl,sniper,3
37,1781576,1,0,12.17312300000064,tp,sniper,4
38,1803419,1,0,2.8371929999987198,tp,sniper,4
39,1826986,-1,0,-1.102857999999971,inv,sniper,4
40,1827401,1,0,-1.5128430000000583,sl,sniper,4
41,1827053,1,0,4.231583000000641,tp,sniper,4
42,1830500,1,0,-1.6680709999997672,sl,sniper,5
43,1849242,1,0,16.91004,tp,sniper,5
44,2292834,1,0,-1.1862310000000584,inv,sniper,5
45,2293973,1,2,1.3327459999974391,tp,sniper,6
46,2498581,-1,0,8.22463899999936,tp,sniper,5
47,2512323,-1,3,-1.4837890000001748,sl,sniper,7
