trade_idx,entry_bar,exit_bar,direction,entry_price,exit_price,exit_reason,pnl_usd,fee_usd,entry_triggered_by,hold_secs,scenario
0,685131,685191,-1,74785.0,74895.0,sl,-1.8478500000000002,0.74785,sniper,60.0,C_strict_wick
1,697483,697483,1,76403.1,76375.29999999999,sl,-1.0420310000001747,0.7640310000000001,sniper,0.0,C_strict_wick
2,723244,723244,1,76154.3,76149.5,inv,-0.8095430000000291,0.761543,sniper,0.0,C_strict_wick
3,724955,725296,-1,76209.3,76231.09999999999,sl,-0.9800929999998838,0.7620930000000001,sniper,341.0,C_strict_wick
4,725436,725439,-1,76369.6,76405.6,sl,-1.123696,0.763696,sniper,3.0,C_strict_wick
5,732178,732992,-1,77844.1,77289.70000000007,tp,4.76555899999936,0.778441,sniper,814.0,C_strict_wick
6,733840,733847,-1,76946.1,77008.70000000001,sl,-1.3954610000000582,0.7694610000000002,sniper,7.0,C_strict_wick
7,733815,733854,-1,77027.5,77049.70000000001,sl,-0.9922750000001165,0.770275,sniper,39.0,C_strict_wick
8,736281,736349,-1,77100.0,77131.79999999999,sl,-1.0889999999998836,0.771,sniper,68.0,C_strict_wick
9,739079,739093,-1,77572.0,77573.7,inv,-0.792719999999971,0.7757200000000001,sniper,14.0,C_strict_wick
10,741443,741453,1,78255.0,78234.0,sl,-0.99255,0.7825500000000001,sniper,10.0,C_strict_wick
11,742005,742011,-1,78526.7,78573.9,inv,-1.2572669999999708,0.7852669999999999,sniper,6.0,C_strict_wick
12,742004,742102,1,78295.3,79278.70000000026,tp,9.05104700000256,0.7829530000000001,sniper,98.0,C_strict_wick
13,827743,827991,1,78751.0,78633.4,inv,-1.9635100000000585,0.78751,sniper,248.0,C_strict_wick
14,855750,855767,1,79055.5,79040.2,inv,-0.9435550000000292,0.7905550000000001,sniper,17.0,C_strict_wick
15,857538,857581,-1,79734.5,79744.5,inv,-0.8973450000000001,0.7973450000000001,sniper,43.0,C_strict_wick
16,857781,858003,1,79728.6,79690.6,sl,-1.177286,0.797286,sniper,223.0,C_strict_wick
17,856332,858955,1,79319.3,80366.50000000013,tp,9.67880700000128,0.7931930000000001,sniper,2633.0,C_strict_wick
18,862575,863750,1,80258.0,80572.60000000006,tp,2.3434200000006404,0.8025800000000001,sniper,1180.0,C_strict_wick
19,870988,873996,1,80543.8,81120.20000000026,tp,4.95856200000256,0.8054380000000001,sniper,3035.0,C_strict_wick
20,879022,879066,-1,80949.9,81000.1,sl,-1.3114990000001163,0.809499,sniper,44.0,C_strict_wick
21,880659,880667,1,80934.1,80909.5,sl,-1.0553410000000583,0.8093410000000001,sniper,8.0,C_strict_wick
22,880711,885832,1,80874.3,82009.50000000013,tp,10.543257000001281,0.8087430000000001,sniper,5123.0,C_strict_wick
23,904058,904079,-1,81612.1,81647.1,sl,-1.1661210000000002,0.8161210000000001,sniper,21.0,C_strict_wick
24,906181,906184,1,81764.8,81760.4,inv,-0.8616480000000873,0.817648,sniper,3.0,C_strict_wick
25,1098889,1098920,-1,83089.6,83116.6,sl,-1.100896,0.8308960000000001,sniper,31.0,C_strict_wick
26,1689615,1689634,-1,84896.0,84925.79999999999,sl,-1.1469599999998836,0.84896,sniper,19.0,C_strict_wick
27,1691618,1694682,1,85000.0,85941.59999999974,tp,8.56599999999744,0.85,sniper,3115.0,C_strict_wick
28,1757825,1757833,1,86658.5,86643.5,inv,-1.016585,0.866585,sniper,8.0,C_strict_wick
29,1775577,1778453,1,87017.1,87538.49999999994,tp,4.34382899999936,0.870171,sniper,2949.0,C_strict_wick
30,1781901,1781901,1,87375.3,87377.6,inv,-0.850752999999971,0.8737530000000001,sniper,0.0,C_strict_wick
31,1782081,1782081,1,87483.2,87482.25617977527,inv,-0.2947567340824188,0.2916106666666667,ifvg,0.0,C_strict_wick
32,1782086,1782086,1,87474.79999999999,87474.32808988763,inv,-0.29315570037454275,0.29158266666666666,ifvg,0.0,C_strict_wick
33,1782088,1782088,1,87466.4,87466.29999999999,inv,-0.2918880000000194,0.2915546666666667,ifvg,0.0,C_strict_wick
34,1782072,1782188,-1,87489.9,87524.9,sl,-1.224899,0.874899,sniper,116.0,C_strict_wick
35,1782648,1782675,-1,87524.7,87563.4,inv,-1.262246999999971,0.875247,sniper,27.0,C_strict_wick
36,1783218,1783225,1,87739.9,87715.9,sl,-1.117399,0.877399,sniper,7.0,C_strict_wick
37,1781576,1783549,1,87287.7,88592.30000000006,tp,12.17312300000064,0.872877,sniper,1975.0,C_strict_wick
38,1803419,1807386,1,88080.7,88452.49999999987,tp,2.8371929999987198,0.880807,sniper,3998.0,C_strict_wick
39,1826986,1827012,-1,89585.8,89606.5,inv,-1.102857999999971,0.895858,sniper,26.0,C_strict_wick
40,1827401,1827469,1,89684.3,89622.7,sl,-1.5128430000000583,0.8968430000000001,sniper,68.0,C_strict_wick
41,1827053,1827690,1,89441.7,89954.30000000006,tp,4.231583000000641,0.894417,sniper,637.0,C_strict_wick
42,1830500,1830670,1,90207.1,90130.50000000003,sl,-1.6680709999997672,0.9020710000000001,sniper,170.0,C_strict_wick
43,1849242,1856845,1,90996.0,92778.0,tp,16.91004,0.9099600000000001,sniper,7714.0,C_strict_wick
44,2292834,2292885,1,93023.1,92997.5,inv,-1.1862310000000584,0.9302310000000001,sniper,51.0,C_strict_wick
45,2293973,2294175,1,93325.4,93551.99999999974,tp,1.3327459999974391,0.9332539999999999,sniper,202.0,C_strict_wick
46,2498581,2502921,-1,94936.1,94018.70000000007,tp,8.22463899999936,0.9493610000000001,sniper,4345.0,C_strict_wick
47,2512323,2512342,-1,93578.9,93633.70000000001,sl,-1.4837890000001748,0.935789,sniper,19.0,C_strict_wick
