trigger_bar,mitigated_bar,inverted_bar,entry_bar,exit_bar,direction,exit_reason,pnl_usd,fee_usd
685019,685030,685129,685031,685038,1,sl,-1.8471950000000001,0.747195
696839,697413,697476,697414,697479,-1,sl,-1.0419080000001746,0.763908
723119,723196,723241,723197,723261,-1,sl,-0.9654879999999418,0.761488
724799,724934,724951,724935,724951,1,sl,-0.9800569999998836,0.762057
724259,724414,725431,724415,724427,1,sl,-1.123592,0.763592
730439,732119,732133,732120,732142,1,sl,-1.2826949999999417,0.778695
733679,733695,733837,733696,733713,1,sl,-1.3954970000000582,0.769497
733619,733765,733805,733766,733777,1,sl,-0.9920990000001164,0.770099
736139,736232,736271,736233,736296,1,sl,-1.0890519999998838,0.7710520000000001
739019,739068,739074,739069,739082,1,sl,-1.005652,0.775652
740939,741404,741441,741405,741447,-1,sl,-0.992561,0.7825610000000001
741299,741790,741848,741791,741799,1,sl,-1.8252510000000002,0.7852510000000001
741659,741905,742002,741906,742004,-1,sl,-1.6771320000002328,0.7831319999999999
824999,825003,827736,825004,825323,-1,sl,-3.175515000000175,0.787515
855599,855739,855747,855740,855754,-1,sl,-1.0104300000000002,0.7904300000000001
848039,857457,857532,857458,857533,1,sl,-1.0235000000000583,0.7975
857519,857532,857629,857533,857585,-1,sl,-1.1772,0.7972
856199,856239,856329,856240,856362,-1,sl,-1.7451010000001166,0.7931010000000002
860219,862411,862559,862412,862452,-1,sl,-1.0886230000000583,0.8026230000000001
870539,870905,870981,870906,871066,-1,sl,-1.329429000000233,0.805429
878459,878940,879017,878941,880651,1,sl,-1.3115120000001164,0.8095119999999999
878999,879017,880657,879018,879039,-1,sl,-1.0553480000000584,0.8093480000000001
878879,878883,880709,878884,879059,-1,sl,-1.8409040000001164,0.808904
903839,904018,904056,904019,904876,1,tp,3.0337330000000002,0.816267
904259,906097,906108,906098,906109,-1,sl,-1.0876000000000001,0.8176
1098779,1098783,1098882,1098784,1098786,1,sl,-1.1007770000000001,0.8307770000000001
1686299,1689569,1689604,1689570,1690625,1,tp,2.42900199999872,0.8489979999999999
1690439,1691526,1691616,1691527,1691670,-1,sl,-1.7057719999997671,0.849772
1754819,1757511,1757801,1757512,1757548,-1,sl,-1.3005999999999418,0.8666
1773959,1774096,1775566,1774097,1774486,-1,sl,-1.3442299999999419,0.87023
1781819,1781869,1781891,1781870,1781895,-1,sl,-1.0797779999997672,0.873778
1780739,1781991,1782070,1781992,1782113,1,sl,-1.2106780000000583,0.8746780000000001
1780739,1781991,1782070,1781992,1782113,1,sl,-1.2106780000000583,0.8746780000000001
1780739,1781991,1782070,1781992,1782113,1,sl,-1.2106780000000583,0.8746780000000001
1780679,1781996,1782066,1781997,1782110,1,sl,-1.224857,0.874857
1782419,1782480,1782639,1782481,1783475,1,tp,7.616616999998079,0.875383
1783139,1783147,1783180,1783148,1783188,-1,sl,-1.1173799999999998,0.8773799999999999
1781219,1781222,1781564,1781223,1781779,-1,sl,-2.058980000000058,0.87298
1803359,1803371,1803405,1803372,1803474,-1,sl,-1.2188799999998836,0.8808799999999999
1826939,1826962,1826983,1826963,1827014,1,sl,-1.415803,0.895803
1827299,1827316,1827399,1827317,1827321,-1,sl,-1.5129280000000582,0.8969280000000001
1826099,1827023,1827040,1827024,1827040,-1,sl,-1.3602000000000583,0.8942
1829519,1829601,1830497,1829602,1829658,-1,sl,-1.6683639999997673,0.9023639999999999
1841579,1849193,1849221,1849194,1849385,-1,sl,-2.5295910000000004,0.9095910000000001
2292479,2292497,2292817,2292498,2292522,-1,sl,-1.6602299999999999,0.9302299999999999
2293859,2293896,2293967,2293897,2294003,-1,sl,-1.139231999999767,0.933232
2498399,2498402,2498515,2498403,2498815,1,sl,-1.7831519999999417,0.949152
2503679,2505438,2512302,2505439,2505449,1,sl,-1.4836430000001748,0.935643
