trade_idx,entry_bar,exit_bar,direction,entry_price,exit_price,stop_usd,target_usd,exit_reason,pnl_usd,fee_usd,entry_triggered_by,hold_secs,fvg_zone_trigger_bar,fvg_zone_direction,scenario
0,685131,685148,1,74785.0,74750.9,110.0,1210.0,inv,-1.0888500000000583,0.74785,sniper,17.0,685019,-1,A_flip_sniper
1,697483,697534,-1,76403.1,76410.8,27.800000000017462,305.8000000001921,inv,-0.841030999999971,0.7640310000000001,sniper,51.0,696839,1,A_flip_sniper
2,723244,723277,-1,76154.3,76174.7,20.39999999999418,224.39999999993597,sl,-0.9655429999999418,0.761543,sniper,33.0,723119,1,A_flip_sniper
3,724955,724955,1,76209.3,76204.6,21.79999999998836,239.79999999987194,inv,-0.809092999999971,0.7620930000000001,sniper,0.0,724799,-1,A_flip_sniper
4,725436,725436,1,76369.6,76376.9,36.0,396.0,inv,-0.6906960000001164,0.763696,sniper,0.0,724259,-1,A_flip_sniper
5,732178,732188,1,77844.1,77793.70000000001,50.39999999999418,554.399999999936,sl,-1.2824409999999418,0.778441,sniper,10.0,730439,-1,A_flip_sniper
6,733815,733816,1,77027.5,77017.5,22.20000000001164,244.20000000012806,inv,-0.870275,0.770275,sniper,1.0,733619,-1,A_flip_sniper
7,736281,736295,1,77100.0,77094.0,31.79999999998836,349.79999999987194,inv,-0.831,0.771,sniper,14.0,736139,-1,A_flip_sniper
8,733840,737942,1,76946.1,77634.70000000007,62.60000000000582,688.600000000064,tp,6.116539000000641,0.7694610000000002,sniper,4105.0,733679,-1,A_flip_sniper
9,739079,739081,1,77572.0,77549.0,23.0,253.0,sl,-1.0057200000000002,0.7757200000000001,sniper,2.0,739019,-1,A_flip_sniper
10,741443,741445,-1,78255.0,78259.5,21.0,231.0,inv,-0.8275500000000001,0.7825500000000001,sniper,2.0,740939,1,A_flip_sniper
11,742004,742004,-1,78295.3,78322.1,89.40000000002328,983.4000000002561,inv,-1.0509530000000291,0.7829530000000001,sniper,0.0,741659,1,A_flip_sniper
12,742005,742050,1,78526.7,78422.7,104.0,1144.0,sl,-1.825267,0.7852669999999999,sniper,45.0,741299,-1,A_flip_sniper
13,827743,828300,-1,78751.0,78989.80000000002,238.80000000001746,2626.800000000192,sl,-3.175510000000175,0.78751,sniper,557.0,824999,1,A_flip_sniper
14,855750,855778,-1,79055.5,79077.5,22.0,242.0,sl,-1.010555,0.7905550000000001,sniper,28.0,855599,1,A_flip_sniper
15,856332,856369,-1,79319.3,79414.50000000001,95.20000000001164,1047.200000000128,sl,-1.7451930000001166,0.7931930000000001,sniper,37.0,856199,1,A_flip_sniper
16,857538,857574,1,79734.5,79711.9,22.60000000000582,248.60000000006403,sl,-1.0233450000000583,0.7973450000000001,sniper,36.0,848039,-1,A_flip_sniper
17,857781,857791,-1,79728.6,79730.5,38.0,418.0,inv,-0.8162859999999419,0.797286,sniper,10.0,857519,1,A_flip_sniper
18,862575,862588,-1,80258.0,80268.8,28.60000000000582,314.60000000006403,inv,-0.9105800000000291,0.8025800000000001,sniper,13.0,860219,1,A_flip_sniper
19,870988,871066,-1,80543.8,80596.20000000003,52.40000000002328,576.4000000002561,sl,-1.3294380000002328,0.8054380000000001,sniper,78.0,870539,1,A_flip_sniper
20,879022,879022,1,80949.9,80945.0,50.20000000001164,552.2000000001281,inv,-0.8584989999999417,0.809499,sniper,0.0,878459,-1,A_flip_sniper
21,880659,880660,-1,80934.1,80944.6,24.60000000000582,270.60000000006403,inv,-0.9143410000000001,0.8093410000000001,sniper,1.0,878999,1,A_flip_sniper
22,880711,880711,-1,80874.3,80890.5,103.20000000001164,1135.200000000128,inv,-0.970742999999971,0.8087430000000001,sniper,0.0,878879,1,A_flip_sniper
23,904058,904058,1,81612.1,81619.6,35.0,385.0,inv,-0.7411210000000001,0.8161210000000001,sniper,0.0,903839,-1,A_flip_sniper
24,906181,906259,-1,81764.8,81791.8,27.0,297.0,sl,-1.0876480000000002,0.817648,sniper,78.0,904259,1,A_flip_sniper
25,1098889,1098907,1,83089.6,83077.4,27.0,297.0,inv,-0.9528960000001165,0.8308960000000001,sniper,18.0,1098779,-1,A_flip_sniper
26,1689615,1689687,1,84896.0,84893.5,29.79999999998836,327.79999999987194,inv,-0.8739600000000001,0.84896,sniper,72.0,1686299,-1,A_flip_sniper
27,1691618,1691619,-1,85000.0,85000.4,85.59999999997672,941.5999999997439,inv,-0.8539999999999418,0.85,sniper,1.0,1690439,1,A_flip_sniper
28,1757825,1757858,-1,86658.5,86701.9,43.39999999999418,477.39999999993597,sl,-1.300584999999942,0.866585,sniper,33.0,1754819,1,A_flip_sniper
29,1775577,1775592,-1,87017.1,87024.2,47.39999999999418,521.399999999936,inv,-0.9411709999999127,0.870171,sniper,15.0,1773959,1,A_flip_sniper
30,1781576,1781771,-1,87287.7,87406.3,118.60000000000582,1304.600000000064,sl,-2.0588770000000585,0.872877,sniper,197.0,1781219,1,A_flip_sniper
31,1781901,1781918,-1,87375.3,87395.89999999998,20.599999999976717,226.5999999997439,sl,-1.0797529999997673,0.8737530000000001,sniper,17.0,1781819,1,A_flip_sniper
32,1782072,1782081,1,87489.9,87482.8,35.0,385.0,inv,-0.9458989999999127,0.874899,sniper,9.0,1780679,-1,A_flip_sniper
33,1782081,1782081,1,87483.2,87482.25617977527,0.9438202247191103,9.438202247191104,inv,-0.2947567340824188,0.2916106666666667,ifvg,0.0,1780739,-1,A_flip_sniper
34,1782086,1782086,1,87474.79999999999,87474.32808988763,0.47191011235914637,4.7191011235914635,inv,-0.29315570037454275,0.29158266666666666,ifvg,0.0,1780739,-1,A_flip_sniper
35,1782088,1782088,1,87466.4,87466.29999999999,0.1,1.0,inv,-0.2918880000000194,0.2915546666666667,ifvg,0.0,1780739,-1,A_flip_sniper
36,1783218,1783232,-1,87739.9,87740.5,24.0,264.0,inv,-0.8833990000000582,0.877399,sniper,14.0,1783139,1,A_flip_sniper
37,1782648,1783474,1,87524.7,88373.8999999998,77.19999999998254,849.1999999998079,tp,7.616752999998079,0.875247,sniper,826.0,1782419,-1,A_flip_sniper
38,1803419,1803470,-1,88080.7,88114.49999999999,33.79999999998836,371.79999999987194,sl,-1.2188069999998836,0.880807,sniper,53.0,1803359,1,A_flip_sniper
39,1826986,1827014,1,89585.8,89533.8,52.0,572.0,sl,-1.415858,0.895858,sniper,28.0,1826939,-1,A_flip_sniper
40,1827053,1827053,-1,89441.7,89423.8,46.60000000000582,512.600000000064,inv,-0.7154170000000583,0.894417,sniper,0.0,1826099,1,A_flip_sniper
41,1827401,1827419,-1,89684.3,89704.3,61.60000000000582,677.600000000064,inv,-1.096843,0.8968430000000001,sniper,18.0,1827299,1,A_flip_sniper
42,1830500,1830500,-1,90207.1,90200.4,76.59999999997672,842.5999999997439,inv,-0.8350709999998837,0.9020710000000001,sniper,0.0,1829519,1,A_flip_sniper
43,1849242,1849442,-1,90996.0,91158.0,162.0,1782.0,sl,-2.52996,0.9099600000000001,sniper,200.0,1841579,1,A_flip_sniper
44,2292834,2293136,-1,93023.1,93096.1,73.0,803.0,sl,-1.660231,0.9302310000000001,sniper,303.0,2292479,1,A_flip_sniper
45,2293973,2293994,-1,93325.4,93330.4,20.599999999976717,226.5999999997439,inv,-0.983254,0.9332539999999999,sniper,21.0,2293859,1,A_flip_sniper
46,2498581,2498645,1,94936.1,94899.8,83.39999999999418,917.399999999936,inv,-1.3123610000000292,0.9493610000000001,sniper,65.0,2498399,-1,A_flip_sniper
47,2512323,2512530,1,93578.9,93570.7,54.80000000001746,602.8000000001921,inv,-1.017788999999971,0.935789,sniper,207.0,2503679,-1,A_flip_sniper
