sniper_id,direction,entry_price_hint,stop_usd,target_usd,zone_id,triggered_by,quantity,bar_idx,bar_ts_ms,bar_close
235,1,84677.5,47.60000000000582,476.0000000000582,235,fvg,0.001,35519,1790332181000,84677.5
236,1,84715.1,10.200000000011642,102.00000000011642,236,fvg,0.001,35999,1790332672000,84715.1
255,-1,84851.3,53.79999999998836,537.9999999998836,255,fvg,0.001,39179,1790335879000,84851.3
260,-1,84591.4,21.39999999999418,213.9999999999418,260,fvg,0.001,40319,1790337022000,84591.4
265,1,84636.7,37.20000000001164,372.0000000001164,265,fvg,0.001,41399,1790338105000,84636.7
281,-1,84454.0,51.80000000001746,518.0000000001746,281,fvg,0.001,44999,1790341719000,84454.0
286,-1,84195.2,12.0,120.0,286,fvg,0.001,45839,1790342574000,84195.2
287,-1,84130.2,51.20000000001164,512.0000000001164,287,fvg,0.001,46019,1790342754000,84130.2
288,-1,84106.9,77.39999999999418,773.9999999999418,288,fvg,0.001,46079,1790342814000,84106.9
305,1,83618.3,4.399999999994179,43.99999999994179,305,fvg,0.001,49319,1790346055000,83618.3
336,1,83718.0,40.39999999999418,403.9999999999418,336,fvg,0.001,55199,1790351952000,83718.0
343,-1,83963.6,31.79999999998836,317.9999999998836,343,fvg,0.001,56399,1790353154000,83963.6
372,1,83755.9,48.60000000000582,486.0000000000582,372,fvg,0.001,60659,1790357609000,83755.9
401,1,83962.5,45.60000000000582,456.0000000000582,401,fvg,0.001,65699,1790363242000,83962.5
416,-1,83965.6,11.60000000000582,116.00000000005821,416,fvg,0.001,67739,1790365768000,83965.6
417,1,83995.6,11.200000000011642,112.00000000011642,417,fvg,0.001,68219,1790366324000,83995.6
