file,cell,trade_idx,entry_bar,exit_bar,direction,entry_price,exit_price,stop_usd,target_usd,exit_reason,hold_secs,pnl_usd,fee_usd,net_pnl_usd,entry_triggered_by,qty_btc
2025-11,continuation_canonical,0,170328,170336,1,108730.7,108705.2,140.0,1680.0,inv,8.0,-0.1342307,0.1087307,-0.2429614,ifvg_clean,0.001
2025-11,continuation_canonical,1,188915,191248,-1,107361.9,107586.39999999997,224.4999999999709,2693.9999999996508,sl,2346.0,-0.3318618999999709,0.1073619,-0.4392237999999709,ifvg_clean,0.001
2025-11,continuation_canonical,2,202295,211165,1,107847.7,107350.69999999995,497.00000000004366,5964.000000000524,sl,8947.0,-0.6048477000000437,0.1078477,-0.7126954000000437,ifvg_clean,0.001
2025-11,continuation_canonical,3,225599,225614,1,107315.0,107278.8,200.0,2400.0,inv,15.0,-0.1435149999999971,0.107315,-0.2508299999999971,ifvg_clean,0.001
2025-11,continuation_canonical,4,257419,261081,1,107049.3,106748.80000000005,300.49999999995634,3605.999999999476,sl,3709.0,-0.40754929999995637,0.1070493,-0.5145985999999564,ifvg_clean,0.001
2025-11,continuation_canonical,5,164817,265169,-1,109580.3,104852.29999999983,394.00000000001455,4728.000000000175,tp,101263.0,4.6184197000001745,0.1095803,4.508839400000174,ifvg_clean,0.001
2025-11,continuation_canonical,6,161095,265966,-1,110272.3,104140.30000000018,510.99999999998545,6131.999999999825,tp,105831.0,6.0217276999998255,0.1102723,5.911455399999825,ifvg_clean,0.001
2025-11,continuation_canonical,7,405847,405889,1,103787.4,103760.5,210.0,2520.0,inv,42.0,-0.13068739999999418,0.10378739999999999,-0.23447479999999415,ifvg_clean,0.001
2025-11,continuation_canonical,8,559713,560249,-1,100697.9,100897.39999999997,199.4999999999709,2393.9999999996508,sl,536.0,-0.3001978999999709,0.10069789999999999,-0.4008957999999709,ifvg_clean,0.001
2025-11,continuation_canonical,9,559839,560440,-1,100511.4,101336.4,825.0,9900.0,sl,601.0,-0.9255114000000001,0.1005114,-1.0260228,ifvg_clean,0.001
2025-11,continuation_canonical,10,596731,596738,-1,103090.3,103119.8,180.99999999998545,2171.9999999998254,inv,7.0,-0.1325903,0.1030903,-0.2356806,ifvg_clean,0.001
2025-11,continuation_canonical,11,732248,733494,-1,103589.5,103743.0,772.5,9270.0,inv,1253.0,-0.25708949999999997,0.1035895,-0.36067899999999997,ifvg_clean,0.001
2025-11,continuation_canonical,12,736176,736179,-1,103531.0,103586.5,333.0000000000291,3996.0000000003492,inv,3.0,-0.159031,0.10353100000000001,-0.262562,ifvg_clean,0.001
2025-11,continuation_canonical,13,800230,800300,1,105956.6,105931.4,153.5000000000582,1842.0000000006985,inv,70.0,-0.13115660000001167,0.10595660000000001,-0.23711320000001168,ifvg_clean,0.001
2025-11,continuation_canonical,14,816046,817272,-1,105068.7,105258.19999999997,189.4999999999709,2273.9999999996508,sl,1235.0,-0.29456869999997093,0.1050687,-0.39963739999997094,ifvg_clean,0.001
2025-11,continuation_canonical,15,818823,818847,-1,105336.7,105361.0,154.4999999999709,1853.9999999996508,inv,24.0,-0.1296367000000029,0.10533669999999999,-0.23497340000000289,ifvg_clean,0.001
2025-11,continuation_canonical,16,813686,819450,-1,104936.4,105548.39999999997,611.9999999999709,7343.999999999651,sl,5827.0,-0.7169363999999709,0.1049364,-0.821872799999971,ifvg_clean,0.001
2025-11,continuation_canonical,17,837374,837377,-1,105813.4,105825.6,161.50000000001455,1938.0000000001746,inv,3.0,-0.11801340000001165,0.1058134,-0.22382680000001165,ifvg_clean,0.001
2025-11,continuation_canonical,18,849676,850156,-1,106003.3,106198.79999999996,195.49999999995634,2345.999999999476,sl,486.0,-0.30150329999995634,0.10600330000000001,-0.40750659999995636,ifvg_clean,0.001
2025-11,continuation_canonical,19,855941,856152,1,106414.9,106383.5,169.4999999999709,2033.9999999996508,inv,212.0,-0.1378148999999942,0.1064149,-0.2442297999999942,ifvg_clean,0.001
2025-11,continuation_canonical,20,854544,856487,1,106576.3,106176.80000000003,399.4999999999709,4793.999999999651,sl,1971.0,-0.5060762999999708,0.1065763,-0.6126525999999708,ifvg_clean,0.001
2025-11,continuation_canonical,21,835871,860263,1,105512.7,105113.19999999995,399.50000000004366,4794.000000000524,sl,24783.0,-0.5050127000000436,0.1055127,-0.6105254000000436,ifvg_clean,0.001
2025-11,continuation_canonical,22,880992,883664,1,105304.8,105119.29999999997,185.5000000000291,2226.0000000003492,sl,2727.0,-0.2908048000000291,0.1053048,-0.39610960000002915,ifvg_clean,0.001
2025-11,continuation_canonical,23,861070,904593,-1,105406.6,102964.60000000018,203.49999999998545,2441.9999999998254,tp,43915.0,2.336593399999826,0.10540660000000002,2.2311867999998256,ifvg_clean,0.001
2025-11,continuation_canonical,24,965616,980001,1,104850.1,104260.1,590.0,7080.0,sl,14391.0,-0.6948501,0.10485010000000002,-0.7997002000000001,ifvg_clean,0.001
2025-11,continuation_canonical,25,992020,992445,-1,101624.8,101636.9,110.49999999995634,1325.9999999994761,inv,428.0,-0.11372479999999129,0.10162480000000002,-0.21534959999999131,ifvg_clean,0.001
2025-11,continuation_canonical,26,1000090,1000230,-1,101482.0,101561.9,396.9999999999709,4763.999999999651,inv,140.0,-0.1813819999999942,0.101482,-0.2828639999999942,ifvg_clean,0.001
2025-11,continuation_canonical,27,1066913,1066922,-1,102478.0,102506.1,141.50000000001455,1698.0000000001746,inv,9.0,-0.13057800000000583,0.10247800000000001,-0.23305600000000584,ifvg_clean,0.001
2025-11,continuation_canonical,28,1066641,1068936,1,102446.1,101439.10000000003,1006.9999999999709,12083.99999999965,sl,2295.0,-1.109446099999971,0.1024461,-1.211892199999971,ifvg_clean,0.001
2025-11,continuation_canonical,29,1071754,1071844,-1,100996.8,101175.80000000002,179.00000000001455,2148.0000000001746,sl,90.0,-0.2799968000000146,0.10099680000000001,-0.3809936000000146,ifvg_clean,0.001
2025-11,continuation_canonical,30,1075304,1077989,-1,100431.3,99189.30000000018,103.49999999998545,1241.9999999998254,tp,2686.0,1.1415686999998254,0.10043130000000002,1.0411373999998252,ifvg_clean,0.001
2025-11,continuation_canonical,31,1076631,1079199,-1,99881.3,98333.29999999983,129.00000000001455,1548.0000000001746,tp,2568.0,1.4481187000001745,0.0998813,1.3482374000001744,ifvg_clean,0.001
2025-11,continuation_canonical,32,1083578,1083578,-1,98707.8,98712.7,110.49999999995634,1325.9999999994761,inv,0.0,-0.10360779999999419,0.09870780000000001,-0.2023155999999942,ifvg_clean,0.001
2025-11,continuation_canonical,33,1086945,1086950,1,98524.0,98472.1,268.49999999998545,3221.9999999998254,inv,5.0,-0.15042399999999417,0.098524,-0.24894799999999417,ifvg_clean,0.001
2025-11,continuation_canonical,34,1088159,1088321,-1,98363.1,98588.60000000003,225.5000000000291,2706.0000000003492,sl,162.0,-0.32386310000002916,0.09836310000000001,-0.4222262000000292,ifvg_clean,0.001
2025-11,continuation_canonical,35,1095191,1098941,1,99617.7,99277.19999999997,340.5000000000291,4086.0000000003492,sl,3751.0,-0.44011770000002914,0.0996177,-0.5397354000000292,ifvg_clean,0.001
2025-11,continuation_canonical,36,1105163,1105293,1,99397.1,99177.1,220.0,2640.0,sl,132.0,-0.3193971,0.09939710000000002,-0.4187942,ifvg_clean,0.001
2025-11,continuation_canonical,37,1106082,1106189,1,99539.8,99373.80000000002,165.99999999998545,1991.9999999998254,sl,108.0,-0.26553979999998545,0.0995398,-0.36507959999998546,ifvg_clean,0.001
2025-11,continuation_canonical,38,1068622,1114905,-1,101815.5,97891.50000000035,326.9999999999709,3923.9999999996508,tp,46446.0,3.822184499999651,0.1018155,3.720368999999651,ifvg_clean,0.001
2025-11,continuation_canonical,39,1112899,1114907,-1,99106.9,97858.89999999982,104.00000000001455,1248.0000000001746,tp,2025.0,1.1488931000001747,0.0991069,1.0497862000001748,ifvg_clean,0.001
2025-11,continuation_canonical,40,1073080,1114911,-1,100791.8,97677.80000000035,259.4999999999709,3113.9999999996508,tp,41994.0,3.0132081999996507,0.10079180000000001,2.9124163999996506,ifvg_clean,0.001
2025-11,continuation_canonical,41,1109709,1122925,-1,99283.8,96073.8,267.5,3210.0,tp,13283.0,3.1107162,0.0992838,3.0114324000000003,ifvg_clean,0.001
2025-11,continuation_canonical,42,1132470,1132560,-1,97077.4,97125.0,255.5000000000291,3066.0000000003492,inv,90.0,-0.1446774000000058,0.0970774,-0.24175480000000582,ifvg_clean,0.001
2025-11,continuation_canonical,43,1133022,1133024,1,96901.7,96868.1,246.9999999999709,2963.9999999996508,inv,2.0,-0.13050169999999128,0.09690170000000001,-0.2274033999999913,ifvg_clean,0.001
2025-11,continuation_canonical,44,1139444,1143616,-1,96622.3,95248.30000000035,114.4999999999709,1373.9999999996508,tp,4172.0,1.277377699999651,0.09662230000000001,1.180755399999651,ifvg_clean,0.001
2025-11,continuation_canonical,45,1158467,1158962,-1,97165.0,97202.2,140.99999999998545,1691.9999999998254,inv,496.0,-0.1343649999999971,0.097165,-0.2315299999999971,ifvg_clean,0.001
2025-11,continuation_canonical,46,1295285,1298192,-1,95949.0,96055.1,553.0000000000291,6636.000000000349,inv,3017.0,-0.20204900000000584,0.095949,-0.29799800000000587,ifvg_clean,0.001
2025-11,continuation_canonical,47,1239419,1301378,-1,96324.4,96363.5,233.0000000000291,2796.0000000003492,inv,66079.0,-0.13542440000000583,0.0963244,-0.23174880000000583,ifvg_clean,0.001
2025-11,continuation_canonical,48,1312892,1313005,-1,95592.6,95728.59999999999,135.99999999998545,1631.9999999998254,sl,114.0,-0.23159259999998544,0.0955926,-0.3271851999999854,ifvg_clean,0.001
2025-11,continuation_canonical,49,1115590,1344338,-1,97835.9,93221.90000000034,384.4999999999709,4613.999999999651,tp,234910.0,4.516164099999651,0.0978359,4.418328199999651,ifvg_clean,0.001
2025-11,continuation_canonical,50,1354451,1354462,-1,94659.3,94705.7,255.0,3060.0,inv,11.0,-0.14105929999999417,0.0946593,-0.23571859999999417,ifvg_clean,0.001
2025-11,continuation_canonical,51,1354537,1358198,1,94882.3,94765.79999999999,116.50000000001455,1398.0000000001746,sl,3713.0,-0.21138230000001457,0.0948823,-0.30626460000001454,ifvg_clean,0.001
2025-11,continuation_canonical,52,1381472,1381481,-1,95747.5,95772.3,204.00000000001455,2448.0000000001746,inv,9.0,-0.12054750000000292,0.0957475,-0.2162950000000029,ifvg_clean,0.001
2025-11,continuation_canonical,53,1403745,1403936,1,95304.8,94970.30000000003,334.4999999999709,4013.9999999996508,sl,191.0,-0.4298047999999709,0.09530480000000001,-0.5251095999999709,ifvg_clean,0.001
2025-11,continuation_canonical,54,1450615,1466534,-1,90717.1,90955.60000000006,238.5000000000582,2862.0000000006985,sl,15924.0,-0.3292171000000582,0.09071710000000001,-0.4199342000000582,ifvg_clean,0.001
2025-11,continuation_canonical,55,1496387,1496618,1,93583.5,93400.00000000001,183.49999999998545,2201.9999999998254,sl,231.0,-0.27708349999998544,0.0935835,-0.3706669999999854,ifvg_clean,0.001
2025-11,continuation_canonical,56,1500400,1500403,1,93290.4,93274.9,104.50000000004366,1254.0000000005239,inv,3.0,-0.1087904,0.0932904,-0.2020808,ifvg_clean,0.001
2025-11,continuation_canonical,57,1500747,1501545,-1,93214.6,93344.6,130.0,1560.0,sl,806.0,-0.2232146,0.09321460000000001,-0.3164292,ifvg_clean,0.001
2025-11,continuation_canonical,58,1504682,1507327,-1,93474.8,93516.0,217.5,2610.0,inv,2703.0,-0.1346747999999971,0.09347480000000001,-0.22814959999999712,ifvg_clean,0.001
2025-11,continuation_canonical,59,1508800,1508834,1,93162.9,93139.5,120.0,1440.0,inv,36.0,-0.11656289999999417,0.09316289999999999,-0.20972579999999416,ifvg_clean,0.001
2025-11,continuation_canonical,60,1510790,1510966,1,92915.2,92876.5,198.0000000000291,2376.0000000003492,inv,179.0,-0.1316151999999971,0.0929152,-0.2245303999999971,ifvg_clean,0.001
2025-11,continuation_canonical,61,1516627,1519626,1,93049.4,92790.90000000001,258.49999999998545,3101.9999999998254,sl,3086.0,-0.35154939999998547,0.09304939999999999,-0.4445987999999855,ifvg_clean,0.001
2025-11,continuation_canonical,62,1597353,1597407,-1,89528.6,89575.9,245.0,2940.0,inv,54.0,-0.13682859999998837,0.08952860000000001,-0.22635719999998838,ifvg_clean,0.001
2025-11,continuation_canonical,63,1656230,1656232,-1,91820.8,91883.8,448.0000000000291,5376.000000000349,inv,2.0,-0.1548208,0.09182080000000001,-0.24664160000000002,ifvg_clean,0.001
2025-11,continuation_canonical,64,1596844,1665663,1,89255.8,88889.80000000002,365.99999999998545,4391.999999999825,sl,69538.0,-0.45525579999998544,0.08925580000000001,-0.5445115999999854,ifvg_clean,0.001
2025-11,continuation_canonical,65,1408035,1721124,-1,93649.8,83635.80000000035,834.4999999999709,10013.99999999965,tp,315124.0,9.920350199999652,0.0936498,9.826700399999652,ifvg_clean,0.001
2025-11,continuation_canonical,66,1731560,1731923,-1,82220.0,82570.49999999996,350.49999999995634,4205.999999999476,sl,363.0,-0.43271999999995636,0.08222,-0.5149399999999563,ifvg_clean,0.001
2025-11,continuation_canonical,67,1737793,1737823,1,82096.4,82038.5,290.5000000000291,3486.0000000003492,inv,30.0,-0.1399963999999942,0.0820964,-0.2220927999999942,ifvg_clean,0.001
2025-11,continuation_canonical,68,1750460,1750460,1,82784.7,82810.8,131.50000000001455,1578.0000000001746,inv,0.0,-0.05668469999999418,0.0827847,-0.1394693999999942,ifvg_clean,0.001
2025-11,continuation_canonical,69,1751277,1753724,-1,82960.7,83509.70000000001,549.0000000000146,6588.000000000175,sl,2447.0,-0.6319607000000146,0.0829607,-0.7149214000000146,ifvg_clean,0.001
2025-11,continuation_canonical,70,1759748,1759766,1,83468.4,83410.4,291.0000000000582,3492.0000000006985,inv,18.0,-0.1414684,0.0834684,-0.2249368,ifvg_clean,0.001
2025-11,continuation_canonical,71,1785760,1785826,-1,84982.6,85012.1,168.0000000000291,2016.0000000003492,inv,67.0,-0.1144826,0.0849826,-0.1994652,ifvg_clean,0.001
2025-11,continuation_canonical,72,1786576,1787710,1,85096.6,84925.10000000006,171.4999999999418,2057.9999999993015,sl,1162.0,-0.2565965999999418,0.08509660000000001,-0.3416931999999418,ifvg_clean,0.001
2025-11,continuation_canonical,73,1805001,1805756,1,84670.5,84459.50000000001,210.99999999998545,2531.9999999998254,sl,762.0,-0.29567049999998546,0.08467050000000001,-0.3803409999999855,ifvg_clean,0.001
2025-11,continuation_canonical,74,1810764,1810785,1,84155.5,84096.9,371.0000000000582,4452.0000000006985,inv,21.0,-0.14275550000000584,0.08415550000000001,-0.22691100000000586,ifvg_clean,0.001
2025-11,continuation_canonical,75,1827119,1827889,1,84009.4,83887.40000000002,121.9999999999709,1463.9999999996508,sl,776.0,-0.2060093999999709,0.0840094,-0.2900187999999709,ifvg_clean,0.001
2025-11,continuation_canonical,76,1838575,1838644,-1,84497.3,84544.2,234.4999999999709,2813.9999999996508,inv,71.0,-0.1313972999999942,0.08449730000000001,-0.21589459999999422,ifvg_clean,0.001
2025-11,continuation_canonical,77,1788954,1839815,-1,84684.9,84810.89999999998,125.99999999998545,1511.9999999998254,sl,51481.0,-0.21068489999998546,0.08468490000000001,-0.29536979999998547,ifvg_clean,0.001
2025-11,continuation_canonical,78,1870385,1870450,-1,85767.1,85787.9,136.9999999999709,1643.9999999996508,inv,65.0,-0.10656709999998837,0.08576710000000001,-0.19233419999998838,ifvg_clean,0.001
2025-11,continuation_canonical,79,1958568,1958599,-1,87378.6,87418.0,185.99999999998545,2231.9999999998254,inv,32.0,-0.1267785999999942,0.0873786,-0.2141571999999942,ifvg_clean,0.001
2025-11,continuation_canonical,80,2000431,2000560,1,85960.5,85938.7,145.99999999998545,1751.9999999998254,inv,135.0,-0.10776050000000291,0.0859605,-0.19372100000000292,ifvg_clean,0.001
2025-11,continuation_canonical,81,2002653,2002698,1,86169.8,86099.0,360.99999999998545,4331.999999999825,inv,45.0,-0.15696980000000293,0.0861698,-0.24313960000000295,ifvg_clean,0.001
2025-11,continuation_canonical,82,2018002,2018011,-1,88598.0,88618.3,150.0,1800.0,inv,9.0,-0.10889800000000291,0.088598,-0.1974960000000029,ifvg_clean,0.001
2025-11,continuation_canonical,83,2031138,2031175,1,88672.2,88624.4,253.0000000000291,3036.0000000003492,inv,38.0,-0.13647220000000293,0.0886722,-0.22514440000000294,ifvg_clean,0.001
2025-11,continuation_canonical,84,2016258,2036387,1,88372.8,87859.30000000002,513.4999999999854,6161.999999999825,sl,20406.0,-0.6018727999999854,0.0883728,-0.6902455999999855,ifvg_clean,0.001
2025-11,continuation_canonical,85,2038055,2038366,1,88033.9,87958.2,563.0000000000291,6756.000000000349,inv,324.0,-0.1637338999999971,0.0880339,-0.2517677999999971,ifvg_clean,0.001
2025-11,continuation_canonical,86,2047370,2049677,-1,87696.0,87996.49999999996,300.49999999995634,3605.999999999476,sl,2359.0,-0.38819599999995635,0.087696,-0.47589199999995635,ifvg_clean,0.001
2025-11,continuation_canonical,87,2082008,2082509,-1,87513.3,87631.79999999999,118.49999999998545,1421.9999999998254,sl,511.0,-0.20601329999998547,0.0875133,-0.2935265999999855,ifvg_clean,0.001
2025-11,continuation_canonical,88,2088297,2088500,-1,86276.0,86684.49999999999,408.49999999998545,4901.999999999825,sl,203.0,-0.49477599999998545,0.08627599999999999,-0.5810519999999855,ifvg_clean,0.001
2025-11,continuation_canonical,89,2088601,2088601,-1,86583.1,86580.2,105.49999999995634,1265.9999999994761,inv,0.0,-0.08368309999999128,0.08658310000000001,-0.1702661999999913,ifvg_clean,0.001
2025-11,continuation_canonical,90,2101334,2101667,1,87490.5,87466.2,112.00000000004366,1344.0000000005239,inv,344.0,-0.1117905000000029,0.0874905,-0.1992810000000029,ifvg_clean,0.001
2025-11,continuation_canonical,91,2109272,2109280,-1,87337.8,87349.3,103.49999999998545,1241.9999999998254,inv,9.0,-0.0988378,0.08733780000000001,-0.1861756,ifvg_clean,0.001
2025-11,continuation_canonical,92,2110883,2111026,-1,87248.5,87297.7,245.49999999995634,2945.999999999476,inv,154.0,-0.13644849999999709,0.0872485,-0.2236969999999971,ifvg_clean,0.001
2025-11,continuation_canonical,93,2133659,2137247,-1,87191.7,87365.20000000006,173.5000000000582,2082.0000000006985,sl,3769.0,-0.2606917000000582,0.0871917,-0.3478834000000582,ifvg_clean,0.001
2025-11,continuation_canonical,94,2128860,2156241,-1,87879.6,86673.59999999966,100.5000000000291,1206.0000000003492,tp,28373.0,1.1181204000003493,0.08787960000000002,1.0302408000003493,ifvg_clean,0.001
2025-11,continuation_canonical,95,2184155,2184268,-1,90137.1,90189.5,283.49999999998545,3401.9999999998254,inv,113.0,-0.1425370999999942,0.09013710000000001,-0.23267419999999422,ifvg_clean,0.001
2025-11,continuation_canonical,96,2203470,2204313,1,90479.8,90343.80000000002,135.99999999998545,1631.9999999998254,sl,848.0,-0.22647979999998546,0.09047980000000001,-0.31695959999998546,ifvg_clean,0.001
2025-11,continuation_canonical,97,1754272,2211030,1,83343.6,91143.6,650.0,7800.0,tp,465179.0,7.7166564,0.08334360000000002,7.6333128,ifvg_clean,0.001
2025-11,continuation_canonical,98,2266119,2266308,1,91519.9,91301.40000000001,218.49999999998545,2621.9999999998254,sl,190.0,-0.31001989999998547,0.0915199,-0.40153979999998546,ifvg_clean,0.001
2025-11,continuation_canonical,99,2284355,2284393,1,91214.6,91192.2,116.50000000001455,1398.0000000001746,inv,42.0,-0.11361460000000874,0.0912146,-0.20482920000000876,ifvg_clean,0.001
2025-11,continuation_canonical,100,2345687,2346367,-1,91248.2,91491.19999999995,242.99999999995634,2915.999999999476,sl,680.0,-0.33424819999995636,0.0912482,-0.42549639999995637,ifvg_clean,0.001
2025-11,continuation_canonical,101,2343843,2349286,-1,92091.0,90291.0,150.0,1800.0,tp,5443.0,1.7079090000000001,0.092091,1.6158180000000002,ifvg_clean,0.001
2025-11,continuation_canonical,102,2350146,2350500,-1,90431.8,90683.30000000002,251.50000000001455,3018.0000000001746,sl,354.0,-0.34193180000001455,0.0904318,-0.43236360000001456,ifvg_clean,0.001
2025-11,continuation_canonical,103,2344047,2528361,-1,92028.2,90320.6,286.9999999999709,3443.9999999996508,eod,201253.0,1.6155717999999912,0.0920282,1.5235435999999911,ifvg_clean,0.001
2025-11,continuation_canonical,104,2525469,2528361,-1,90891.5,90320.6,131.9999999999709,1583.9999999996508,eod,2915.0,0.4800084999999942,0.09089150000000001,0.38911699999999416,ifvg_clean,0.001
2025-11,fade_displacement_flip,0,161095,161137,1,110272.3,110271.7,510.99999999998545,6131.999999999825,inv,42.0,-0.11087230000000582,0.1102723,-0.22114460000000583,ifvg_clean,0.001
2025-11,fade_displacement_flip,1,164817,164821,1,109580.3,109574.4,394.00000000001455,4728.000000000175,inv,4.0,-0.11548030000000874,0.1095803,-0.22506060000000874,ifvg_clean,0.001
2025-11,fade_displacement_flip,2,170328,183301,-1,108730.7,107050.7,140.0,1680.0,tp,13019.0,1.5712693,0.1087307,1.4625386,ifvg_clean,0.001
2025-11,fade_displacement_flip,3,188915,188920,1,107361.9,107359.6,224.4999999999709,2693.9999999996508,inv,5.0,-0.10966189999998835,0.1073619,-0.21702379999998833,ifvg_clean,0.001
2025-11,fade_displacement_flip,4,202295,202526,-1,107847.7,107853.6,497.00000000004366,5964.000000000524,inv,231.0,-0.11374770000000874,0.1078477,-0.22159540000000874,ifvg_clean,0.001
2025-11,fade_displacement_flip,5,257419,257419,-1,107049.3,107043.4,300.49999999995634,3605.999999999476,inv,0.0,-0.10114929999999127,0.1070493,-0.20819859999999127,ifvg_clean,0.001
2025-11,fade_displacement_flip,6,225599,265087,-1,107315.0,104915.0,200.0,2400.0,tp,40078.0,2.292685,0.107315,2.1853700000000003,ifvg_clean,0.001
2025-11,fade_displacement_flip,7,405847,415555,-1,103787.4,103997.4,210.0,2520.0,sl,9897.0,-0.3137874,0.10378739999999999,-0.41757479999999997,ifvg_clean,0.001
2025-11,fade_displacement_flip,8,559713,559713,1,100697.9,100710.1,199.4999999999709,2393.9999999996508,inv,0.0,-0.08849789999998835,0.10069789999999999,-0.18919579999998834,ifvg_clean,0.001
2025-11,fade_displacement_flip,9,559839,559843,1,100511.4,100509.1,825.0,9900.0,inv,4.0,-0.10281139999998835,0.1005114,-0.20332279999998837,ifvg_clean,0.001
2025-11,fade_displacement_flip,10,596731,597724,1,103090.3,102909.30000000002,180.99999999998545,2171.9999999998254,sl,1029.0,-0.2840902999999855,0.1030903,-0.38718059999998544,ifvg_clean,0.001
2025-11,fade_displacement_flip,11,800230,803102,-1,105956.6,106110.10000000006,153.5000000000582,1842.0000000006985,sl,2942.0,-0.2594566000000582,0.10595660000000001,-0.3654132000000582,ifvg_clean,0.001
2025-11,fade_displacement_flip,12,813686,813691,1,104936.4,104927.1,611.9999999999709,7343.999999999651,inv,5.0,-0.11423639999998836,0.1049364,-0.21917279999998834,ifvg_clean,0.001
2025-11,fade_displacement_flip,13,816046,816056,1,105068.7,105061.6,189.4999999999709,2273.9999999996508,inv,10.0,-0.11216869999999127,0.1050687,-0.21723739999999125,ifvg_clean,0.001
2025-11,fade_displacement_flip,14,835871,836054,-1,105512.7,105518.3,399.50000000004366,4794.000000000524,inv,197.0,-0.11111270000000582,0.1055127,-0.21662540000000582,ifvg_clean,0.001
2025-11,fade_displacement_flip,15,837374,843040,1,105813.4,105651.89999999998,161.50000000001455,1938.0000000001746,sl,5798.0,-0.2673134000000146,0.1058134,-0.3731268000000146,ifvg_clean,0.001
2025-11,fade_displacement_flip,16,818823,846186,1,105336.7,107190.69999999965,154.4999999999709,1853.9999999996508,tp,28311.0,1.7486632999996508,0.10533669999999999,1.6433265999996507,ifvg_clean,0.001
2025-11,fade_displacement_flip,17,849676,849711,1,106003.3,105998.1,195.49999999995634,2345.999999999476,inv,36.0,-0.1112032999999971,0.10600330000000001,-0.2172065999999971,ifvg_clean,0.001
2025-11,fade_displacement_flip,18,861070,861287,1,105406.6,105395.1,203.49999999998545,2441.9999999998254,inv,218.0,-0.11690660000000001,0.10540660000000002,-0.22231320000000004,ifvg_clean,0.001
2025-11,fade_displacement_flip,19,880992,881080,-1,105304.8,105307.1,185.5000000000291,2226.0000000003492,inv,90.0,-0.10760480000000291,0.1053048,-0.21290960000000292,ifvg_clean,0.001
2025-11,fade_displacement_flip,20,855941,887143,-1,106414.9,104380.90000000034,169.4999999999709,2033.9999999996508,tp,31574.0,1.9275850999996507,0.1064149,1.8211701999996506,ifvg_clean,0.001
2025-11,fade_displacement_flip,21,736176,897841,1,103531.0,103197.99999999997,333.0000000000291,3996.0000000003492,sl,163768.0,-0.4365310000000291,0.10353100000000001,-0.5400620000000291,ifvg_clean,0.001
2025-11,fade_displacement_flip,22,732248,904601,1,103589.5,102817.0,772.5,9270.0,sl,174507.0,-0.8760895,0.1035895,-0.979679,ifvg_clean,0.001
2025-11,fade_displacement_flip,23,965616,965959,-1,104850.1,104855.8,590.0,7080.0,inv,343.0,-0.1105500999999971,0.10485010000000002,-0.2154001999999971,ifvg_clean,0.001
2025-11,fade_displacement_flip,24,854544,984646,-1,106576.3,101782.30000000035,399.4999999999709,4793.999999999651,tp,131164.0,4.68742369999965,0.1065763,4.58084739999965,ifvg_clean,0.001
2025-11,fade_displacement_flip,25,992020,993342,1,101624.8,101514.30000000005,110.49999999995634,1325.9999999994761,sl,1336.0,-0.21212479999995637,0.10162480000000002,-0.3137495999999564,ifvg_clean,0.001
2025-11,fade_displacement_flip,26,1000090,1024320,1,101482.0,101085.00000000003,396.9999999999709,4763.999999999651,sl,24726.0,-0.49848199999997095,0.101482,-0.599963999999971,ifvg_clean,0.001
2025-11,fade_displacement_flip,27,1066641,1066641,-1,102446.1,102446.7,1006.9999999999709,12083.99999999965,inv,0.0,-0.10304609999999127,0.1024461,-0.20549219999999127,ifvg_clean,0.001
2025-11,fade_displacement_flip,28,1066913,1067447,1,102478.0,102336.49999999999,141.50000000001455,1698.0000000001746,sl,534.0,-0.24397800000001457,0.10247800000000001,-0.3464560000000146,ifvg_clean,0.001
2025-11,fade_displacement_flip,29,1068622,1068626,1,101815.5,101812.5,326.9999999999709,3923.9999999996508,inv,4.0,-0.1048155,0.1018155,-0.206631,ifvg_clean,0.001
2025-11,fade_displacement_flip,30,1071754,1071764,1,100996.8,100984.3,179.00000000001455,2148.0000000001746,inv,10.0,-0.11349680000000001,0.10099680000000001,-0.2144936,ifvg_clean,0.001
2025-11,fade_displacement_flip,31,1073080,1073083,1,100791.8,100780.6,259.4999999999709,3113.9999999996508,inv,3.0,-0.1119917999999971,0.10079180000000001,-0.21278359999999713,ifvg_clean,0.001
2025-11,fade_displacement_flip,32,1075304,1075319,1,100431.3,100423.1,103.49999999998545,1241.9999999998254,inv,15.0,-0.1086312999999971,0.10043130000000002,-0.2090625999999971,ifvg_clean,0.001
2025-11,fade_displacement_flip,33,1076631,1076631,1,99881.3,99869.5,129.00000000001455,1548.0000000001746,inv,0.0,-0.11168130000000291,0.0998813,-0.21156260000000293,ifvg_clean,0.001
2025-11,fade_displacement_flip,34,1083578,1083679,1,98707.8,98597.30000000005,110.49999999995634,1325.9999999994761,sl,101.0,-0.20920779999995637,0.09870780000000001,-0.3079155999999564,ifvg_clean,0.001
2025-11,fade_displacement_flip,35,1088159,1088197,1,98363.1,98334.4,225.5000000000291,2706.0000000003492,inv,38.0,-0.12706310000001164,0.09836310000000001,-0.22542620000001165,ifvg_clean,0.001
2025-11,fade_displacement_flip,36,1086945,1090436,-1,98524.0,98792.49999999999,268.49999999998545,3221.9999999998254,sl,3500.0,-0.3670239999999855,0.098524,-0.4655479999999855,ifvg_clean,0.001
2025-11,fade_displacement_flip,37,1095191,1095235,-1,99617.7,99633.5,340.5000000000291,4086.0000000003492,inv,44.0,-0.11541770000000291,0.0996177,-0.21503540000000293,ifvg_clean,0.001
2025-11,fade_displacement_flip,38,1105163,1105163,-1,99397.1,99400.5,220.0,2640.0,inv,0.0,-0.1027970999999942,0.09939710000000002,-0.20219419999999422,ifvg_clean,0.001
2025-11,fade_displacement_flip,39,1106082,1106082,-1,99539.8,99537.5,165.99999999998545,1991.9999999998254,inv,0.0,-0.09723979999999709,0.0995398,-0.19677959999999708,ifvg_clean,0.001
2025-11,fade_displacement_flip,40,1109709,1110165,1,99283.8,99279.5,267.5,3210.0,inv,473.0,-0.10358380000000292,0.0992838,-0.20286760000000292,ifvg_clean,0.001
2025-11,fade_displacement_flip,41,1112899,1112902,1,99106.9,99105.7,104.00000000001455,1248.0000000001746,inv,3.0,-0.10030689999999709,0.0991069,-0.1994137999999971,ifvg_clean,0.001
2025-11,fade_displacement_flip,42,1115590,1115590,1,97835.9,97817.8,384.4999999999709,4613.999999999651,inv,0.0,-0.11593589999999127,0.0978359,-0.21377179999999127,ifvg_clean,0.001
2025-11,fade_displacement_flip,43,1132470,1132846,1,97077.4,96821.89999999997,255.5000000000291,3066.0000000003492,sl,377.0,-0.3525774000000291,0.0970774,-0.44965480000002905,ifvg_clean,0.001
2025-11,fade_displacement_flip,44,1133022,1136573,-1,96901.7,97148.69999999997,246.9999999999709,2963.9999999996508,sl,3590.0,-0.3439016999999709,0.09690170000000001,-0.44080339999997087,ifvg_clean,0.001
2025-11,fade_displacement_flip,45,1139444,1139444,1,96622.3,96624.5,114.4999999999709,1373.9999999996508,inv,0.0,-0.09442230000000292,0.09662230000000001,-0.19104460000000292,ifvg_clean,0.001
2025-11,fade_displacement_flip,46,1158467,1158617,1,97165.0,97024.00000000001,140.99999999998545,1691.9999999998254,sl,151.0,-0.23816499999998544,0.097165,-0.3353299999999855,ifvg_clean,0.001
2025-11,fade_displacement_flip,47,1239419,1239542,1,96324.4,96091.39999999997,233.0000000000291,2796.0000000003492,sl,125.0,-0.3293244000000291,0.0963244,-0.42564880000002914,ifvg_clean,0.001
2025-11,fade_displacement_flip,48,1295285,1311102,1,95949.0,95395.99999999997,553.0000000000291,6636.000000000349,sl,16220.0,-0.6489490000000291,0.095949,-0.7448980000000291,ifvg_clean,0.001
2025-11,fade_displacement_flip,49,1312892,1312892,1,95592.6,95601.0,135.99999999998545,1631.9999999998254,inv,0.0,-0.08719260000000582,0.0955926,-0.1827852000000058,ifvg_clean,0.001
2025-11,fade_displacement_flip,50,1354537,1354537,-1,94882.3,94878.2,116.50000000001455,1398.0000000001746,inv,0.0,-0.09078229999999418,0.0948823,-0.18566459999999418,ifvg_clean,0.001
2025-11,fade_displacement_flip,51,1381472,1382266,1,95747.5,95543.49999999999,204.00000000001455,2448.0000000001746,sl,801.0,-0.29974750000001454,0.0957475,-0.39549500000001453,ifvg_clean,0.001
2025-11,fade_displacement_flip,52,1354451,1399018,1,94659.3,94404.3,255.0,3060.0,sl,45650.0,-0.3496593,0.0946593,-0.4443186,ifvg_clean,0.001
2025-11,fade_displacement_flip,53,1403745,1403745,-1,95304.8,95304.7,334.4999999999709,4013.9999999996508,inv,0.0,-0.09520479999999419,0.09530480000000001,-0.1905095999999942,ifvg_clean,0.001
2025-11,fade_displacement_flip,54,1408035,1408042,1,93649.8,93645.5,834.4999999999709,10013.99999999965,inv,7.0,-0.09794980000000292,0.0936498,-0.19159960000000292,ifvg_clean,0.001
2025-11,fade_displacement_flip,55,1450615,1450805,1,90717.1,90712.9,238.5000000000582,2862.0000000006985,inv,190.0,-0.09491710000001165,0.09071710000000001,-0.18563420000001166,ifvg_clean,0.001
2025-11,fade_displacement_flip,56,1496387,1496387,-1,93583.5,93587.2,183.49999999998545,2201.9999999998254,inv,0.0,-0.0972834999999971,0.0935835,-0.1908669999999971,ifvg_clean,0.001
2025-11,fade_displacement_flip,57,1500747,1500751,1,93214.6,93212.4,130.0,1560.0,inv,4.0,-0.09541460000001165,0.09321460000000001,-0.18862920000001165,ifvg_clean,0.001
2025-11,fade_displacement_flip,58,1500400,1501625,-1,93290.4,93394.90000000004,104.50000000004366,1254.0000000005239,sl,1235.0,-0.19779040000004366,0.0932904,-0.29108080000004366,ifvg_clean,0.001
2025-11,fade_displacement_flip,59,1504682,1504916,1,93474.8,93257.3,217.5,2610.0,sl,235.0,-0.3109748,0.09347480000000001,-0.4044496,ifvg_clean,0.001
2025-11,fade_displacement_flip,60,1516627,1516675,-1,93049.4,93061.8,258.49999999998545,3101.9999999998254,inv,50.0,-0.10544940000000873,0.09304939999999999,-0.19849880000000872,ifvg_clean,0.001
2025-11,fade_displacement_flip,61,1510790,1516836,-1,92915.2,93113.20000000003,198.0000000000291,2376.0000000003492,sl,6205.0,-0.29091520000002913,0.0929152,-0.3838304000000291,ifvg_clean,0.001
2025-11,fade_displacement_flip,62,1508800,1517542,-1,93162.9,93282.9,120.0,1440.0,sl,8960.0,-0.2131629,0.09316289999999999,-0.3063258,ifvg_clean,0.001
2025-11,fade_displacement_flip,63,1596844,1596844,-1,89255.8,89257.5,365.99999999998545,4391.999999999825,inv,0.0,-0.0909557999999971,0.08925580000000001,-0.1802115999999971,ifvg_clean,0.001
2025-11,fade_displacement_flip,64,1597353,1613045,1,89528.6,92468.6,245.0,2940.0,tp,15767.0,2.8504714,0.08952860000000001,2.7609428,ifvg_clean,0.001
2025-11,fade_displacement_flip,65,1656230,1658015,1,91820.8,91372.79999999997,448.0000000000291,5376.000000000349,sl,1787.0,-0.5398208000000291,0.09182080000000001,-0.6316416000000291,ifvg_clean,0.001
2025-11,fade_displacement_flip,66,1731560,1731560,1,82220.0,82217.8,350.49999999995634,4205.999999999476,inv,0.0,-0.0844199999999971,0.08222,-0.1666399999999971,ifvg_clean,0.001
2025-11,fade_displacement_flip,67,1737793,1739356,-1,82096.4,82386.90000000002,290.5000000000291,3486.0000000003492,sl,1563.0,-0.37259640000002914,0.0820964,-0.45469280000002915,ifvg_clean,0.001
2025-11,fade_displacement_flip,68,1750460,1750484,-1,82784.7,82916.20000000001,131.50000000001455,1578.0000000001746,sl,24.0,-0.21428470000001454,0.0827847,-0.2970694000000145,ifvg_clean,0.001
2025-11,fade_displacement_flip,69,1751277,1751348,1,82960.7,82957.8,549.0000000000146,6588.000000000175,inv,71.0,-0.08586069999999418,0.0829607,-0.16882139999999418,ifvg_clean,0.001
2025-11,fade_displacement_flip,70,1754272,1754272,-1,83343.6,83361.5,650.0,7800.0,inv,0.0,-0.1012435999999942,0.08334360000000002,-0.18458719999999423,ifvg_clean,0.001
2025-11,fade_displacement_flip,71,1759748,1760218,-1,83468.4,83759.40000000005,291.0000000000582,3492.0000000006985,sl,470.0,-0.3744684000000582,0.0834684,-0.4579368000000582,ifvg_clean,0.001
2025-11,fade_displacement_flip,72,1786576,1786599,-1,85096.6,85097.4,171.4999999999418,2057.9999999993015,inv,23.0,-0.08589659999998836,0.08509660000000001,-0.17099319999998835,ifvg_clean,0.001
2025-11,fade_displacement_flip,73,1785760,1787743,1,84982.6,84814.59999999998,168.0000000000291,2016.0000000003492,sl,2022.0,-0.2529826000000291,0.0849826,-0.3379652000000291,ifvg_clean,0.001
2025-11,fade_displacement_flip,74,1788954,1788956,1,84684.9,84684.2,125.99999999998545,1511.9999999998254,inv,2.0,-0.0853848999999971,0.08468490000000001,-0.1700697999999971,ifvg_clean,0.001
2025-11,fade_displacement_flip,75,1827119,1827137,-1,84009.4,84012.9,121.9999999999709,1463.9999999996508,inv,18.0,-0.0875094,0.0840094,-0.1715188,ifvg_clean,0.001
2025-11,fade_displacement_flip,76,1810764,1830995,-1,84155.5,84526.50000000006,371.0000000000582,4452.0000000006985,sl,20426.0,-0.4551555000000582,0.08415550000000001,-0.5393110000000583,ifvg_clean,0.001
2025-11,fade_displacement_flip,77,1805001,1831022,-1,84670.5,84681.7,210.99999999998545,2531.9999999998254,inv,26352.0,-0.0958704999999971,0.08467050000000001,-0.18054099999999712,ifvg_clean,0.001
2025-11,fade_displacement_flip,78,1838575,1853595,1,84497.3,84262.80000000003,234.4999999999709,2813.9999999996508,sl,16171.0,-0.3189972999999709,0.08449730000000001,-0.4034945999999709,ifvg_clean,0.001
2025-11,fade_displacement_flip,79,1870385,1871480,1,85767.1,85630.10000000003,136.9999999999709,1643.9999999996508,sl,1096.0,-0.2227670999999709,0.08576710000000001,-0.3085341999999709,ifvg_clean,0.001
2025-11,fade_displacement_flip,80,1958568,1960570,1,87378.6,87192.60000000002,185.99999999998545,2231.9999999998254,sl,2022.0,-0.2733785999999855,0.0873786,-0.36075719999998546,ifvg_clean,0.001
2025-11,fade_displacement_flip,81,2000431,2000891,-1,85960.5,86106.49999999999,145.99999999998545,1751.9999999998254,sl,472.0,-0.23196049999998544,0.0859605,-0.31792099999998547,ifvg_clean,0.001
2025-11,fade_displacement_flip,82,2002653,2002948,-1,86169.8,86530.79999999999,360.99999999998545,4331.999999999825,sl,295.0,-0.44716979999998546,0.0861698,-0.5333395999999855,ifvg_clean,0.001
2025-11,fade_displacement_flip,83,2016258,2016259,-1,88372.8,88375.9,513.4999999999854,6161.999999999825,inv,1.0,-0.09147279999999126,0.0883728,-0.17984559999999128,ifvg_clean,0.001
2025-11,fade_displacement_flip,84,2018002,2019567,1,88598.0,88448.0,150.0,1800.0,sl,1570.0,-0.23859799999999998,0.088598,-0.327196,ifvg_clean,0.001
2025-11,fade_displacement_flip,85,2047370,2047379,1,87696.0,87691.3,300.49999999995634,3605.999999999476,inv,9.0,-0.09239599999999709,0.087696,-0.1800919999999971,ifvg_clean,0.001
2025-11,fade_displacement_flip,86,2082008,2082276,1,87513.3,87500.7,118.49999999998545,1421.9999999998254,inv,272.0,-0.10011330000000582,0.0875133,-0.1876266000000058,ifvg_clean,0.001
2025-11,fade_displacement_flip,87,2088297,2088299,1,86276.0,86263.1,408.49999999998545,4901.999999999825,inv,2.0,-0.09917599999999417,0.08627599999999999,-0.18545199999999418,ifvg_clean,0.001
2025-11,fade_displacement_flip,88,2088601,2088827,1,86583.1,86477.60000000005,105.49999999995634,1265.9999999994761,sl,226.0,-0.19208309999995637,0.08658310000000001,-0.2786661999999564,ifvg_clean,0.001
2025-11,fade_displacement_flip,89,2101334,2103974,-1,87490.5,86146.49999999948,112.00000000004366,1344.0000000005239,tp,2666.0,1.256509500000524,0.0874905,1.169019000000524,ifvg_clean,0.001
2025-11,fade_displacement_flip,90,2109272,2109442,1,87337.8,87234.30000000002,103.49999999998545,1241.9999999998254,sl,177.0,-0.19083779999998546,0.08733780000000001,-0.2781755999999855,ifvg_clean,0.001
2025-11,fade_displacement_flip,91,2110883,2111175,1,87248.5,87003.00000000004,245.49999999995634,2945.999999999476,sl,313.0,-0.33274849999995637,0.0872485,-0.4199969999999564,ifvg_clean,0.001
2025-11,fade_displacement_flip,92,2128860,2128953,1,87879.6,87865.7,100.5000000000291,1206.0000000003492,inv,95.0,-0.10177960000000874,0.08787960000000002,-0.18965920000000874,ifvg_clean,0.001
2025-11,fade_displacement_flip,93,2133659,2133718,1,87191.7,87175.4,173.5000000000582,2082.0000000006985,inv,62.0,-0.1034917000000029,0.0871917,-0.1906834000000029,ifvg_clean,0.001
2025-11,fade_displacement_flip,94,2038055,2180816,-1,88033.9,88596.90000000002,563.0000000000291,6756.000000000349,sl,145975.0,-0.6510339000000291,0.0880339,-0.7390678000000291,ifvg_clean,0.001
2025-11,fade_displacement_flip,95,2031138,2181212,-1,88672.2,88925.20000000003,253.0000000000291,3036.0000000003492,sl,153384.0,-0.34167220000002907,0.0886722,-0.43034440000002905,ifvg_clean,0.001
2025-11,fade_displacement_flip,96,2184155,2184981,1,90137.1,89853.60000000002,283.49999999998545,3401.9999999998254,sl,826.0,-0.37363709999998546,0.09013710000000001,-0.4637741999999855,ifvg_clean,0.001
2025-11,fade_displacement_flip,97,2203470,2203558,-1,90479.8,90488.8,135.99999999998545,1631.9999999998254,inv,88.0,-0.09947980000000001,0.09047980000000001,-0.1899596,ifvg_clean,0.001
2025-11,fade_displacement_flip,98,2266119,2266121,-1,91519.9,91521.0,218.49999999998545,2621.9999999998254,inv,2.0,-0.09261990000000582,0.0915199,-0.18413980000000582,ifvg_clean,0.001
2025-11,fade_displacement_flip,99,2284355,2284732,-1,91214.6,91331.10000000002,116.50000000001455,1398.0000000001746,sl,394.0,-0.20771460000001457,0.0912146,-0.29892920000001455,ifvg_clean,0.001
2025-11,fade_displacement_flip,100,2343843,2344027,1,92091.0,92084.3,150.0,1800.0,inv,184.0,-0.09879099999999709,0.092091,-0.1908819999999971,ifvg_clean,0.001
2025-11,fade_displacement_flip,101,2344047,2344051,1,92028.2,92019.5,286.9999999999709,3443.9999999996508,inv,4.0,-0.10072819999999709,0.0920282,-0.1927563999999971,ifvg_clean,0.001
2025-11,fade_displacement_flip,102,2345687,2345688,1,91248.2,91243.1,242.99999999995634,2915.999999999476,inv,1.0,-0.09634819999999127,0.0912482,-0.18759639999999128,ifvg_clean,0.001
2025-11,fade_displacement_flip,103,2350146,2351230,1,90431.8,90408.0,251.50000000001455,3018.0000000001746,inv,1086.0,-0.11423180000000292,0.0904318,-0.20466360000000294,ifvg_clean,0.001
2025-11,fade_displacement_flip,104,2525469,2525700,1,90891.5,90886.3,131.9999999999709,1583.9999999996508,inv,236.0,-0.09609149999999711,0.09089150000000001,-0.18698299999999712,ifvg_clean,0.001
