combo,mode,n_files,sum_n_trades,sum_n_ifvg_clean,sum_n_sniper_dirty,total_pnl_gross_usd,total_fees_usd,total_pnl_net_usd,mean_wr_pct,median_hold_secs
B_n_5x50,all_clean,6,346,343,0,104.54603896104145,32.12314965,72.42288931104144,14.927595859125647,349.5
B_n_5x50,all_dirty,6,346,0,343,104.54603896104145,32.12314965,72.42288931104144,14.927595859125647,349.5
B_n_5x50,combined,6,346,343,0,104.54603896104145,32.12314965,72.42288931104144,14.927595859125647,349.5
B_n_5x60,all_clean,6,346,343,0,110.17493896104234,32.12314965,78.05178931104234,13.780296887047207,349.5
B_n_5x60,all_dirty,6,346,0,343,110.17493896104234,32.12314965,78.05178931104234,13.780296887047207,349.5
B_n_5x60,combined,6,346,343,0,110.17493896104234,32.12314965,78.05178931104234,13.780296887047207,349.5
B_n_7x45,all_clean,6,346,343,0,102.68163896103985,32.12314965,70.55848931103985,18.190290202413415,564.75
B_n_7x45,all_dirty,6,346,0,343,102.68163896103985,32.12314965,70.55848931103985,18.190290202413415,564.75
B_n_7x45,combined,6,346,343,0,102.68163896103985,32.12314965,70.55848931103985,18.190290202413415,564.75
