file,config_id,sl_atr_mult,tp_atr_mult,rr,n_trades,total_pnl_usd,ev_per_trade_usd,win_rate_pct,net_pnl_usd,n_tp,n_sl,n_inv,n_ifvg_clean,n_sniper,elapsed_s
BTCUSDT-aggTrades-2025-04.parquet,sl0.10_tp0.25_rr2.50,0.1,0.25,2.5,68,34.049381000002064,0.500726191176501,20.58823529411765,28.290262000002066,14,25,29,68,0,3.861503199999788
BTCUSDT-aggTrades-2025-04.parquet,sl0.10_tp0.40_rr4.00,0.1,0.4,4.0,68,34.049381000002064,0.500726191176501,20.58823529411765,28.290262000002066,14,25,29,68,0,4.10815779999939
BTCUSDT-aggTrades-2025-04.parquet,sl0.10_tp0.55_rr5.50,0.1,0.55,5.5,68,34.049381000002064,0.500726191176501,20.58823529411765,28.290262000002066,14,25,29,68,0,4.260253999999804
BTCUSDT-aggTrades-2025-04.parquet,sl0.10_tp0.75_rr7.50,0.1,0.75,7.5,68,34.049381000002064,0.500726191176501,20.58823529411765,28.290262000002066,14,25,29,68,0,4.4103028000008635
BTCUSDT-aggTrades-2025-04.parquet,sl0.10_tp1.10_rr11.00,0.1,1.1,11.0,68,34.049381000002064,0.500726191176501,20.58823529411765,28.290262000002066,14,25,29,68,0,4.12460480000027
BTCUSDT-aggTrades-2025-04.parquet,sl0.10_tp1.50_rr15.00,0.1,1.5,15.0,68,34.049381000002064,0.500726191176501,20.58823529411765,28.290262000002066,14,25,29,68,0,4.061860599999818
BTCUSDT-aggTrades-2025-04.parquet,sl0.10_tp2.00_rr20.00,0.1,2.0,20.0,68,34.049381000002064,0.500726191176501,20.58823529411765,28.290262000002066,14,25,29,68,0,4.026654100000087
BTCUSDT-aggTrades-2025-04.parquet,sl0.15_tp0.25_rr1.67,0.15,0.25,1.6666666666666667,68,34.049381000002064,0.500726191176501,20.58823529411765,28.290262000002066,14,25,29,68,0,4.032712000000174
BTCUSDT-aggTrades-2025-04.parquet,sl0.15_tp0.40_rr2.67,0.15,0.4,2.666666666666667,68,34.049381000002064,0.500726191176501,20.58823529411765,28.290262000002066,14,25,29,68,0,4.060007799999767
BTCUSDT-aggTrades-2025-04.parquet,sl0.15_tp0.55_rr3.67,0.15,0.55,3.666666666666667,68,34.049381000002064,0.500726191176501,20.58823529411765,28.290262000002066,14,25,29,68,0,4.155679399999826
BTCUSDT-aggTrades-2025-04.parquet,sl0.15_tp0.75_rr5.00,0.15,0.75,5.0,68,34.049381000002064,0.500726191176501,20.58823529411765,28.290262000002066,14,25,29,68,0,3.8421212000002924
BTCUSDT-aggTrades-2025-04.parquet,sl0.15_tp1.10_rr7.33,0.15,1.1,7.333333333333334,68,34.049381000002064,0.500726191176501,20.58823529411765,28.290262000002066,14,25,29,68,0,3.8875835999997435
BTCUSDT-aggTrades-2025-04.parquet,sl0.15_tp1.50_rr10.00,0.15,1.5,10.0,68,34.049381000002064,0.500726191176501,20.58823529411765,28.290262000002066,14,25,29,68,0,3.8210904999996274
BTCUSDT-aggTrades-2025-04.parquet,sl0.15_tp2.00_rr13.33,0.15,2.0,13.333333333333334,68,34.049381000002064,0.500726191176501,20.58823529411765,28.290262000002066,14,25,29,68,0,3.7900134999999864
BTCUSDT-aggTrades-2025-04.parquet,sl0.25_tp0.40_rr1.60,0.25,0.4,1.6,68,34.049381000002064,0.500726191176501,20.58823529411765,28.290262000002066,14,25,29,68,0,4.011289399999441
BTCUSDT-aggTrades-2025-04.parquet,sl0.25_tp0.55_rr2.20,0.25,0.55,2.2,68,34.049381000002064,0.500726191176501,20.58823529411765,28.290262000002066,14,25,29,68,0,3.929661899999701
BTCUSDT-aggTrades-2025-04.parquet,sl0.25_tp0.75_rr3.00,0.25,0.75,3.0,68,34.049381000002064,0.500726191176501,20.58823529411765,28.290262000002066,14,25,29,68,0,3.879979100000128
BTCUSDT-aggTrades-2025-04.parquet,sl0.25_tp1.10_rr4.40,0.25,1.1,4.4,68,34.049381000002064,0.500726191176501,20.58823529411765,28.290262000002066,14,25,29,68,0,4.062111899999763
BTCUSDT-aggTrades-2025-04.parquet,sl0.25_tp1.50_rr6.00,0.25,1.5,6.0,68,34.049381000002064,0.500726191176501,20.58823529411765,28.290262000002066,14,25,29,68,0,4.076401600000281
BTCUSDT-aggTrades-2025-04.parquet,sl0.25_tp2.00_rr8.00,0.25,2.0,8.0,68,34.049381000002064,0.500726191176501,20.58823529411765,28.290262000002066,14,25,29,68,0,4.14963760000046
BTCUSDT-aggTrades-2025-04.parquet,sl0.40_tp0.75_rr1.88,0.4,0.75,1.875,68,34.049381000002064,0.500726191176501,20.58823529411765,28.290262000002066,14,25,29,68,0,3.8766686999997546
BTCUSDT-aggTrades-2025-04.parquet,sl0.40_tp1.10_rr2.75,0.4,1.1,2.75,68,34.049381000002064,0.500726191176501,20.58823529411765,28.290262000002066,14,25,29,68,0,4.035939800000051
BTCUSDT-aggTrades-2025-04.parquet,sl0.40_tp1.50_rr3.75,0.4,1.5,3.75,68,34.049381000002064,0.500726191176501,20.58823529411765,28.290262000002066,14,25,29,68,0,3.98335330000009
BTCUSDT-aggTrades-2025-04.parquet,sl0.40_tp2.00_rr5.00,0.4,2.0,5.0,68,34.049381000002064,0.500726191176501,20.58823529411765,28.290262000002066,14,25,29,68,0,4.227479900000617
BTCUSDT-aggTrades-2025-05.parquet,sl0.10_tp0.25_rr2.50,0.1,0.25,2.5,52,16.01105040000074,0.30790481538462966,13.461538461538462,10.54990080000074,2,19,26,52,0,5.52845139999954
BTCUSDT-aggTrades-2025-05.parquet,sl0.10_tp0.40_rr4.00,0.1,0.4,4.0,52,16.01105040000074,0.30790481538462966,13.461538461538462,10.54990080000074,2,19,26,52,0,5.602703399999882
BTCUSDT-aggTrades-2025-05.parquet,sl0.10_tp0.55_rr5.50,0.1,0.55,5.5,52,16.01105040000074,0.30790481538462966,13.461538461538462,10.54990080000074,2,19,26,52,0,5.344519299999774
BTCUSDT-aggTrades-2025-05.parquet,sl0.10_tp0.75_rr7.50,0.1,0.75,7.5,52,16.01105040000074,0.30790481538462966,13.461538461538462,10.54990080000074,2,19,26,52,0,5.439228600000206
BTCUSDT-aggTrades-2025-05.parquet,sl0.10_tp1.10_rr11.00,0.1,1.1,11.0,52,16.01105040000074,0.30790481538462966,13.461538461538462,10.54990080000074,2,19,26,52,0,5.335187000000587
BTCUSDT-aggTrades-2025-05.parquet,sl0.10_tp1.50_rr15.00,0.1,1.5,15.0,52,16.01105040000074,0.30790481538462966,13.461538461538462,10.54990080000074,2,19,26,52,0,5.531552399999782
BTCUSDT-aggTrades-2025-05.parquet,sl0.10_tp2.00_rr20.00,0.1,2.0,20.0,52,16.01105040000074,0.30790481538462966,13.461538461538462,10.54990080000074,2,19,26,52,0,5.326902699999664
BTCUSDT-aggTrades-2025-05.parquet,sl0.15_tp0.25_rr1.67,0.15,0.25,1.6666666666666667,52,16.01105040000074,0.30790481538462966,13.461538461538462,10.54990080000074,2,19,26,52,0,5.582888300000377
BTCUSDT-aggTrades-2025-05.parquet,sl0.15_tp0.40_rr2.67,0.15,0.4,2.666666666666667,52,16.01105040000074,0.30790481538462966,13.461538461538462,10.54990080000074,2,19,26,52,0,5.484175999999934
BTCUSDT-aggTrades-2025-05.parquet,sl0.15_tp0.55_rr3.67,0.15,0.55,3.666666666666667,52,16.01105040000074,0.30790481538462966,13.461538461538462,10.54990080000074,2,19,26,52,0,5.353481899999679
BTCUSDT-aggTrades-2025-05.parquet,sl0.15_tp0.75_rr5.00,0.15,0.75,5.0,52,16.01105040000074,0.30790481538462966,13.461538461538462,10.54990080000074,2,19,26,52,0,5.449718400000165
BTCUSDT-aggTrades-2025-05.parquet,sl0.15_tp1.10_rr7.33,0.15,1.1,7.333333333333334,52,16.01105040000074,0.30790481538462966,13.461538461538462,10.54990080000074,2,19,26,52,0,5.557855600000039
BTCUSDT-aggTrades-2025-05.parquet,sl0.15_tp1.50_rr10.00,0.15,1.5,10.0,52,16.01105040000074,0.30790481538462966,13.461538461538462,10.54990080000074,2,19,26,52,0,5.326174200000423
BTCUSDT-aggTrades-2025-05.parquet,sl0.15_tp2.00_rr13.33,0.15,2.0,13.333333333333334,52,16.01105040000074,0.30790481538462966,13.461538461538462,10.54990080000074,2,19,26,52,0,5.410270699999273
BTCUSDT-aggTrades-2025-05.parquet,sl0.25_tp0.40_rr1.60,0.25,0.4,1.6,52,16.01105040000074,0.30790481538462966,13.461538461538462,10.54990080000074,2,19,26,52,0,5.769326900000124
BTCUSDT-aggTrades-2025-05.parquet,sl0.25_tp0.55_rr2.20,0.25,0.55,2.2,52,16.01105040000074,0.30790481538462966,13.461538461538462,10.54990080000074,2,19,26,52,0,5.572123599999941
BTCUSDT-aggTrades-2025-05.parquet,sl0.25_tp0.75_rr3.00,0.25,0.75,3.0,52,16.01105040000074,0.30790481538462966,13.461538461538462,10.54990080000074,2,19,26,52,0,5.471940800000084
BTCUSDT-aggTrades-2025-05.parquet,sl0.25_tp1.10_rr4.40,0.25,1.1,4.4,52,16.01105040000074,0.30790481538462966,13.461538461538462,10.54990080000074,2,19,26,52,0,5.46067419999963
BTCUSDT-aggTrades-2025-05.parquet,sl0.25_tp1.50_rr6.00,0.25,1.5,6.0,52,16.01105040000074,0.30790481538462966,13.461538461538462,10.54990080000074,2,19,26,52,0,5.373988500000451
BTCUSDT-aggTrades-2025-05.parquet,sl0.25_tp2.00_rr8.00,0.25,2.0,8.0,52,16.01105040000074,0.30790481538462966,13.461538461538462,10.54990080000074,2,19,26,52,0,5.639226599999347
BTCUSDT-aggTrades-2025-05.parquet,sl0.40_tp0.75_rr1.88,0.4,0.75,1.875,52,16.01105040000074,0.30790481538462966,13.461538461538462,10.54990080000074,2,19,26,52,0,5.4153453000008085
BTCUSDT-aggTrades-2025-05.parquet,sl0.40_tp1.10_rr2.75,0.4,1.1,2.75,52,16.01105040000074,0.30790481538462966,13.461538461538462,10.54990080000074,2,19,26,52,0,5.506395399999747
BTCUSDT-aggTrades-2025-05.parquet,sl0.40_tp1.50_rr3.75,0.4,1.5,3.75,52,16.01105040000074,0.30790481538462966,13.461538461538462,10.54990080000074,2,19,26,52,0,5.7666741999992155
BTCUSDT-aggTrades-2025-05.parquet,sl0.40_tp2.00_rr5.00,0.4,2.0,5.0,52,16.01105040000074,0.30790481538462966,13.461538461538462,10.54990080000074,2,19,26,52,0,5.545319699999709
BTCUSDT-aggTrades-2025-10.parquet,sl0.10_tp0.25_rr2.50,0.1,0.25,2.5,81,2.6653130999998025,0.032905099999997564,12.345679012345679,-6.617973800000197,6,34,37,81,0,3.4597956999996313
BTCUSDT-aggTrades-2025-10.parquet,sl0.10_tp0.40_rr4.00,0.1,0.4,4.0,81,2.6653130999998025,0.032905099999997564,12.345679012345679,-6.617973800000197,6,34,37,81,0,3.559921099999883
BTCUSDT-aggTrades-2025-10.parquet,sl0.10_tp0.55_rr5.50,0.1,0.55,5.5,81,2.6653130999998025,0.032905099999997564,12.345679012345679,-6.617973800000197,6,34,37,81,0,3.36479750000035
BTCUSDT-aggTrades-2025-10.parquet,sl0.10_tp0.75_rr7.50,0.1,0.75,7.5,81,2.6653130999998025,0.032905099999997564,12.345679012345679,-6.617973800000197,6,34,37,81,0,3.4127120000002833
BTCUSDT-aggTrades-2025-10.parquet,sl0.10_tp1.10_rr11.00,0.1,1.1,11.0,81,2.6653130999998025,0.032905099999997564,12.345679012345679,-6.617973800000197,6,34,37,81,0,3.496176800000285
BTCUSDT-aggTrades-2025-10.parquet,sl0.10_tp1.50_rr15.00,0.1,1.5,15.0,81,2.6653130999998025,0.032905099999997564,12.345679012345679,-6.617973800000197,6,34,37,81,0,3.5031034000003274
BTCUSDT-aggTrades-2025-10.parquet,sl0.10_tp2.00_rr20.00,0.1,2.0,20.0,81,2.6653130999998025,0.032905099999997564,12.345679012345679,-6.617973800000197,6,34,37,81,0,3.521366599999965
BTCUSDT-aggTrades-2025-10.parquet,sl0.15_tp0.25_rr1.67,0.15,0.25,1.6666666666666667,81,2.6653130999998025,0.032905099999997564,12.345679012345679,-6.617973800000197,6,34,37,81,0,3.529541699999754
BTCUSDT-aggTrades-2025-10.parquet,sl0.15_tp0.40_rr2.67,0.15,0.4,2.666666666666667,81,2.6653130999998025,0.032905099999997564,12.345679012345679,-6.617973800000197,6,34,37,81,0,3.48589979999997
BTCUSDT-aggTrades-2025-10.parquet,sl0.15_tp0.55_rr3.67,0.15,0.55,3.666666666666667,81,2.6653130999998025,0.032905099999997564,12.345679012345679,-6.617973800000197,6,34,37,81,0,3.3581367999995564
BTCUSDT-aggTrades-2025-10.parquet,sl0.15_tp0.75_rr5.00,0.15,0.75,5.0,81,2.6653130999998025,0.032905099999997564,12.345679012345679,-6.617973800000197,6,34,37,81,0,3.481420099999923
BTCUSDT-aggTrades-2025-10.parquet,sl0.15_tp1.10_rr7.33,0.15,1.1,7.333333333333334,81,2.6653130999998025,0.032905099999997564,12.345679012345679,-6.617973800000197,6,34,37,81,0,3.3049520999993547
BTCUSDT-aggTrades-2025-10.parquet,sl0.15_tp1.50_rr10.00,0.15,1.5,10.0,81,2.6653130999998025,0.032905099999997564,12.345679012345679,-6.617973800000197,6,34,37,81,0,3.265447299999323
BTCUSDT-aggTrades-2025-10.parquet,sl0.15_tp2.00_rr13.33,0.15,2.0,13.333333333333334,81,2.6653130999998025,0.032905099999997564,12.345679012345679,-6.617973800000197,6,34,37,81,0,3.2899625999998534
BTCUSDT-aggTrades-2025-10.parquet,sl0.25_tp0.40_rr1.60,0.25,0.4,1.6,81,2.6653130999998025,0.032905099999997564,12.345679012345679,-6.617973800000197,6,34,37,81,0,3.4393731000000116
BTCUSDT-aggTrades-2025-10.parquet,sl0.25_tp0.55_rr2.20,0.25,0.55,2.2,81,2.6653130999998025,0.032905099999997564,12.345679012345679,-6.617973800000197,6,34,37,81,0,3.3571044999998776
BTCUSDT-aggTrades-2025-10.parquet,sl0.25_tp0.75_rr3.00,0.25,0.75,3.0,81,2.6653130999998025,0.032905099999997564,12.345679012345679,-6.617973800000197,6,34,37,81,0,3.43994019999991
BTCUSDT-aggTrades-2025-10.parquet,sl0.25_tp1.10_rr4.40,0.25,1.1,4.4,81,2.6653130999998025,0.032905099999997564,12.345679012345679,-6.617973800000197,6,34,37,81,0,3.4068169000001944
BTCUSDT-aggTrades-2025-10.parquet,sl0.25_tp1.50_rr6.00,0.25,1.5,6.0,81,2.6653130999998025,0.032905099999997564,12.345679012345679,-6.617973800000197,6,34,37,81,0,3.533285800000158
BTCUSDT-aggTrades-2025-10.parquet,sl0.25_tp2.00_rr8.00,0.25,2.0,8.0,81,2.6653130999998025,0.032905099999997564,12.345679012345679,-6.617973800000197,6,34,37,81,0,3.438920600000529
BTCUSDT-aggTrades-2025-10.parquet,sl0.40_tp0.75_rr1.88,0.4,0.75,1.875,81,2.6653130999998025,0.032905099999997564,12.345679012345679,-6.617973800000197,6,34,37,81,0,3.553893799999969
BTCUSDT-aggTrades-2025-10.parquet,sl0.40_tp1.10_rr2.75,0.4,1.1,2.75,81,2.6653130999998025,0.032905099999997564,12.345679012345679,-6.617973800000197,6,34,37,81,0,3.4757031999997707
BTCUSDT-aggTrades-2025-10.parquet,sl0.40_tp1.50_rr3.75,0.4,1.5,3.75,81,2.6653130999998025,0.032905099999997564,12.345679012345679,-6.617973800000197,6,34,37,81,0,3.51286490000075
BTCUSDT-aggTrades-2025-10.parquet,sl0.40_tp2.00_rr5.00,0.4,2.0,5.0,81,2.6653130999998025,0.032905099999997564,12.345679012345679,-6.617973800000197,6,34,37,81,0,3.235204999999951
BTCUSDT-aggTrades-2025-11.parquet,sl0.10_tp0.25_rr2.50,0.1,0.25,2.5,105,40.552759799998896,0.3862167599999895,17.142857142857142,30.55281959999889,16,42,45,105,0,4.297393300000294
BTCUSDT-aggTrades-2025-11.parquet,sl0.10_tp0.40_rr4.00,0.1,0.4,4.0,105,40.552759799998896,0.3862167599999895,17.142857142857142,30.55281959999889,16,42,45,105,0,4.332024999999703
BTCUSDT-aggTrades-2025-11.parquet,sl0.10_tp0.55_rr5.50,0.1,0.55,5.5,105,40.552759799998896,0.3862167599999895,17.142857142857142,30.55281959999889,16,42,45,105,0,4.279554700000517
BTCUSDT-aggTrades-2025-11.parquet,sl0.10_tp0.75_rr7.50,0.1,0.75,7.5,105,40.552759799998896,0.3862167599999895,17.142857142857142,30.55281959999889,16,42,45,105,0,4.21247989999938
BTCUSDT-aggTrades-2025-11.parquet,sl0.10_tp1.10_rr11.00,0.1,1.1,11.0,105,40.552759799998896,0.3862167599999895,17.142857142857142,30.55281959999889,16,42,45,105,0,4.3670177000003605
BTCUSDT-aggTrades-2025-11.parquet,sl0.10_tp1.50_rr15.00,0.1,1.5,15.0,105,40.552759799998896,0.3862167599999895,17.142857142857142,30.55281959999889,16,42,45,105,0,4.093742300000486
BTCUSDT-aggTrades-2025-11.parquet,sl0.10_tp2.00_rr20.00,0.1,2.0,20.0,105,40.552759799998896,0.3862167599999895,17.142857142857142,30.55281959999889,16,42,45,105,0,4.329897900000105
BTCUSDT-aggTrades-2025-11.parquet,sl0.15_tp0.25_rr1.67,0.15,0.25,1.6666666666666667,105,40.552759799998896,0.3862167599999895,17.142857142857142,30.55281959999889,16,42,45,105,0,4.206026599999859
BTCUSDT-aggTrades-2025-11.parquet,sl0.15_tp0.40_rr2.67,0.15,0.4,2.666666666666667,105,40.552759799998896,0.3862167599999895,17.142857142857142,30.55281959999889,16,42,45,105,0,4.969618699999955
BTCUSDT-aggTrades-2025-11.parquet,sl0.15_tp0.55_rr3.67,0.15,0.55,3.666666666666667,105,40.552759799998896,0.3862167599999895,17.142857142857142,30.55281959999889,16,42,45,105,0,4.3298902999995335
BTCUSDT-aggTrades-2025-11.parquet,sl0.15_tp0.75_rr5.00,0.15,0.75,5.0,105,40.552759799998896,0.3862167599999895,17.142857142857142,30.55281959999889,16,42,45,105,0,4.443267900000137
BTCUSDT-aggTrades-2025-11.parquet,sl0.15_tp1.10_rr7.33,0.15,1.1,7.333333333333334,105,40.552759799998896,0.3862167599999895,17.142857142857142,30.55281959999889,16,42,45,105,0,4.275929199999155
BTCUSDT-aggTrades-2025-11.parquet,sl0.15_tp1.50_rr10.00,0.15,1.5,10.0,105,40.552759799998896,0.3862167599999895,17.142857142857142,30.55281959999889,16,42,45,105,0,4.3139428000004045
BTCUSDT-aggTrades-2025-11.parquet,sl0.15_tp2.00_rr13.33,0.15,2.0,13.333333333333334,105,40.552759799998896,0.3862167599999895,17.142857142857142,30.55281959999889,16,42,45,105,0,4.2772727999999915
BTCUSDT-aggTrades-2025-11.parquet,sl0.25_tp0.40_rr1.60,0.25,0.4,1.6,105,40.552759799998896,0.3862167599999895,17.142857142857142,30.55281959999889,16,42,45,105,0,4.2789441000004445
BTCUSDT-aggTrades-2025-11.parquet,sl0.25_tp0.55_rr2.20,0.25,0.55,2.2,105,40.552759799998896,0.3862167599999895,17.142857142857142,30.55281959999889,16,42,45,105,0,4.419178699999975
BTCUSDT-aggTrades-2025-11.parquet,sl0.25_tp0.75_rr3.00,0.25,0.75,3.0,105,40.552759799998896,0.3862167599999895,17.142857142857142,30.55281959999889,16,42,45,105,0,4.551824800000759
BTCUSDT-aggTrades-2025-11.parquet,sl0.25_tp1.10_rr4.40,0.25,1.1,4.4,105,40.552759799998896,0.3862167599999895,17.142857142857142,30.55281959999889,16,42,45,105,0,4.308152799999334
BTCUSDT-aggTrades-2025-11.parquet,sl0.25_tp1.50_rr6.00,0.25,1.5,6.0,105,40.552759799998896,0.3862167599999895,17.142857142857142,30.55281959999889,16,42,45,105,0,4.1862701999998535
BTCUSDT-aggTrades-2025-11.parquet,sl0.25_tp2.00_rr8.00,0.25,2.0,8.0,105,40.552759799998896,0.3862167599999895,17.142857142857142,30.55281959999889,16,42,45,105,0,4.6140733000002
BTCUSDT-aggTrades-2025-11.parquet,sl0.40_tp0.75_rr1.88,0.4,0.75,1.875,105,40.552759799998896,0.3862167599999895,17.142857142857142,30.55281959999889,16,42,45,105,0,4.501508700000159
BTCUSDT-aggTrades-2025-11.parquet,sl0.40_tp1.10_rr2.75,0.4,1.1,2.75,105,40.552759799998896,0.3862167599999895,17.142857142857142,30.55281959999889,16,42,45,105,0,4.468407299999853
BTCUSDT-aggTrades-2025-11.parquet,sl0.40_tp1.50_rr3.75,0.4,1.5,3.75,105,40.552759799998896,0.3862167599999895,17.142857142857142,30.55281959999889,16,42,45,105,0,4.594110000000001
BTCUSDT-aggTrades-2025-11.parquet,sl0.40_tp2.00_rr5.00,0.4,2.0,5.0,105,40.552759799998896,0.3862167599999895,17.142857142857142,30.55281959999889,16,42,45,105,0,4.218436699999984
BTCUSDT-aggTrades-2026-02.parquet,sl0.10_tp0.25_rr2.50,0.1,0.25,2.5,68,9.596616700000117,0.14112671617647232,10.294117647058824,4.816133400000117,5,29,32,68,0,3.179740500000662
BTCUSDT-aggTrades-2026-02.parquet,sl0.10_tp0.40_rr4.00,0.1,0.4,4.0,68,9.596616700000117,0.14112671617647232,10.294117647058824,4.816133400000117,5,29,32,68,0,3.2675226000001203
BTCUSDT-aggTrades-2026-02.parquet,sl0.10_tp0.55_rr5.50,0.1,0.55,5.5,68,9.596616700000117,0.14112671617647232,10.294117647058824,4.816133400000117,5,29,32,68,0,3.2234415000002627
BTCUSDT-aggTrades-2026-02.parquet,sl0.10_tp0.75_rr7.50,0.1,0.75,7.5,68,9.596616700000117,0.14112671617647232,10.294117647058824,4.816133400000117,5,29,32,68,0,3.2293079999999463
BTCUSDT-aggTrades-2026-02.parquet,sl0.10_tp1.10_rr11.00,0.1,1.1,11.0,68,9.596616700000117,0.14112671617647232,10.294117647058824,4.816133400000117,5,29,32,68,0,3.130526599999939
BTCUSDT-aggTrades-2026-02.parquet,sl0.10_tp1.50_rr15.00,0.1,1.5,15.0,68,9.596616700000117,0.14112671617647232,10.294117647058824,4.816133400000117,5,29,32,68,0,3.3130553999999393
BTCUSDT-aggTrades-2026-02.parquet,sl0.10_tp2.00_rr20.00,0.1,2.0,20.0,68,9.596616700000117,0.14112671617647232,10.294117647058824,4.816133400000117,5,29,32,68,0,3.193268299999545
BTCUSDT-aggTrades-2026-02.parquet,sl0.15_tp0.25_rr1.67,0.15,0.25,1.6666666666666667,68,9.596616700000117,0.14112671617647232,10.294117647058824,4.816133400000117,5,29,32,68,0,3.2716105999998035
BTCUSDT-aggTrades-2026-02.parquet,sl0.15_tp0.40_rr2.67,0.15,0.4,2.666666666666667,68,9.596616700000117,0.14112671617647232,10.294117647058824,4.816133400000117,5,29,32,68,0,3.0892063000001144
BTCUSDT-aggTrades-2026-02.parquet,sl0.15_tp0.55_rr3.67,0.15,0.55,3.666666666666667,68,9.596616700000117,0.14112671617647232,10.294117647058824,4.816133400000117,5,29,32,68,0,3.145050199999787
BTCUSDT-aggTrades-2026-02.parquet,sl0.15_tp0.75_rr5.00,0.15,0.75,5.0,68,9.596616700000117,0.14112671617647232,10.294117647058824,4.816133400000117,5,29,32,68,0,3.281011000000035
BTCUSDT-aggTrades-2026-02.parquet,sl0.15_tp1.10_rr7.33,0.15,1.1,7.333333333333334,68,9.596616700000117,0.14112671617647232,10.294117647058824,4.816133400000117,5,29,32,68,0,3.213210799999615
BTCUSDT-aggTrades-2026-02.parquet,sl0.15_tp1.50_rr10.00,0.15,1.5,10.0,68,9.596616700000117,0.14112671617647232,10.294117647058824,4.816133400000117,5,29,32,68,0,3.0684879000000365
BTCUSDT-aggTrades-2026-02.parquet,sl0.15_tp2.00_rr13.33,0.15,2.0,13.333333333333334,68,9.596616700000117,0.14112671617647232,10.294117647058824,4.816133400000117,5,29,32,68,0,3.283283599999777
BTCUSDT-aggTrades-2026-02.parquet,sl0.25_tp0.40_rr1.60,0.25,0.4,1.6,68,9.596616700000117,0.14112671617647232,10.294117647058824,4.816133400000117,5,29,32,68,0,2.8977783000000272
BTCUSDT-aggTrades-2026-02.parquet,sl0.25_tp0.55_rr2.20,0.25,0.55,2.2,68,9.596616700000117,0.14112671617647232,10.294117647058824,4.816133400000117,5,29,32,68,0,2.8808790000002773
BTCUSDT-aggTrades-2026-02.parquet,sl0.25_tp0.75_rr3.00,0.25,0.75,3.0,68,9.596616700000117,0.14112671617647232,10.294117647058824,4.816133400000117,5,29,32,68,0,3.347608500000206
BTCUSDT-aggTrades-2026-02.parquet,sl0.25_tp1.10_rr4.40,0.25,1.1,4.4,68,9.596616700000117,0.14112671617647232,10.294117647058824,4.816133400000117,5,29,32,68,0,3.1810270999994827
BTCUSDT-aggTrades-2026-02.parquet,sl0.25_tp1.50_rr6.00,0.25,1.5,6.0,68,9.596616700000117,0.14112671617647232,10.294117647058824,4.816133400000117,5,29,32,68,0,3.0416270999994595
BTCUSDT-aggTrades-2026-02.parquet,sl0.25_tp2.00_rr8.00,0.25,2.0,8.0,68,9.596616700000117,0.14112671617647232,10.294117647058824,4.816133400000117,5,29,32,68,0,3.195257800000036
BTCUSDT-aggTrades-2026-02.parquet,sl0.40_tp0.75_rr1.88,0.4,0.75,1.875,68,9.596616700000117,0.14112671617647232,10.294117647058824,4.816133400000117,5,29,32,68,0,3.0373681000000943
BTCUSDT-aggTrades-2026-02.parquet,sl0.40_tp1.10_rr2.75,0.4,1.1,2.75,68,9.596616700000117,0.14112671617647232,10.294117647058824,4.816133400000117,5,29,32,68,0,3.0780803000006927
BTCUSDT-aggTrades-2026-02.parquet,sl0.40_tp1.50_rr3.75,0.4,1.5,3.75,68,9.596616700000117,0.14112671617647232,10.294117647058824,4.816133400000117,5,29,32,68,0,2.8225282000003062
BTCUSDT-aggTrades-2026-02.parquet,sl0.40_tp2.00_rr5.00,0.4,2.0,5.0,68,9.596616700000117,0.14112671617647232,10.294117647058824,4.816133400000117,5,29,32,68,0,3.162250000000313
BTCUSDT-aggTrades-2026-05.parquet,sl0.10_tp0.25_rr2.50,0.1,0.25,2.5,43,7.985021900000335,0.18569818372093802,13.953488372093023,4.622543800000336,5,21,16,43,0,3.6376013999997667
BTCUSDT-aggTrades-2026-05.parquet,sl0.10_tp0.40_rr4.00,0.1,0.4,4.0,43,7.985021900000335,0.18569818372093802,13.953488372093023,4.622543800000336,5,21,16,43,0,3.6885167999998885
BTCUSDT-aggTrades-2026-05.parquet,sl0.10_tp0.55_rr5.50,0.1,0.55,5.5,43,7.985021900000335,0.18569818372093802,13.953488372093023,4.622543800000336,5,21,16,43,0,3.4083418999998685
BTCUSDT-aggTrades-2026-05.parquet,sl0.10_tp0.75_rr7.50,0.1,0.75,7.5,43,7.985021900000335,0.18569818372093802,13.953488372093023,4.622543800000336,5,21,16,43,0,3.5621131000007153
BTCUSDT-aggTrades-2026-05.parquet,sl0.10_tp1.10_rr11.00,0.1,1.1,11.0,43,7.985021900000335,0.18569818372093802,13.953488372093023,4.622543800000336,5,21,16,43,0,3.7747229999995398
BTCUSDT-aggTrades-2026-05.parquet,sl0.10_tp1.50_rr15.00,0.1,1.5,15.0,43,7.985021900000335,0.18569818372093802,13.953488372093023,4.622543800000336,5,21,16,43,0,3.764650900000561
BTCUSDT-aggTrades-2026-05.parquet,sl0.10_tp2.00_rr20.00,0.1,2.0,20.0,43,7.985021900000335,0.18569818372093802,13.953488372093023,4.622543800000336,5,21,16,43,0,3.634178699999211
BTCUSDT-aggTrades-2026-05.parquet,sl0.15_tp0.25_rr1.67,0.15,0.25,1.6666666666666667,43,7.985021900000335,0.18569818372093802,13.953488372093023,4.622543800000336,5,21,16,43,0,3.7067580000002636
BTCUSDT-aggTrades-2026-05.parquet,sl0.15_tp0.40_rr2.67,0.15,0.4,2.666666666666667,43,7.985021900000335,0.18569818372093802,13.953488372093023,4.622543800000336,5,21,16,43,0,3.579831000000013
BTCUSDT-aggTrades-2026-05.parquet,sl0.15_tp0.55_rr3.67,0.15,0.55,3.666666666666667,43,7.985021900000335,0.18569818372093802,13.953488372093023,4.622543800000336,5,21,16,43,0,3.730501600000025
BTCUSDT-aggTrades-2026-05.parquet,sl0.15_tp0.75_rr5.00,0.15,0.75,5.0,43,7.985021900000335,0.18569818372093802,13.953488372093023,4.622543800000336,5,21,16,43,0,3.61902259999988
BTCUSDT-aggTrades-2026-05.parquet,sl0.15_tp1.10_rr7.33,0.15,1.1,7.333333333333334,43,7.985021900000335,0.18569818372093802,13.953488372093023,4.622543800000336,5,21,16,43,0,3.7005278000006
BTCUSDT-aggTrades-2026-05.parquet,sl0.15_tp1.50_rr10.00,0.15,1.5,10.0,43,7.985021900000335,0.18569818372093802,13.953488372093023,4.622543800000336,5,21,16,43,0,3.470279799999844
BTCUSDT-aggTrades-2026-05.parquet,sl0.15_tp2.00_rr13.33,0.15,2.0,13.333333333333334,43,7.985021900000335,0.18569818372093802,13.953488372093023,4.622543800000336,5,21,16,43,0,3.714299999999639
BTCUSDT-aggTrades-2026-05.parquet,sl0.25_tp0.40_rr1.60,0.25,0.4,1.6,43,7.985021900000335,0.18569818372093802,13.953488372093023,4.622543800000336,5,21,16,43,0,3.4836448000005475
BTCUSDT-aggTrades-2026-05.parquet,sl0.25_tp0.55_rr2.20,0.25,0.55,2.2,43,7.985021900000335,0.18569818372093802,13.953488372093023,4.622543800000336,5,21,16,43,0,3.712624199999482
BTCUSDT-aggTrades-2026-05.parquet,sl0.25_tp0.75_rr3.00,0.25,0.75,3.0,43,7.985021900000335,0.18569818372093802,13.953488372093023,4.622543800000336,5,21,16,43,0,3.807796999999482
BTCUSDT-aggTrades-2026-05.parquet,sl0.25_tp1.10_rr4.40,0.25,1.1,4.4,43,7.985021900000335,0.18569818372093802,13.953488372093023,4.622543800000336,5,21,16,43,0,3.7166988999997557
BTCUSDT-aggTrades-2026-05.parquet,sl0.25_tp1.50_rr6.00,0.25,1.5,6.0,43,7.985021900000335,0.18569818372093802,13.953488372093023,4.622543800000336,5,21,16,43,0,3.8961978999996063
BTCUSDT-aggTrades-2026-05.parquet,sl0.25_tp2.00_rr8.00,0.25,2.0,8.0,43,7.985021900000335,0.18569818372093802,13.953488372093023,4.622543800000336,5,21,16,43,0,3.6804565000002185
BTCUSDT-aggTrades-2026-05.parquet,sl0.40_tp0.75_rr1.88,0.4,0.75,1.875,43,7.985021900000335,0.18569818372093802,13.953488372093023,4.622543800000336,5,21,16,43,0,3.771913399999903
BTCUSDT-aggTrades-2026-05.parquet,sl0.40_tp1.10_rr2.75,0.4,1.1,2.75,43,7.985021900000335,0.18569818372093802,13.953488372093023,4.622543800000336,5,21,16,43,0,3.7953880000004574
BTCUSDT-aggTrades-2026-05.parquet,sl0.40_tp1.50_rr3.75,0.4,1.5,3.75,43,7.985021900000335,0.18569818372093802,13.953488372093023,4.622543800000336,5,21,16,43,0,3.6618795000003956
BTCUSDT-aggTrades-2026-05.parquet,sl0.40_tp2.00_rr5.00,0.4,2.0,5.0,43,7.985021900000335,0.18569818372093802,13.953488372093023,4.622543800000336,5,21,16,43,0,3.6804229999997915
