file,direction,exit_reason,pnl_usd,fee_usd,net_pnl_usd,hold_secs,stop_usd,target_usd
2025-04,long,inv,-0.1907163999999913,0.0781164,-0.2688327999999913,73024.0,488.49999999998545,5861.999999999825
2025-04,short,sl,-0.349785,0.074785,-0.42457,84.0,275.0,3300.0
2025-04,short,sl,-0.43461529999998544,0.07611530000000001,-0.5107305999999855,1164.0,358.49999999998545,4301.999999999825
2025-04,short,inv,-0.09057599999999709,0.076876,-0.1674519999999971,0.0,188.49999999998545,2261.9999999998254
2025-04,short,inv,-0.1495487999999971,0.07734880000000001,-0.2268975999999971,5.0,402.5,4830.0
2025-04,short,sl,-0.23344610000001453,0.0769461,-0.31039220000001455,30.0,156.50000000001455,1878.0000000001746
2025-04,long,inv,-0.16931730000000292,0.07751730000000001,-0.24683460000000293,36.0,470.0,5640.0
2025-04,long,inv,-0.11526800000000584,0.07716800000000001,-0.19243600000000585,129.0,228.0000000000291,2736.0000000003492
2025-04,short,inv,-0.1082440999999942,0.07784410000000001,-0.1860881999999942,7462.0,125.99999999998545,1511.9999999998254
2025-04,short,inv,-0.19828329999999417,0.0778833,-0.27616659999999416,28.0,215.99999999998545,2591.9999999998254
2025-04,short,inv,-0.12572669999999708,0.0785267,-0.2042533999999971,6.0,260.0,3120.0
2025-04,long,tp,2.737607999999651,0.076392,2.6612159999996514,16745.0,234.4999999999709,2813.9999999996508
2025-04,long,tp,2.6037047000006983,0.0782953,2.525409400000698,358.0,223.5000000000582,2682.0000000006985
2025-04,long,tp,3.2822799,0.0777201,3.2045597999999997,4327.0,280.0,3360.0
2025-04,long,tp,3.5104209000001747,0.07757910000000001,3.432841800000175,3657.0,299.00000000001455,3588.0000000001746
2025-04,long,sl,-0.2736777999999855,0.08267780000000001,-0.3563555999999855,76.0,190.99999999998545,2291.9999999998254
2025-04,short,sl,-0.2038572999999418,0.08235730000000001,-0.2862145999999418,521.0,121.49999999994179,1457.9999999993015
2025-04,long,inv,-0.11125730000000292,0.08295730000000001,-0.19421460000000293,26.0,142.5,1710.0
2025-04,long,sl,-0.640085299999971,0.0830853,-0.723170599999971,10192.0,556.9999999999709,6683.999999999651
2025-04,short,sl,-0.22600919999997088,0.08150919999999999,-0.3075183999999709,165.0,144.4999999999709,1733.9999999996508
2025-04,long,inv,-0.19635100000000583,0.078751,-0.27510200000000584,248.0,597.0000000000437,7164.000000000524
2025-04,long,inv,-0.11297320000000291,0.0791732,-0.1921464000000029,24.0,100.5000000000291,1206.0000000003492
2025-04,short,inv,-0.11316659999999418,0.0792666,-0.1924331999999942,6.0,200.0,2400.0
2025-04,long,inv,-0.08961569999999709,0.0794157,-0.1690313999999971,7.0,105.5000000000291,1266.0000000003492
2025-04,long,sl,-0.34273649999998546,0.0792365,-0.42197299999998544,24228.0,263.49999999998545,3161.9999999998254
2025-04,short,inv,-0.13928010000000002,0.08028010000000001,-0.21956020000000004,365.0,255.5000000000291,3066.0000000003492
2025-04,short,inv,-0.1094795999999971,0.08077960000000001,-0.1902591999999971,1.0,189.00000000001455,2268.0000000001746
2025-04,long,tp,1.4914562000006986,0.08054380000000001,1.4109124000006985,14892.0,131.0000000000582,1572.0000000006985
2025-04,long,sl,-0.1876908,0.08269080000000001,-0.2703816,1199.0,105.0,1260.0
2025-04,short,inv,-0.14388650000000583,0.0822865,-0.22617300000000584,40.0,297.5,3570.0
2025-04,long,tp,2.535372100000349,0.0806279,2.454744200000349,37206.0,218.0000000000291,2616.0000000003492
2025-04,long,inv,-0.22042380000000295,0.08212380000000001,-0.30254760000000297,48.0,736.9999999999709,8843.99999999965
2025-04,short,inv,-0.13506240000000583,0.0824624,-0.21752480000000585,181.0,281.50000000001455,3378.0000000001746
2025-04,long,tp,3.015125700000349,0.08087430000000001,2.934251400000349,34951.0,258.0000000000291,3096.0000000003492
2025-04,long,inv,-0.11855239999999417,0.0856524,-0.2042047999999942,2.0,225.5000000000291,2706.0000000003492
2025-04,long,inv,-0.10382899999999418,0.084929,-0.18875799999999418,18.0,172.99999999995634,2075.999999999476
2025-04,short,inv,-0.1105296999999971,0.08532970000000001,-0.1958593999999971,0.0,387.99999999995634,4655.999999999476
2025-04,short,sl,-0.31615740000000003,0.08365739999999999,-0.3998148,36.0,232.5,2790.0
2025-04,short,sl,-0.2592480000000291,0.083748,-0.3429960000000291,113.0,175.5000000000291,2106.0000000003492
2025-04,long,sl,-0.3265318999999709,0.0845319,-0.4110637999999709,88158.0,241.9999999999709,2903.9999999996508
2025-04,short,inv,-0.13002490000001163,0.0848249,-0.21484980000001164,43.0,235.0,2820.0
2025-04,long,sl,-0.20943969999997092,0.08743970000000001,-0.2968793999999709,231.0,121.9999999999709,1463.9999999996508
2025-04,short,inv,-0.10642760000000001,0.08792760000000001,-0.1943552,16.0,129.50000000004366,1554.0000000005239
2025-04,long,sl,-0.25406669999998543,0.0880667,-0.34213339999998543,1333.0,165.99999999998545,1991.9999999998254
2025-04,long,sl,-0.9823906,0.08739060000000001,-1.0697812,10464.0,895.0,10740.0
2025-04,short,sl,-0.5663999000000437,0.0868999,-0.6532998000000437,8109.0,479.50000000004366,5754.000000000524
2025-04,long,sl,-0.3196739999999709,0.090174,-0.4098479999999709,424.0,229.4999999999709,2753.9999999996508
2025-04,short,inv,-0.10971829999999419,0.0903183,-0.20003659999999418,8.0,151.50000000001455,1818.0000000001746
2025-04,long,tp,3.4404464999993016,0.0875535,3.352892999999302,50357.0,293.9999999999418,3527.9999999993015
2025-04,long,sl,-0.2126331999999709,0.09063320000000001,-0.3032663999999709,2745.0,121.9999999999709,1463.9999999996508
2025-04,short,inv,-0.1266761,0.09117610000000001,-0.21785220000000002,31.0,188.5000000000582,2262.0000000006985
2025-04,long,tp,1.7583157000001746,0.08968430000000001,1.6686314000001745,15901.0,154.00000000001455,1848.0000000001746
2025-04,short,sl,-0.201268,0.091268,-0.292536,3689.0,110.0,1320.0
2025-04,short,inv,-0.15540299999999418,0.091503,-0.24690599999999419,291.0,220.99999999998545,2651.9999999998254
2025-04,long,tp,4.176024600000349,0.0899754,4.086049200000349,64815.0,355.5000000000291,4266.000000000349
2025-04,long,tp,4.1098913,0.0901087,4.0197826,65270.0,350.0,4200.0
2025-04,short,sl,-0.32232000000000005,0.09232000000000001,-0.41464000000000006,235.0,230.0,2760.0
2025-04,long,inv,-0.12153610000000292,0.09273610000000002,-0.21427220000000294,46.0,169.00000000001455,2028.0000000001746
2025-04,long,inv,-0.11619989999999708,0.0934999,-0.20969979999999708,7093.0,110.99999999998545,1331.9999999998254
2025-04,short,sl,-0.5014881999999854,0.0929882,-0.5944763999999854,5578.0,408.49999999998545,4901.999999999825
2025-04,short,sl,-0.21426049999998548,0.09326050000000001,-0.3075209999999855,4503.0,120.99999999998545,1451.9999999998254
2025-04,short,sl,-0.5145044000000292,0.09400439999999999,-0.6085088000000292,13913.0,420.5000000000291,5046.000000000349
2025-04,short,inv,-0.1524187999999971,0.0952188,-0.24763759999999713,161.0,307.5,3690.0
2025-04,short,sl,-0.37311150000002913,0.09511150000000002,-0.46822300000002914,1342.0,278.0000000000291,3336.0000000003492
2025-04,short,inv,-0.14878240000000292,0.0949824,-0.24376480000000292,3447.0,247.99999999995634,2975.999999999476
2025-04,short,sl,-0.22097660000001457,0.09447660000000001,-0.3154532000000146,1520.0,126.50000000001455,1518.0000000001746
2025-04,short,inv,-0.12387050000000001,0.09387050000000001,-0.21774100000000002,767.0,200.0,2400.0
2025-04,long,inv,-0.10934519999999709,0.0936452,-0.20299039999999707,38.0,113.0000000000291,1356.0000000003492
2025-05,long,sl,-0.397788,0.097788,-0.49557599999999996,584.0,300.0,3600.0
2025-05,long,sl,-0.3572563000000291,0.09675630000000002,-0.45401260000002913,40623.0,260.5000000000291,3126.0000000003492
2025-05,short,sl,-0.22085379999998545,0.0948538,-0.31570759999998543,132.0,125.99999999998545,1511.9999999998254
2025-05,long,inv,-0.1171168,0.0946168,-0.2117336,5.0,155.49999999995634,1865.9999999994761
2025-05,long,tp,2.2814457000003494,0.0945543,2.1868914000003494,22221.0,198.0000000000291,2376.0000000003492
2025-05,short,sl,-0.4747652,0.0972652,-0.5720304,368209.0,377.5,4530.0
2025-05,long,inv,-0.13635889999999418,0.0969589,-0.2333177999999942,312.0,253.49999999998545,3041.9999999998254
2025-05,short,sl,-0.23945469999998545,0.0959547,-0.3354093999999854,203.0,143.49999999998545,1721.9999999998254
2025-05,short,inv,-0.15584990000001164,0.09664990000000001,-0.25249980000001165,361.0,317.5,3810.0
2025-05,short,inv,-0.1507329000000029,0.09893289999999999,-0.24966580000000288,185.0,317.5,3810.0
2025-05,long,sl,-0.2530979000000291,0.10259789999999999,-0.3556958000000291,2414.0,150.5000000000291,1806.0000000003492
2025-05,long,inv,-0.14325189999999127,0.1026519,-0.2459037999999913,1.0,352.99999999995634,4235.999999999476
2025-05,short,inv,-0.14219890000000873,0.10229890000000001,-0.24449780000000876,69.0,188.49999999998545,2261.9999999998254
2025-05,short,sl,-0.41981320000004363,0.1028132,-0.5226264000000436,6212.0,317.00000000004366,3804.000000000524
2025-05,long,tp,9.850041100000174,0.0979589,9.752082200000174,1139008.0,829.0000000000146,9948.000000000175
2025-05,short,inv,-0.12787609999999128,0.11077610000000002,-0.2386521999999913,240.0,111.50000000001455,1338.0000000001746
2025-05,long,inv,-0.2450317999999971,0.11133180000000001,-0.3563635999999971,18.0,659.4999999999709,7913.999999999651
2025-05,long,inv,-0.13625089999999418,0.1108509,-0.24710179999999418,27.0,179.4999999999709,2153.9999999996508
2025-05,long,inv,-0.22159550000000583,0.11099550000000001,-0.33259100000000585,370.0,578.5000000000582,6942.0000000006985
2025-05,short,inv,-0.1355277,0.1110277,-0.24655539999999998,7.0,145.49999999995634,1745.9999999994761
2025-05,short,sl,-0.2883648999999709,0.11136489999999999,-0.3997297999999709,2582.0,176.9999999999709,2123.9999999996508
2025-05,short,sl,-0.34670399999998547,0.11070400000000001,-0.4574079999999855,13610.0,235.99999999998545,2831.9999999998254
2025-05,long,inv,-0.1614256999999971,0.10722570000000001,-0.2686513999999971,55.0,288.49999999998545,3461.9999999998254
2025-05,short,sl,-0.49171700000001456,0.10771700000000001,-0.5994340000000146,11263.0,384.00000000001455,4608.000000000175
2025-05,short,sl,-0.2580407999999418,0.10904080000000001,-0.3670815999999418,491.0,148.9999999999418,1787.9999999993015
2025-05,long,sl,-0.6870846999999418,0.1105847,-0.7976693999999418,278.0,576.4999999999418,6917.9999999993015
2025-05,long,sl,-0.6739589000000582,0.1104589,-0.7844178000000582,1257.0,563.5000000000582,6762.0000000006985
2025-05,short,inv,-0.12985249999999418,0.10995250000000001,-0.2398049999999942,12.0,112.5,1350.0
2025-05,long,inv,-0.1903300000000029,0.10903,-0.2993600000000029,26222.0,424.50000000004366,5094.000000000524
2025-05,long,inv,-0.10579939999998836,0.1099994,-0.21579879999998836,0.0,160.49999999995634,1925.9999999994761
2025-05,long,sl,-0.6657799999999564,0.11028,-0.7760599999999565,7153.0,555.4999999999563,6665.999999999476
2025-05,short,sl,-0.2721276999999418,0.10812770000000001,-0.3802553999999418,1404.0,163.9999999999418,1967.9999999993015
2025-05,short,inv,-0.14257770000000292,0.1087777,-0.2513554000000029,83.0,172.5,2070.0
2025-05,short,inv,-0.2297054999999971,0.1075055,-0.3372109999999971,84.0,635.9999999999854,7631.999999999825
2025-05,long,inv,-0.17432550000000582,0.1067255,-0.2810510000000058,112.0,355.5000000000291,4266.000000000349
2025-05,long,inv,-0.11655110000000875,0.10615110000000001,-0.22270220000000876,110.0,140.0,1680.0
2025-05,long,inv,-0.13629230000000292,0.1059923,-0.2422846000000029,199.0,181.9999999999709,2183.9999999996508
2025-05,long,inv,-0.1179779999999971,0.10577800000000001,-0.22375599999999712,15.0,105.0,1260.0
2025-05,long,inv,-0.12337689999998835,0.1050769,-0.22845379999998836,23334.0,130.99999999998545,1571.9999999998254
2025-05,long,inv,-0.12690250000000292,0.1056025,-0.2325050000000029,101.0,128.49999999998545,1541.9999999998254
2025-05,long,inv,-0.11136169999999128,0.10526170000000001,-0.2166233999999913,0.0,142.99999999995634,1715.9999999994761
2025-05,long,inv,-0.1490862999999971,0.1053863,-0.2544725999999971,59.0,226.4999999999418,2717.9999999993015
2025-05,long,sl,-0.22139900000001456,0.104899,-0.3262980000000146,295.0,116.50000000001455,1398.0000000001746
2025-05,long,sl,-0.26001099999995636,0.10451099999999999,-0.3645219999999564,1463.0,155.49999999995634,1865.9999999994761
2025-05,long,sl,-0.291833,0.104333,-0.396166,15907.0,187.5,2250.0
2025-05,short,sl,-0.22486829999998548,0.10386830000000001,-0.3287365999999855,463.0,120.99999999998545,1451.9999999998254
2025-05,short,inv,-0.11392829999999127,0.1038283,-0.21775659999999125,1.0,128.9999999999418,1547.9999999993015
2025-05,short,sl,-0.8918999000000292,0.1038999,-0.9957998000000292,57615.0,788.0000000000291,9456.00000000035
2025-05,short,eod,6.736307599999997,0.1113924,6.624915199999998,768019.0,793.4999999999854,9521.999999999825
2025-05,short,eod,2.2246238000000003,0.1068762,2.1177476000000004,200345.0,343.5000000000582,4122.0000000006985
2025-05,short,eod,2.1209275999999972,0.10677239999999999,2.014155199999997,199646.0,378.9999999999418,4547.9999999993015
2025-05,short,eod,1.7413075999999972,0.1063924,1.6349151999999971,193349.0,381.9999999999709,4583.999999999651
2025-10,long,sl,-0.3426177000000291,0.1171177,-0.4597354000000291,12378.0,225.5000000000291,2706.0000000003492
2025-10,short,inv,-0.14461170000000292,0.1193117,-0.2639234000000029,52.0,132.5,1590.0
2025-10,long,tp,1.9397283000001748,0.1182717,1.8214566000001748,69139.0,171.50000000001455,2058.0000000001746
2025-10,long,sl,-0.5196686000000146,0.12316860000000002,-0.6428372000000147,468.0,396.50000000001455,4758.000000000175
2025-10,long,sl,-0.5028005000000145,0.12380050000000001,-0.6266010000000145,3012.0,379.00000000001455,4548.000000000175
2025-10,long,sl,-0.2954177000000291,0.12491769999999999,-0.4203354000000291,217.0,170.5000000000291,2046.0000000003492
2025-10,long,sl,-0.3676118,0.1251118,-0.4927236,653.0,242.5,2910.0
2025-10,short,inv,-0.15088920000000872,0.1254892,-0.2763784000000087,4.0,151.0000000000582,1812.0000000006985
2025-10,short,inv,-0.16429190000001165,0.1255919,-0.2898838000000117,4727.0,210.0,2520.0
2025-10,long,inv,-0.18107519999999128,0.1254752,-0.3065503999999913,126.0,275.0,3300.0
2025-10,long,inv,-0.16668619999999418,0.1247862,-0.2914723999999942,2049.0,221.50000000001455,2658.0000000001746
2025-10,long,sl,-0.42496210000002915,0.1244621,-0.5494242000000291,48673.0,300.5000000000291,3606.0000000003492
2025-10,long,inv,-0.19260980000000294,0.12430980000000001,-0.31691960000000297,1087.0,373.0000000000291,4476.000000000349
2025-10,short,sl,-0.2245752,0.1245752,-0.34915039999999997,14.0,100.0,1200.0
2025-10,long,inv,-0.20008889999999419,0.12168889999999999,-0.3217777999999942,1188.0,412.5,4950.0
2025-10,short,inv,-0.2099339999999971,0.12273400000000001,-0.3326679999999971,54.0,483.49999999998545,5801.999999999825
2025-10,long,inv,-0.19292719999999128,0.12232720000000001,-0.3152543999999913,51.0,394.4999999999709,4733.999999999651
2025-10,short,sl,-0.7258829999999855,0.12238299999999999,-0.8482659999999855,7908.0,603.4999999999854,7241.999999999825
2025-10,short,inv,-0.1555605,0.1235605,-0.279121,8.0,210.99999999998545,2531.9999999998254
2025-10,long,sl,-0.5026601000000146,0.12366010000000002,-0.6263202000000146,6396.0,379.00000000001455,4548.000000000175
2025-10,long,sl,-0.7001789,0.12267890000000001,-0.8228578000000001,34846.0,577.5,6930.0
2025-10,short,inv,-0.14935550000000583,0.1232555,-0.2726110000000058,2.0,127.5,1530.0
2025-10,long,inv,-0.14104049999999418,0.12114050000000001,-0.2621809999999942,757.0,133.9999999999418,1607.9999999993015
2025-10,short,inv,-0.17690359999999128,0.12080360000000001,-0.2977071999999913,3389.0,295.99999999998545,3551.9999999998254
2025-10,long,inv,-0.14587350000000582,0.1212735,-0.2671470000000058,33.0,154.50000000004366,1854.0000000005239
2025-10,short,tp,2.6568094000001747,0.12119060000000001,2.535618800000175,8396.0,231.50000000001455,2778.0000000001746
2025-10,long,inv,-0.09399380000000002,0.11849380000000001,-0.21248760000000003,0.0,232.5,2790.0
2025-10,short,sl,-0.42986719999998546,0.1163672,-0.5462343999999855,173.0,313.49999999998545,3761.9999999998254
2025-10,short,inv,-0.14629500000000584,0.11669500000000001,-0.26299000000000583,21.0,168.0000000000291,2016.0000000003492
2025-10,short,tp,4.296531599999477,0.1194684,4.177063199999477,19523.0,367.99999999995634,4415.999999999476
2025-10,short,tp,7.924272000000349,0.12172800000000002,7.802544000000349,24373.0,670.5000000000291,8046.000000000349
2025-10,long,inv,-0.13838530000000582,0.1142853,-0.25267060000000585,53.0,132.5,1590.0
2025-10,short,inv,-0.13181840000000583,0.11221840000000001,-0.24403680000000583,1479.0,105.0,1260.0
2025-10,long,inv,-0.1383519,0.1118519,-0.2502038,1220.0,137.00000000004366,1644.0000000005239
2025-10,long,inv,-0.1144406,0.10594060000000001,-0.2203812,0.0,132.99999999995634,1595.9999999994761
2025-10,short,sl,-0.3681247999999418,0.1041248,-0.4722495999999418,246.0,263.9999999999418,3167.9999999993015
2025-10,long,inv,-0.16298039999998837,0.10468039999999999,-0.2676607999999884,595.0,297.99999999995634,3575.999999999476
2025-10,long,sl,-0.9296693000000582,0.10616930000000001,-1.0358386000000581,3496.0,823.5000000000582,9882.000000000698
2025-10,short,inv,-0.24681909999999127,0.10571910000000001,-0.35253819999999125,4224.0,711.9999999999709,8543.99999999965
2025-10,short,sl,-0.4457170000000291,0.105217,-0.5509340000000291,408.0,340.5000000000291,4086.0000000003492
2025-10,long,inv,-0.1833377000000029,0.1055377,-0.2888754000000029,291.0,508.0000000000291,6096.000000000349
2025-10,long,tp,3.0636815000001745,0.10431850000000001,2.9593630000001743,19261.0,264.00000000001455,3168.0000000001746
2025-10,long,inv,-0.13148200000000002,0.10648200000000001,-0.237964,5.0,172.5,2070.0
2025-10,short,sl,-0.20783160000001455,0.10633160000000001,-0.3141632000000146,737.0,101.50000000001455,1218.0000000001746
2025-10,short,tp,2.6059361000001746,0.1120639,2.4938722000001747,15689.0,226.50000000001455,2718.0000000001746
2025-10,short,inv,-0.1498887999999942,0.10748880000000001,-0.2573775999999942,168.0,271.50000000001455,3258.0000000001746
2025-10,long,sl,-0.48345819999998546,0.1074582,-0.5909163999999855,32742.0,375.99999999998545,4511.999999999825
2025-10,short,sl,-0.29293909999998546,0.10943910000000001,-0.4023781999999855,301.0,183.49999999998545,2201.9999999998254
2025-10,short,sl,-0.33650409999995634,0.11350410000000001,-0.45000819999995634,967.0,222.99999999995634,2675.999999999476
2025-10,short,inv,-0.16408820000000002,0.1145882,-0.27867640000000005,6.0,279.4999999999709,3353.9999999996508
2025-10,long,sl,-0.30407669999998543,0.1155767,-0.4196533999999854,7109.0,188.49999999998545,2261.9999999998254
2025-10,long,sl,-0.3434484000000291,0.11544839999999999,-0.4588968000000291,2246.0,228.0000000000291,2736.0000000003492
2025-10,long,sl,-0.4538674999999855,0.11536750000000001,-0.5692349999999855,1933.0,338.49999999998545,4061.9999999998254
2025-10,short,sl,-0.3782267000000582,0.1147267,-0.4929534000000582,873.0,263.5000000000582,3162.0000000006985
2025-10,short,inv,-0.17281480000000293,0.11501480000000001,-0.28782960000000296,80.0,302.00000000004366,3624.000000000524
2025-10,long,inv,-0.20378800000000583,0.115188,-0.3189760000000058,1033.0,524.5000000000437,6294.000000000524
2025-10,short,tp,1.6860254000000001,0.11397460000000001,1.5720508000000002,5433.0,150.0,1800.0
2025-10,long,inv,-0.1570719,0.1125719,-0.2696438,36.0,243.5000000000582,2922.0000000006985
2025-10,short,inv,-0.1360665999999971,0.11286660000000001,-0.2489331999999971,266.0,119.00000000001455,1428.0000000001746
2025-10,long,inv,-0.1393007000000029,0.1125007,-0.2518014000000029,19.0,201.0000000000582,2412.0000000006985
2025-10,short,sl,-0.23886930000002915,0.11086930000000002,-0.34973860000002915,96.0,128.0000000000291,1536.0000000003492
2025-10,short,inv,-0.1749611,0.11096110000000001,-0.2859222,3384.0,239.00000000001455,2868.0000000001746
2025-10,long,sl,-0.36865060000000005,0.11115060000000002,-0.47980120000000004,9451.0,257.5,3090.0
2025-10,long,sl,-0.7094000000000146,0.11040000000000001,-0.8198000000000146,11030.0,599.0000000000146,7188.000000000175
2025-10,short,sl,-0.23695319999995634,0.1089532,-0.3459063999999563,78.0,127.99999999995634,1535.9999999994761
2025-10,short,inv,-0.1261202999999971,0.10792030000000001,-0.2340405999999971,139.0,157.5,1890.0
2025-10,short,sl,-0.26831200000002914,0.107812,-0.37612400000002916,2438.0,160.5000000000291,1926.0000000003492
2025-10,short,tp,4.4783653,0.1116347,4.3667306,91644.0,382.5,4590.0
2025-10,long,inv,-0.23759910000001166,0.10689910000000001,-0.3444982000000117,619.0,567.0000000000437,6804.000000000524
2025-10,short,sl,-0.4754014000000582,0.1069014,-0.5823028000000582,4942.0,368.5000000000582,4422.0000000006985
2025-10,short,sl,-0.5905621999999855,0.10706220000000001,-0.6976243999999855,8155.0,483.49999999998545,5801.999999999825
2025-10,short,sl,-0.35984719999994175,0.1083472,-0.4681943999999417,38509.0,251.4999999999418,3017.9999999993015
2025-10,short,sl,-0.3186886,0.10868860000000001,-0.4273772,125.0,210.0,2520.0
2025-10,short,sl,-0.7263106000000437,0.10931060000000001,-0.8356212000000437,9114.0,617.0000000000437,7404.000000000524
2025-10,short,sl,-0.30910570000004367,0.1096057,-0.4187114000000437,26.0,199.50000000004366,2394.000000000524
2025-10,long,sl,-0.5188008999999564,0.11080090000000001,-0.6296017999999564,625.0,407.99999999995634,4895.999999999476
2025-10,short,sl,-0.3230616000000146,0.10906160000000001,-0.4321232000000146,593.0,214.00000000001455,2568.0000000001746
2025-10,short,inv,-0.3067771,0.1097771,-0.41655420000000004,262.0,1025.0,12300.0
2025-10,short,eod,2.600030400000003,0.11226960000000001,2.4877608000000033,204891.0,698.4999999999854,8381.999999999825
2025-10,long,eod,1.2951460000000028,0.108154,1.1869920000000027,86987.0,541.0000000000582,6492.0000000006985
2025-10,short,eod,0.5473850999999913,0.1102149,0.4371701999999913,28415.0,250.5000000000291,3006.0000000003492
2025-11,long,inv,-0.1342307,0.1087307,-0.2429614,8.0,140.0,1680.0
2025-11,short,sl,-0.3318618999999709,0.1073619,-0.4392237999999709,2346.0,224.4999999999709,2693.9999999996508
2025-11,long,sl,-0.6048477000000437,0.1078477,-0.7126954000000437,8947.0,497.00000000004366,5964.000000000524
2025-11,long,inv,-0.1435149999999971,0.107315,-0.2508299999999971,15.0,200.0,2400.0
2025-11,long,sl,-0.40754929999995637,0.1070493,-0.5145985999999564,3709.0,300.49999999995634,3605.999999999476
2025-11,short,tp,4.6184197000001745,0.1095803,4.508839400000174,101263.0,394.00000000001455,4728.000000000175
2025-11,short,tp,6.0217276999998255,0.1102723,5.911455399999825,105831.0,510.99999999998545,6131.999999999825
2025-11,long,inv,-0.13068739999999418,0.10378739999999999,-0.23447479999999415,42.0,210.0,2520.0
2025-11,short,sl,-0.3001978999999709,0.10069789999999999,-0.4008957999999709,536.0,199.4999999999709,2393.9999999996508
2025-11,short,sl,-0.9255114000000001,0.1005114,-1.0260228,601.0,825.0,9900.0
2025-11,short,inv,-0.1325903,0.1030903,-0.2356806,7.0,180.99999999998545,2171.9999999998254
2025-11,short,inv,-0.25708949999999997,0.1035895,-0.36067899999999997,1253.0,772.5,9270.0
2025-11,short,inv,-0.159031,0.10353100000000001,-0.262562,3.0,333.0000000000291,3996.0000000003492
2025-11,long,inv,-0.13115660000001167,0.10595660000000001,-0.23711320000001168,70.0,153.5000000000582,1842.0000000006985
2025-11,short,sl,-0.29456869999997093,0.1050687,-0.39963739999997094,1235.0,189.4999999999709,2273.9999999996508
2025-11,short,inv,-0.1296367000000029,0.10533669999999999,-0.23497340000000289,24.0,154.4999999999709,1853.9999999996508
2025-11,short,sl,-0.7169363999999709,0.1049364,-0.821872799999971,5827.0,611.9999999999709,7343.999999999651
2025-11,short,inv,-0.11801340000001165,0.1058134,-0.22382680000001165,3.0,161.50000000001455,1938.0000000001746
2025-11,short,sl,-0.30150329999995634,0.10600330000000001,-0.40750659999995636,486.0,195.49999999995634,2345.999999999476
2025-11,long,inv,-0.1378148999999942,0.1064149,-0.2442297999999942,212.0,169.4999999999709,2033.9999999996508
2025-11,long,sl,-0.5060762999999708,0.1065763,-0.6126525999999708,1971.0,399.4999999999709,4793.999999999651
2025-11,long,sl,-0.5050127000000436,0.1055127,-0.6105254000000436,24783.0,399.50000000004366,4794.000000000524
2025-11,long,sl,-0.2908048000000291,0.1053048,-0.39610960000002915,2727.0,185.5000000000291,2226.0000000003492
2025-11,short,tp,2.336593399999826,0.10540660000000002,2.2311867999998256,43915.0,203.49999999998545,2441.9999999998254
2025-11,long,sl,-0.6948501,0.10485010000000002,-0.7997002000000001,14391.0,590.0,7080.0
2025-11,short,inv,-0.11372479999999129,0.10162480000000002,-0.21534959999999131,428.0,110.49999999995634,1325.9999999994761
2025-11,short,inv,-0.1813819999999942,0.101482,-0.2828639999999942,140.0,396.9999999999709,4763.999999999651
2025-11,short,inv,-0.13057800000000583,0.10247800000000001,-0.23305600000000584,9.0,141.50000000001455,1698.0000000001746
2025-11,long,sl,-1.109446099999971,0.1024461,-1.211892199999971,2295.0,1006.9999999999709,12083.99999999965
2025-11,short,sl,-0.2799968000000146,0.10099680000000001,-0.3809936000000146,90.0,179.00000000001455,2148.0000000001746
2025-11,short,tp,1.1415686999998254,0.10043130000000002,1.0411373999998252,2686.0,103.49999999998545,1241.9999999998254
2025-11,short,tp,1.4481187000001745,0.0998813,1.3482374000001744,2568.0,129.00000000001455,1548.0000000001746
2025-11,short,inv,-0.10360779999999419,0.09870780000000001,-0.2023155999999942,0.0,110.49999999995634,1325.9999999994761
2025-11,long,inv,-0.15042399999999417,0.098524,-0.24894799999999417,5.0,268.49999999998545,3221.9999999998254
2025-11,short,sl,-0.32386310000002916,0.09836310000000001,-0.4222262000000292,162.0,225.5000000000291,2706.0000000003492
2025-11,long,sl,-0.44011770000002914,0.0996177,-0.5397354000000292,3751.0,340.5000000000291,4086.0000000003492
2025-11,long,sl,-0.3193971,0.09939710000000002,-0.4187942,132.0,220.0,2640.0
2025-11,long,sl,-0.26553979999998545,0.0995398,-0.36507959999998546,108.0,165.99999999998545,1991.9999999998254
2025-11,short,tp,3.822184499999651,0.1018155,3.720368999999651,46446.0,326.9999999999709,3923.9999999996508
2025-11,short,tp,1.1488931000001747,0.0991069,1.0497862000001748,2025.0,104.00000000001455,1248.0000000001746
2025-11,short,tp,3.0132081999996507,0.10079180000000001,2.9124163999996506,41994.0,259.4999999999709,3113.9999999996508
2025-11,short,tp,3.1107162,0.0992838,3.0114324000000003,13283.0,267.5,3210.0
2025-11,short,inv,-0.1446774000000058,0.0970774,-0.24175480000000582,90.0,255.5000000000291,3066.0000000003492
2025-11,long,inv,-0.13050169999999128,0.09690170000000001,-0.2274033999999913,2.0,246.9999999999709,2963.9999999996508
2025-11,short,tp,1.277377699999651,0.09662230000000001,1.180755399999651,4172.0,114.4999999999709,1373.9999999996508
2025-11,short,inv,-0.1343649999999971,0.097165,-0.2315299999999971,496.0,140.99999999998545,1691.9999999998254
2025-11,short,inv,-0.20204900000000584,0.095949,-0.29799800000000587,3017.0,553.0000000000291,6636.000000000349
2025-11,short,inv,-0.13542440000000583,0.0963244,-0.23174880000000583,66079.0,233.0000000000291,2796.0000000003492
2025-11,short,sl,-0.23159259999998544,0.0955926,-0.3271851999999854,114.0,135.99999999998545,1631.9999999998254
2025-11,short,tp,4.516164099999651,0.0978359,4.418328199999651,234910.0,384.4999999999709,4613.999999999651
2025-11,short,inv,-0.14105929999999417,0.0946593,-0.23571859999999417,11.0,255.0,3060.0
2025-11,long,sl,-0.21138230000001457,0.0948823,-0.30626460000001454,3713.0,116.50000000001455,1398.0000000001746
2025-11,short,inv,-0.12054750000000292,0.0957475,-0.2162950000000029,9.0,204.00000000001455,2448.0000000001746
2025-11,long,sl,-0.4298047999999709,0.09530480000000001,-0.5251095999999709,191.0,334.4999999999709,4013.9999999996508
2025-11,short,sl,-0.3292171000000582,0.09071710000000001,-0.4199342000000582,15924.0,238.5000000000582,2862.0000000006985
2025-11,long,sl,-0.27708349999998544,0.0935835,-0.3706669999999854,231.0,183.49999999998545,2201.9999999998254
2025-11,long,inv,-0.1087904,0.0932904,-0.2020808,3.0,104.50000000004366,1254.0000000005239
2025-11,short,sl,-0.2232146,0.09321460000000001,-0.3164292,806.0,130.0,1560.0
2025-11,short,inv,-0.1346747999999971,0.09347480000000001,-0.22814959999999712,2703.0,217.5,2610.0
2025-11,long,inv,-0.11656289999999417,0.09316289999999999,-0.20972579999999416,36.0,120.0,1440.0
2025-11,long,inv,-0.1316151999999971,0.0929152,-0.2245303999999971,179.0,198.0000000000291,2376.0000000003492
2025-11,long,sl,-0.35154939999998547,0.09304939999999999,-0.4445987999999855,3086.0,258.49999999998545,3101.9999999998254
2025-11,short,inv,-0.13682859999998837,0.08952860000000001,-0.22635719999998838,54.0,245.0,2940.0
2025-11,short,inv,-0.1548208,0.09182080000000001,-0.24664160000000002,2.0,448.0000000000291,5376.000000000349
2025-11,long,sl,-0.45525579999998544,0.08925580000000001,-0.5445115999999854,69538.0,365.99999999998545,4391.999999999825
2025-11,short,tp,9.920350199999652,0.0936498,9.826700399999652,315124.0,834.4999999999709,10013.99999999965
2025-11,short,sl,-0.43271999999995636,0.08222,-0.5149399999999563,363.0,350.49999999995634,4205.999999999476
2025-11,long,inv,-0.1399963999999942,0.0820964,-0.2220927999999942,30.0,290.5000000000291,3486.0000000003492
2025-11,long,inv,-0.05668469999999418,0.0827847,-0.1394693999999942,0.0,131.50000000001455,1578.0000000001746
2025-11,short,sl,-0.6319607000000146,0.0829607,-0.7149214000000146,2447.0,549.0000000000146,6588.000000000175
2025-11,long,inv,-0.1414684,0.0834684,-0.2249368,18.0,291.0000000000582,3492.0000000006985
2025-11,short,inv,-0.1144826,0.0849826,-0.1994652,67.0,168.0000000000291,2016.0000000003492
2025-11,long,sl,-0.2565965999999418,0.08509660000000001,-0.3416931999999418,1162.0,171.4999999999418,2057.9999999993015
2025-11,long,sl,-0.29567049999998546,0.08467050000000001,-0.3803409999999855,762.0,210.99999999998545,2531.9999999998254
2025-11,long,inv,-0.14275550000000584,0.08415550000000001,-0.22691100000000586,21.0,371.0000000000582,4452.0000000006985
2025-11,long,sl,-0.2060093999999709,0.0840094,-0.2900187999999709,776.0,121.9999999999709,1463.9999999996508
2025-11,short,inv,-0.1313972999999942,0.08449730000000001,-0.21589459999999422,71.0,234.4999999999709,2813.9999999996508
2025-11,short,sl,-0.21068489999998546,0.08468490000000001,-0.29536979999998547,51481.0,125.99999999998545,1511.9999999998254
2025-11,short,inv,-0.10656709999998837,0.08576710000000001,-0.19233419999998838,65.0,136.9999999999709,1643.9999999996508
2025-11,short,inv,-0.1267785999999942,0.0873786,-0.2141571999999942,32.0,185.99999999998545,2231.9999999998254
2025-11,long,inv,-0.10776050000000291,0.0859605,-0.19372100000000292,135.0,145.99999999998545,1751.9999999998254
2025-11,long,inv,-0.15696980000000293,0.0861698,-0.24313960000000295,45.0,360.99999999998545,4331.999999999825
2025-11,short,inv,-0.10889800000000291,0.088598,-0.1974960000000029,9.0,150.0,1800.0
2025-11,long,inv,-0.13647220000000293,0.0886722,-0.22514440000000294,38.0,253.0000000000291,3036.0000000003492
2025-11,long,sl,-0.6018727999999854,0.0883728,-0.6902455999999855,20406.0,513.4999999999854,6161.999999999825
2025-11,long,inv,-0.1637338999999971,0.0880339,-0.2517677999999971,324.0,563.0000000000291,6756.000000000349
2025-11,short,sl,-0.38819599999995635,0.087696,-0.47589199999995635,2359.0,300.49999999995634,3605.999999999476
2025-11,short,sl,-0.20601329999998547,0.0875133,-0.2935265999999855,511.0,118.49999999998545,1421.9999999998254
2025-11,short,sl,-0.49477599999998545,0.08627599999999999,-0.5810519999999855,203.0,408.49999999998545,4901.999999999825
2025-11,short,inv,-0.08368309999999128,0.08658310000000001,-0.1702661999999913,0.0,105.49999999995634,1265.9999999994761
2025-11,long,inv,-0.1117905000000029,0.0874905,-0.1992810000000029,344.0,112.00000000004366,1344.0000000005239
2025-11,short,inv,-0.0988378,0.08733780000000001,-0.1861756,9.0,103.49999999998545,1241.9999999998254
2025-11,short,inv,-0.13644849999999709,0.0872485,-0.2236969999999971,154.0,245.49999999995634,2945.999999999476
2025-11,short,sl,-0.2606917000000582,0.0871917,-0.3478834000000582,3769.0,173.5000000000582,2082.0000000006985
2025-11,short,tp,1.1181204000003493,0.08787960000000002,1.0302408000003493,28373.0,100.5000000000291,1206.0000000003492
2025-11,short,inv,-0.1425370999999942,0.09013710000000001,-0.23267419999999422,113.0,283.49999999998545,3401.9999999998254
2025-11,long,sl,-0.22647979999998546,0.09047980000000001,-0.31695959999998546,848.0,135.99999999998545,1631.9999999998254
2025-11,long,tp,7.7166564,0.08334360000000002,7.6333128,465179.0,650.0,7800.0
2025-11,long,sl,-0.31001989999998547,0.0915199,-0.40153979999998546,190.0,218.49999999998545,2621.9999999998254
2025-11,long,inv,-0.11361460000000874,0.0912146,-0.20482920000000876,42.0,116.50000000001455,1398.0000000001746
2025-11,short,sl,-0.33424819999995636,0.0912482,-0.42549639999995637,680.0,242.99999999995634,2915.999999999476
2025-11,short,tp,1.7079090000000001,0.092091,1.6158180000000002,5443.0,150.0,1800.0
2025-11,short,sl,-0.34193180000001455,0.0904318,-0.43236360000001456,354.0,251.50000000001455,3018.0000000001746
2025-11,short,eod,1.6155717999999912,0.0920282,1.5235435999999911,201253.0,286.9999999999709,3443.9999999996508
2025-11,short,eod,0.4800084999999942,0.09089150000000001,0.38911699999999416,2915.0,131.9999999999709,1583.9999999996508
2026-02,short,inv,-0.09442229999999419,0.0765223,-0.17094459999999417,11.0,115.49999999995634,1385.9999999994761
2026-02,short,inv,-0.12988550000000001,0.07888550000000001,-0.20877100000000004,81.0,255.99999999998545,3071.9999999998254
2026-02,short,sl,-0.30478899999998543,0.078789,-0.38357799999998543,215.0,225.99999999998545,2711.9999999998254
2026-02,short,sl,-0.19614220000000002,0.07864220000000001,-0.27478440000000004,151.0,117.5,1410.0
2026-02,short,sl,-0.19049190000001456,0.0789919,-0.2694838000000146,25617.0,111.50000000001455,1338.0000000001746
2026-02,short,sl,-0.23495709999998549,0.07895710000000002,-0.3139141999999855,26591.0,155.99999999998545,1871.9999999998254
2026-02,long,sl,-0.3652200000000146,0.07872,-0.4439400000000146,383.0,286.50000000001455,3438.0000000001746
2026-02,long,sl,-0.3752777000000146,0.07877769999999999,-0.4540554000000146,578.0,296.50000000001455,3558.0000000001746
2026-02,short,inv,-0.1176556,0.0776556,-0.19531120000000002,24.0,205.0,2460.0
2026-02,long,sl,-0.4219224000000146,0.0779224,-0.4998448000000146,359.0,344.00000000001455,4128.000000000175
2026-02,long,inv,-0.09827119999999709,0.0755712,-0.1738423999999971,121.0,145.5000000000291,1746.0000000003492
2026-02,long,sl,-0.29923069999998547,0.0757307,-0.37496139999998546,2498.0,223.49999999998545,2681.9999999998254
2026-02,long,sl,-0.24903909999995638,0.07603910000000001,-0.3250781999999564,5981.0,172.99999999995634,2075.999999999476
2026-02,short,sl,-0.2084849,0.0759849,-0.2844698,1969.0,132.5,1590.0
2026-02,long,sl,-0.32261940000001454,0.0761194,-0.39873880000001455,1557.0,246.50000000001455,2958.0000000001746
2026-02,short,sl,-0.2198442999999709,0.0753443,-0.29518859999997094,2012.0,144.4999999999709,1733.9999999996508
2026-02,short,inv,-0.16116109999998837,0.07486110000000001,-0.23602219999998839,750.0,501.4999999999418,6017.9999999993015
2026-02,short,tp,4.0456123999998255,0.07638760000000001,3.9692247999998256,36858.0,343.49999999998545,4121.999999999825
2026-02,long,sl,-0.458623,0.07362300000000001,-0.532246,3808.0,385.0,4620.0
2026-02,short,sl,-0.3083908,0.0733908,-0.38178160000000005,4774.0,235.0,2820.0
2026-02,long,sl,-0.3776730999999709,0.0731731,-0.4508461999999709,1236.0,304.4999999999709,3653.9999999996508
2026-02,short,tp,3.8424517000001748,0.0755483,3.766903400000175,42027.0,326.50000000001455,3918.0000000001746
2026-02,long,inv,-0.1474022999999971,0.07220230000000001,-0.2196045999999971,18.0,381.9999999999709,4583.999999999651
2026-02,short,tp,4.456759900000001,0.07324010000000002,4.383519800000001,49968.0,377.5,4530.0
2026-02,short,sl,-0.7672842000000145,0.0607842,-0.8280684000000145,511.0,706.5000000000146,8478.000000000175
2026-02,short,sl,-0.5180448999999782,0.06154490000000001,-0.5795897999999782,408.0,456.4999999999782,5477.999999999738
2026-02,short,inv,-0.10162509999998837,0.0713251,-0.17295019999998837,74.0,149.4999999999709,1793.9999999996508
2026-02,long,inv,-0.08615269999999708,0.0709527,-0.15710539999999706,3.0,108.49999999998545,1301.9999999998254
2026-02,short,tp,2.142789500000524,0.0712105,2.0715790000005243,21730.0,184.50000000004366,2214.000000000524
2026-02,long,sl,-0.23400010000001456,0.07000010000000001,-0.3040002000000146,1256.0,164.00000000001455,1968.0000000001746
2026-02,long,sl,-0.21465830000001457,0.07065830000000001,-0.2853166000000146,134.0,144.00000000001455,1728.0000000001746
2026-02,long,inv,-0.1020572,0.0700572,-0.1721144,311.0,215.5000000000291,2586.0000000003492
2026-02,short,sl,-0.24074009999998547,0.06974010000000001,-0.3104801999999855,2235.0,170.99999999998545,2051.9999999998254
2026-02,long,sl,-0.22279090000004365,0.07079089999999999,-0.29358180000004364,2795.0,152.00000000004366,1824.0000000005239
2026-02,long,sl,-0.2502584999999709,0.0707585,-0.3210169999999709,549.0,179.4999999999709,2153.9999999996508
2026-02,short,sl,-0.3386044,0.0686044,-0.40720880000000004,27016.0,270.0,3240.0
2026-02,short,sl,-0.2057981999999709,0.06879819999999999,-0.2745963999999709,37268.0,136.9999999999709,1643.9999999996508
2026-02,long,inv,-0.0875617999999971,0.0688618,-0.1564235999999971,574.0,109.4999999999709,1313.9999999996508
2026-02,long,inv,-0.11374719999999999,0.0687472,-0.1824944,5282.0,232.5,2790.0
2026-02,short,sl,-0.2926913999999855,0.06419140000000001,-0.3568827999999855,1157.0,228.49999999998545,2741.9999999998254
2026-02,short,sl,-0.17950370000001453,0.0630037,-0.24250740000001453,47.0,116.50000000001455,1398.0000000001746
2026-02,short,sl,-0.35906259999998547,0.06306260000000001,-0.4221251999999855,1714.0,295.99999999998545,3551.9999999998254
2026-02,short,sl,-0.3887446000000073,0.06424460000000001,-0.4529892000000073,2378.0,324.5000000000073,3894.0000000000873
2026-02,long,tp,3.3867200000000004,0.06328,3.3234400000000006,85698.0,287.5,3450.0
2026-02,long,sl,-0.29442859999995635,0.0689286,-0.36335719999995636,2067.0,225.49999999995634,2705.999999999476
2026-02,short,inv,-0.11774769999999708,0.06804769999999999,-0.18579539999999706,38.0,355.0,4260.0
2026-02,short,inv,-0.08637399999999419,0.06847400000000001,-0.1548479999999942,5.0,100.49999999995634,1205.9999999994761
2026-02,long,sl,-0.23225830000001457,0.06825830000000001,-0.30051660000001457,3845.0,164.00000000001455,1968.0000000001746
2026-02,long,sl,-0.4398772000000145,0.0683772,-0.5082544000000145,4326.0,371.50000000001455,4458.000000000175
2026-02,short,inv,-0.14154079999999708,0.0678408,-0.2093815999999971,24.0,383.0000000000291,4596.000000000349
2026-02,long,inv,-0.11173110000001166,0.06703110000000001,-0.17876220000001167,216.0,272.00000000004366,3264.000000000524
2026-02,long,inv,-0.10537119999999708,0.0676712,-0.1730423999999971,1088.0,230.0,2760.0
2026-02,long,sl,-0.19424609999995635,0.06624610000000002,-0.2604921999999564,48.0,127.99999999995634,1535.9999999994761
2026-02,short,sl,-0.1855958999999709,0.0660959,-0.2516917999999709,99.0,119.4999999999709,1433.9999999996508
2026-02,short,sl,-0.5182782,0.0657782,-0.5840564,4178.0,452.5,5430.0
2026-02,long,sl,-0.2709702999999927,0.06547030000000001,-0.33644059999999276,8677.0,205.49999999999272,2465.9999999999127
2026-02,long,inv,-0.12168330000000582,0.06358330000000001,-0.18526660000000583,943.0,255.0,3060.0
2026-02,short,sl,-0.16765290000001454,0.0636529,-0.23130580000001455,503.0,104.00000000001455,1248.0000000001746
2026-02,short,inv,-0.0855849,0.0640849,-0.14966980000000002,157.0,147.99999999999272,1775.9999999999127
2026-02,long,sl,-0.2200803,0.06508030000000001,-0.2851606,1015.0,155.0,1860.0
2026-02,short,inv,-0.10602070000000874,0.0656207,-0.17164140000000874,22.0,192.5,2310.0
2026-02,short,sl,-0.40298190000004364,0.0659819,-0.4689638000000436,100335.0,337.00000000004366,4044.000000000524
2026-02,short,inv,-0.11124199999999418,0.066842,-0.1780839999999942,171.0,240.99999999998545,2891.9999999998254
2026-02,short,sl,-0.24985769999998544,0.06635769999999999,-0.31621539999998544,273.0,183.49999999998545,2201.9999999998254
2026-02,long,inv,-0.13880589999998835,0.06650589999999999,-0.20531179999998833,212.0,408.49999999998545,4901.999999999825
2026-02,short,inv,-0.11426740000001165,0.0665674,-0.18083480000001165,237.0,296.0000000000582,3552.0000000006985
2026-02,long,sl,-0.3192720999999709,0.06727210000000002,-0.3865441999999709,1887.0,251.9999999999709,3023.9999999996508
2026-02,short,eod,2.012681199999997,0.0690188,1.9436623999999971,265418.0,531.4999999999418,6377.9999999993015
2026-05,short,sl,-0.19960619999998547,0.0786062,-0.2782123999999855,698.0,120.99999999998545,1451.9999999998254
2026-05,short,sl,-0.3563175000000291,0.0783175,-0.4346350000000291,3602.0,278.0000000000291,3336.0000000003492
2026-05,short,sl,-0.21980490000001457,0.0783049,-0.2981098000000146,121.0,141.50000000001455,1698.0000000001746
2026-05,short,inv,-0.10370320000000582,0.0801032,-0.1838064000000058,39.0,131.50000000001455,1578.0000000001746
2026-05,long,sl,-0.19567769999995635,0.0801777,-0.27585539999995634,3552.0,115.49999999995634,1385.9999999994761
2026-05,long,sl,-0.28573179999998544,0.08223180000000001,-0.36796359999998546,3652.0,203.49999999998545,2441.9999999998254
2026-05,short,inv,-0.10293390000001164,0.0812339,-0.18416780000001165,87.0,129.00000000001455,1548.0000000001746
2026-05,long,sl,-0.3815121999999709,0.0820122,-0.46352439999997086,4752.0,299.4999999999709,3593.9999999996508
2026-05,long,inv,-0.14015489999999126,0.08155489999999999,-0.22170979999999124,25625.0,381.50000000001455,4578.000000000175
2026-05,short,sl,-0.1939678999999418,0.07996790000000001,-0.2739357999999418,233.0,113.99999999994179,1367.9999999993015
2026-05,short,tp,1.3467880000001746,0.081212,1.2655760000001746,128155.0,119.00000000001455,1428.0000000001746
2026-05,short,sl,-0.28314999999998547,0.07965000000000001,-0.36279999999998547,13322.0,203.49999999998545,2441.9999999998254
2026-05,long,inv,-0.12529289999999998,0.07979289999999999,-0.20508579999999998,929.0,305.5000000000291,3666.0000000003492
2026-05,long,tp,2.2429216999998256,0.0790783,2.1638433999998257,42891.0,193.49999999998545,2321.9999999998254
2026-05,long,sl,-0.2136668999999709,0.0816669,-0.2953337999999709,369.0,131.9999999999709,1583.9999999996508
2026-05,long,inv,-0.08895969999999127,0.08135970000000001,-0.1703193999999913,0.0,145.0,1740.0
2026-05,long,sl,-0.24795600000001455,0.081456,-0.3294120000000146,2039.0,166.50000000001455,1998.0000000001746
2026-05,long,inv,-0.1004107,0.0804107,-0.18082140000000002,136.0,142.00000000004366,1704.0000000005239
2026-05,long,inv,-0.11504120000000001,0.08054120000000001,-0.19558240000000002,105.0,184.00000000001455,2208.0000000001746
2026-05,long,inv,-0.11402010000000874,0.07912010000000001,-0.19314020000000875,430.0,172.00000000004366,2064.000000000524
2026-05,long,sl,-0.19129520000004366,0.0792952,-0.27059040000004364,715.0,112.00000000004366,1344.0000000005239
2026-05,long,sl,-0.23274799999998547,0.07924800000000001,-0.3119959999999855,7674.0,153.49999999998545,1841.9999999998254
2026-05,short,inv,-0.1368734999999971,0.0781735,-0.2150469999999971,108.0,352.5,4230.0
2026-05,long,sl,-0.32242150000001457,0.07842149999999999,-0.40084300000001455,10719.0,244.00000000001455,2928.0000000001746
2026-05,short,tp,4.934425099999476,0.0815749,4.852850199999477,300981.0,417.99999999995634,5015.999999999476
2026-05,short,sl,-0.26362430000000003,0.0761243,-0.33974860000000007,186.0,187.5,2250.0
2026-05,long,inv,-0.10425789999999999,0.07575789999999999,-0.18001579999999998,255.0,152.5,1830.0
2026-05,short,sl,-0.1948330999999709,0.0753331,-0.2701661999999709,615.0,119.4999999999709,1433.9999999996508
2026-05,short,tp,3.1259849000005238,0.0780151,3.0479698000005238,466038.0,267.00000000004366,3204.000000000524
2026-05,long,inv,-0.0964374,0.0764374,-0.1728748,17.0,104.00000000001455,1248.0000000001746
2026-05,long,inv,-0.11091750000000292,0.0771175,-0.18803500000000292,10.0,230.99999999998545,2771.9999999998254
2026-05,long,sl,-0.18620460000001457,0.07720460000000001,-0.26340920000001455,338.0,109.00000000001455,1308.0000000001746
2026-05,long,sl,-0.1983149000000582,0.07731489999999999,-0.2756298000000582,52.0,121.00000000005821,1452.0000000006985
2026-05,long,inv,-0.09212010000000584,0.07602010000000002,-0.16814020000000585,13.0,175.5000000000291,2106.0000000003492
2026-05,short,inv,-0.09491150000000001,0.0759115,-0.170823,14.0,100.0,1200.0
2026-05,short,tp,3.067126600000524,0.0768734,2.9902532000005237,129658.0,262.00000000004366,3144.000000000524
2026-05,short,inv,-0.136684,0.072684,-0.209368,43.0,297.5,3570.0
2026-05,long,inv,-0.08721869999999128,0.07311870000000001,-0.1603373999999913,59.0,112.5,1350.0
2026-05,short,tp,3.9195375000003496,0.0764625,3.8430750000003497,254461.0,333.0000000000291,3996.0000000003492
2026-05,long,sl,-0.1885881999999709,0.0740882,-0.2626763999999709,177.0,114.4999999999709,1373.9999999996508
2026-05,long,sl,-0.5152706000000146,0.0737706,-0.5890412000000146,10492.0,441.50000000001455,5298.000000000175
2026-05,short,sl,-0.17324050000000002,0.0732405,-0.246481,514.0,100.0,1200.0
2026-05,long,eod,0.08700730000000001,0.0734927,0.013514600000000015,178705.0,388.49999999998545,4661.999999999825
